CUSEC_KEY,CUMUN,NMUN,CPRO,NPRO,POP_2025,district_id
2201901001,22019,Alerre,22,Huesca,224,45
2202001001,22020,Alfántega,22,Huesca,128,36
2202101001,22021,Almudévar,22,Huesca,978,45
2202101002,22021,Almudévar,22,Huesca,1473,54
2202201001,22022,Almunia de San Juan,22,Huesca,737,36
2202301001,22023,Almuniente,22,Huesca,450,9
2202401001,22024,Alquézar,22,Huesca,325,9
2202501001,22025,Altorricón,22,Huesca,1496,63
2202701001,22027,Angüés,22,Huesca,349,9
2202801001,22028,Ansó,22,Huesca,409,10
2202901001,22029,Antillón,22,Huesca,127,9
2203201001,22032,Aragüés del Puerto,22,Huesca,123,10
2203501001,22035,Arén,22,Huesca,307,32
2203601001,22036,Argavieso,22,Huesca,109,9
2203701001,22037,Arguis,22,Huesca,168,45
2203901001,22039,Ayerbe,22,Huesca,1051,45
2204001001,22040,Azanuy-Alins,22,Huesca,184,36
2204101001,22041,Azara,22,Huesca,167,9
2204201001,22042,Azlor,22,Huesca,155,9
2200101001,22001,Abiego,22,Huesca,259,9
2200201001,22002,Abizanda,22,Huesca,161,8
2200301001,22003,Adahuesca,22,Huesca,196,9
2200401001,22004,Agüero,22,Huesca,144,42
2200601001,22006,Aisa,22,Huesca,327,10
2200701001,22007,Albalate de Cinca,22,Huesca,1111,23
2200801001,22008,Albalatillo,22,Huesca,223,28
2200901001,22009,Albelda,22,Huesca,727,63
2201101001,22011,Albero Alto,22,Huesca,123,9
2201201001,22012,Albero Bajo,22,Huesca,109,9
2201301001,22013,Alberuela de Tubo,22,Huesca,270,55
2201401001,22014,Alcalá de Gurrea,22,Huesca,264,45
2201501001,22015,Alcalá del Obispo,22,Huesca,394,9
2201601001,22016,Alcampell,22,Huesca,648,63
2201701001,22017,Alcolea de Cinca,22,Huesca,1138,29
2201801001,22018,Alcubierre,22,Huesca,399,54
2204301001,22043,Baélls,22,Huesca,91,63
2204401001,22044,Bailo,22,Huesca,263,42
2204501001,22045,Baldellou,22,Huesca,81,63
2204601001,22046,Ballobar,22,Huesca,870,23
2204701001,22047,Banastás,22,Huesca,337,45
2204801002,22048,Barbastro,22,Huesca,1815,8
2204801003,22048,Barbastro,22,Huesca,1058,8
2204801004,22048,Barbastro,22,Huesca,1226,32
2204801005,22048,Barbastro,22,Huesca,2405,8
2204801006,22048,Barbastro,22,Huesca,1346,32
2204801007,22048,Barbastro,22,Huesca,1725,52
2204801008,22048,Barbastro,22,Huesca,1275,55
2204801009,22048,Barbastro,22,Huesca,970,52
2204801010,22048,Barbastro,22,Huesca,2626,52
2204801011,22048,Barbastro,22,Huesca,2041,52
2204801012,22048,Barbastro,22,Huesca,1312,32
2204901001,22049,Barbués,22,Huesca,97,9
2205001001,22050,Barbuñales,22,Huesca,93,9
2205101001,22051,Bárcabo,22,Huesca,116,8
2205201001,22052,Belver de Cinca,22,Huesca,1284,23
2205301001,22053,Benabarre,22,Huesca,1146,32
2205401001,22054,Benasque,22,Huesca,2366,1
2205501001,22055,Berbegal,22,Huesca,321,55
2205701001,22057,Bielsa,22,Huesca,478,1
2205801001,22058,Bierge,22,Huesca,241,10
2205901001,22059,Biescas,22,Huesca,1646,10
2206001001,22060,Binaced,22,Huesca,1680,36
2206101001,22061,Binéfar,22,Huesca,2361,36
2206101002,22061,Binéfar,22,Huesca,2507,36
2206101003,22061,Binéfar,22,Huesca,2331,36
2206101004,22061,Binéfar,22,Huesca,2970,36
2206201001,22062,Bisaurri,22,Huesca,176,1
2206301001,22063,Biscarrués,22,Huesca,190,45
2206401001,22064,Blecua y Torres,22,Huesca,175,9
2206601001,22066,Boltaña,22,Huesca,1091,10
2206701001,22067,Bonansa,22,Huesca,85,32
2206801001,22068,Borau,22,Huesca,77,10
2206901001,22069,Broto,22,Huesca,617,10
2207201001,22072,Caldearenas,22,Huesca,222,10
2207401001,22074,Campo,22,Huesca,496,1
2207501001,22075,Camporrélls,22,Huesca,152,63
2207601001,22076,Canal de Berdún,22,Huesca,321,42
2207701001,22077,Candasnos,22,Huesca,475,23
2207801001,22078,Canfranc,22,Huesca,632,10
2207901001,22079,Capdesaso,22,Huesca,192,55
2208001001,22080,Capella,22,Huesca,358,32
2208101001,22081,Casbas de Huesca,22,Huesca,287,9
2208201001,22082,Castejón del Puente,22,Huesca,359,52
2208301001,22083,Castejón de Monegros,22,Huesca,458,55
2208401001,22084,Castejón de Sos,22,Huesca,834,1
2208501001,22085,Castelflorite,22,Huesca,102,29
2208601001,22086,Castiello de Jaca,22,Huesca,280,10
2208701001,22087,Castigaleu,22,Huesca,80,32
2208801001,22088,Castillazuelo,22,Huesca,168,55
2208901001,22089,Castillonroy,22,Huesca,339,63
2209001001,22090,Colungo,22,Huesca,127,8
2209401001,22094,Chalamera,22,Huesca,119,23
2209501001,22095,Chía,22,Huesca,90,1
2209601001,22096,Chimillas,22,Huesca,407,54
2209901001,22099,Esplús,22,Huesca,675,23
2210201001,22102,Estada,22,Huesca,215,32
2210301001,22103,Estadilla,22,Huesca,810,32
2210501001,22105,Estopiñán del Castillo,22,Huesca,146,63
2210601001,22106,Fago,22,Huesca,23,42
2210701001,22107,Fanlo,22,Huesca,113,1
2210901001,22109,Fiscal,22,Huesca,365,10
2211001001,22110,Fonz,22,Huesca,886,32
2211101001,22111,Foradada del Toscar,22,Huesca,163,1
2211201001,22112,Fraga,22,Huesca,1099,23
2211201002,22112,Fraga,22,Huesca,1355,23
2211201003,22112,Fraga,22,Huesca,976,23
2211201004,22112,Fraga,22,Huesca,988,23
2211201005,22112,Fraga,22,Huesca,2342,23
2211201006,22112,Fraga,22,Huesca,1501,23
2211201007,22112,Fraga,22,Huesca,859,23
2211201008,22112,Fraga,22,Huesca,2908,23
2211201009,22112,Fraga,22,Huesca,1590,23
2211201010,22112,Fraga,22,Huesca,1782,23
2211301001,22113,"Fueva, La",22,Huesca,614,8
2211401001,22114,Gistaín,22,Huesca,114,1
2211501001,22115,"Grado, El",22,Huesca,382,8
2211601001,22116,Grañén,22,Huesca,1733,54
2211701001,22117,Graus,22,Huesca,1681,32
2211701002,22117,Graus,22,Huesca,1720,32
2211901001,22119,Gurrea de Gállego,22,Huesca,1429,54
2212201001,22122,Hoz de Jaca,22,Huesca,82,1
2212401001,22124,Huerto,22,Huesca,215,55
2212501001,22125,Huesca,22,Huesca,1783,24
2212501002,22125,Huesca,22,Huesca,1418,24
2212501003,22125,Huesca,22,Huesca,1249,24
2212502001,22125,Huesca,22,Huesca,1543,24
2212502002,22125,Huesca,22,Huesca,1923,24
2212502003,22125,Huesca,22,Huesca,956,24
2212502004,22125,Huesca,22,Huesca,2059,9
2212502005,22125,Huesca,22,Huesca,1458,9
2212502006,22125,Huesca,22,Huesca,1176,45
2212503001,22125,Huesca,22,Huesca,1453,45
2212503002,22125,Huesca,22,Huesca,1141,45
2212503003,22125,Huesca,22,Huesca,1807,45
2212503004,22125,Huesca,22,Huesca,1726,45
2212503005,22125,Huesca,22,Huesca,1544,9
2212503006,22125,Huesca,22,Huesca,2305,9
2212503007,22125,Huesca,22,Huesca,1211,45
2212504001,22125,Huesca,22,Huesca,2305,24
2212504002,22125,Huesca,22,Huesca,1309,24
2212504003,22125,Huesca,22,Huesca,1750,24
2212504004,22125,Huesca,22,Huesca,1568,24
2212505001,22125,Huesca,22,Huesca,2139,54
2212505002,22125,Huesca,22,Huesca,1656,45
2212506001,22125,Huesca,22,Huesca,1788,54
2212506002,22125,Huesca,22,Huesca,778,54
2212506003,22125,Huesca,22,Huesca,1019,54
2212506004,22125,Huesca,22,Huesca,808,54
2212507001,22125,Huesca,22,Huesca,2034,54
2212507002,22125,Huesca,22,Huesca,2583,54
2212507003,22125,Huesca,22,Huesca,1420,45
2212507004,22125,Huesca,22,Huesca,987,45
2212508002,22125,Huesca,22,Huesca,1693,24
2212508003,22125,Huesca,22,Huesca,1068,24
2212508004,22125,Huesca,22,Huesca,2128,45
2212601001,22126,Ibieca,22,Huesca,111,9
2212701001,22127,Igriés,22,Huesca,729,9
2212801001,22128,Ilche,22,Huesca,187,52
2212901001,22129,Isábena,22,Huesca,235,32
2213001001,22130,Jaca,22,Huesca,1461,10
2213001002,22130,Jaca,22,Huesca,1426,10
2213001003,22130,Jaca,22,Huesca,1208,10
2213001004,22130,Jaca,22,Huesca,1641,10
2213001005,22130,Jaca,22,Huesca,1562,10
2213001006,22130,Jaca,22,Huesca,1955,10
2213001007,22130,Jaca,22,Huesca,1954,10
2213001008,22130,Jaca,22,Huesca,2805,10
2213101001,22131,Jasa,22,Huesca,90,10
2213301001,22133,Labuerda,22,Huesca,176,1
2213501001,22135,Laluenga,22,Huesca,201,55
2213601001,22136,Lalueza,22,Huesca,848,55
2213701001,22137,Lanaja,22,Huesca,1141,55
2213901001,22139,Laperdiguera,22,Huesca,87,55
2214101001,22141,Lascellas-Ponzano,22,Huesca,138,9
2214201001,22142,Lascuarre,22,Huesca,139,32
2214301001,22143,Laspaúles,22,Huesca,255,1
2214401001,22144,Laspuña,22,Huesca,279,8
2214901001,22149,Loarre,22,Huesca,357,42
2215001001,22150,Loporzano,22,Huesca,576,9
2215101001,22151,Loscorrales,22,Huesca,98,45
2215501001,22155,Monesma y Cajigar,22,Huesca,68,32
2215601001,22156,Monflorite-Lascasas,22,Huesca,474,9
2215701001,22157,Montanuy,22,Huesca,230,1
2215801001,22158,Monzón,22,Huesca,1741,29
2215801002,22158,Monzón,22,Huesca,1440,29
2215801003,22158,Monzón,22,Huesca,1062,52
2215801004,22158,Monzón,22,Huesca,1912,52
2215801005,22158,Monzón,22,Huesca,1115,52
2215801006,22158,Monzón,22,Huesca,1547,36
2215801007,22158,Monzón,22,Huesca,1134,29
2215801008,22158,Monzón,22,Huesca,1855,29
2215801009,22158,Monzón,22,Huesca,1763,52
2215801010,22158,Monzón,22,Huesca,2213,52
2215801011,22158,Monzón,22,Huesca,2683,29
2216001001,22160,Naval,22,Huesca,279,8
2216201001,22162,Novales,22,Huesca,155,55
2216301001,22163,Nueno,22,Huesca,573,9
2216401001,22164,Olvena,22,Huesca,63,8
2216501001,22165,Ontiñena,22,Huesca,498,29
2216701001,22167,Osso de Cinca,22,Huesca,664,23
2216801001,22168,Palo,22,Huesca,31,8
2217001001,22170,Panticosa,22,Huesca,919,1
2217201001,22172,Peñalba,22,Huesca,685,29
2217301001,22173,"Peñas de Riglos, Las",22,Huesca,263,42
2217401001,22174,Peralta de Alcofea,22,Huesca,573,55
2217501001,22175,Peralta de Calasanz,22,Huesca,205,63
2217601001,22176,Peraltilla,22,Huesca,212,55
2217701001,22177,Perarrúa,22,Huesca,116,8
2217801001,22178,Pertusa,22,Huesca,129,9
2218101001,22181,Piracés,22,Huesca,91,55
2218201001,22182,Plan,22,Huesca,274,1
2218401001,22184,Poleñino,22,Huesca,183,55
2218601001,22186,Pozán de Vero,22,Huesca,227,55
2218701001,22187,"Puebla de Castro, La",22,Huesca,427,8
2218801001,22188,Puente de Montañana,22,Huesca,87,32
2218901001,22189,Puértolas,22,Huesca,219,1
2219001001,22190,"Pueyo de Araguás, El",22,Huesca,178,8
2219301001,22193,Pueyo de Santa Cruz,22,Huesca,333,36
2219501001,22195,Quicena,22,Huesca,391,9
2219701001,22197,Robres,22,Huesca,524,54
2219901001,22199,Sabiñánigo,22,Huesca,1427,1
2219901002,22199,Sabiñánigo,22,Huesca,1593,1
2219901003,22199,Sabiñánigo,22,Huesca,1243,1
2219901004,22199,Sabiñánigo,22,Huesca,1945,1
2219901005,22199,Sabiñánigo,22,Huesca,1200,1
2219901006,22199,Sabiñánigo,22,Huesca,1005,10
2219901007,22199,Sabiñánigo,22,Huesca,1252,1
2220001001,22200,Sahún,22,Huesca,322,1
2220101001,22201,Salas Altas,22,Huesca,297,55
2220201001,22202,Salas Bajas,22,Huesca,184,55
2220301001,22203,Salillas,22,Huesca,93,55
2220401001,22204,Sallent de Gállego,22,Huesca,1540,1
2220501001,22205,San Esteban de Litera,22,Huesca,669,36
2220601001,22206,Sangarrén,22,Huesca,231,9
2220701001,22207,San Juan de Plan,22,Huesca,145,1
2220801001,22208,Santa Cilia,22,Huesca,242,42
2220901001,22209,Santa Cruz de la Serós,22,Huesca,194,42
2221201001,22212,Santaliestra y San Quílez,22,Huesca,78,1
2221301001,22213,Sariñena,22,Huesca,1908,28
2221301002,22213,Sariñena,22,Huesca,1601,28
2221301003,22213,Sariñena,22,Huesca,610,28
2221401001,22214,Secastilla,22,Huesca,142,8
2221501001,22215,Seira,22,Huesca,149,1
2221701001,22217,Sena,22,Huesca,488,28
2221801001,22218,Senés de Alcubierre,22,Huesca,49,9
2222001001,22220,Sesa,22,Huesca,168,55
2222101001,22221,Sesué,22,Huesca,120,1
2222201001,22222,Siétamo,22,Huesca,703,9
2222301001,22223,Sopeira,22,Huesca,86,32
2222501001,22225,Tamarite de Litera,22,Huesca,2004,63
2222501002,22225,Tamarite de Litera,22,Huesca,590,63
2222501003,22225,Tamarite de Litera,22,Huesca,863,63
2222601001,22226,Tardienta,22,Huesca,951,9
2222701001,22227,Tella-Sin,22,Huesca,207,1
2222801001,22228,Tierz,22,Huesca,823,24
2222901001,22229,Tolva,22,Huesca,130,32
2223001001,22230,Torla-Ordesa,22,Huesca,344,1
2223201001,22232,Torralba de Aragón,22,Huesca,102,54
2223301001,22233,Torre la Ribera,22,Huesca,102,32
2223401001,22234,Torrente de Cinca,22,Huesca,1077,29
2223501001,22235,Torres de Alcanadre,22,Huesca,91,55
2223601001,22236,Torres de Barbués,22,Huesca,275,54
2223901001,22239,Tramaced,22,Huesca,108,55
2224201001,22242,Valfarta,22,Huesca,54,28
2224301001,22243,Valle de Bardají,22,Huesca,52,1
2224401001,22244,Valle de Lierp,22,Huesca,52,1
2224501001,22245,Velilla de Cinca,22,Huesca,512,23
2224601001,22246,Beranuy,22,Huesca,67,32
2224701001,22247,Viacamp y Litera,22,Huesca,41,63
2224801001,22248,Vicién,22,Huesca,150,54
2224901001,22249,Villanova,22,Huesca,171,1
2225001001,22250,Villanúa,22,Huesca,569,1
2225101001,22251,Villanueva de Sigena,22,Huesca,342,29
2225201001,22252,Yebra de Basa,22,Huesca,157,1
2225301001,22253,Yésero,22,Huesca,60,1
2225401001,22254,Zaidín,22,Huesca,1833,23
2290101001,22901,Valle de Hecho,22,Huesca,812,42
2290201001,22902,Puente la Reina de Jaca,22,Huesca,270,42
2290301001,22903,San Miguel del Cinca,22,Huesca,777,29
2290401001,22904,"Sotonera, La",22,Huesca,880,45
2290501001,22905,Lupiñén-Ortilla,22,Huesca,356,45
2290601001,22906,Santa María de Dulcis,22,Huesca,205,8
2290701001,22907,Aínsa-Sobrarbe,22,Huesca,2315,8
2290801001,22908,Hoz y Costean,22,Huesca,225,8
2290901001,22909,Vencillón,22,Huesca,402,63
4400101001,44001,Ababuj,44,Teruel,74,16
4400201001,44002,Abejuela,44,Teruel,63,16
4400301001,44003,Aguatón,44,Teruel,18,16
4400401001,44004,Aguaviva,44,Teruel,563,13
4400501001,44005,Aguilar del Alfambra,44,Teruel,84,16
4400601001,44006,Alacón,44,Teruel,204,66
4400701001,44007,Alba,44,Teruel,183,37
4400901001,44009,Albarracín,44,Teruel,1001,37
4401001001,44010,Albentosa,44,Teruel,287,16
4401101001,44011,Alcaine,44,Teruel,38,66
4401201001,44012,Alcalá de la Selva,44,Teruel,381,16
4401301001,44013,Alcañiz,44,Teruel,1002,40
4401302001,44013,Alcañiz,44,Teruel,929,40
4401303001,44013,Alcañiz,44,Teruel,867,40
4401303003,44013,Alcañiz,44,Teruel,886,40
4401303005,44013,Alcañiz,44,Teruel,1897,40
4401304001,44013,Alcañiz,44,Teruel,841,40
4401304002,44013,Alcañiz,44,Teruel,1999,40
4401401001,44014,Alcorisa,44,Teruel,1677,43
4401401002,44014,Alcorisa,44,Teruel,1565,43
4401601001,44016,Alfambra,44,Teruel,485,16
4401701001,44017,Aliaga,44,Teruel,343,16
4401801001,44018,Almohaja,44,Teruel,10,37
4401901001,44019,Alobras,44,Teruel,63,37
4402001001,44020,Alpeñés,44,Teruel,27,37
4402101001,44021,Allepuz,44,Teruel,123,16
4402201001,44022,Alloza,44,Teruel,556,64
4402301001,44023,Allueva,44,Teruel,31,30
4402401001,44024,Anadón,44,Teruel,35,30
4402501002,44025,Andorra,44,Teruel,1701,43
4402601001,44026,Arcos de las Salinas,44,Teruel,105,16
4402701001,44027,Arens de Lledó,44,Teruel,188,13
4402801001,44028,Argente,44,Teruel,204,37
4402901001,44029,Ariño,44,Teruel,608,66
4403101001,44031,Azaila,44,Teruel,94,66
4403201001,44032,Bádenas,44,Teruel,28,30
4403301001,44033,Báguena,44,Teruel,277,30
4403401001,44034,Bañón,44,Teruel,152,30
4403501001,44035,Barrachina,44,Teruel,113,30
4403601001,44036,Bea,44,Teruel,30,30
4403701001,44037,Beceite,44,Teruel,574,13
4403801001,44038,Belmonte de San José,44,Teruel,114,13
4403901001,44039,Bello,44,Teruel,203,37
4404001001,44040,Berge,44,Teruel,220,13
4404101001,44041,Bezas,44,Teruel,73,37
4404201001,44042,Blancas,44,Teruel,132,37
4404301001,44043,Blesa,44,Teruel,74,66
4404401001,44044,Bordón,44,Teruel,116,13
4404501001,44045,Bronchales,44,Teruel,475,37
4404601001,44046,Bueña,44,Teruel,65,16
4404701001,44047,Burbáguena,44,Teruel,397,30
4404801001,44048,Cabra de Mora,44,Teruel,66,16
4404901001,44049,Calaceite,44,Teruel,961,13
4405001003,44050,Calamocha,44,Teruel,566,30
4405101001,44051,Calanda,44,Teruel,942,13
4405101002,44051,Calanda,44,Teruel,1546,13
4405101003,44051,Calanda,44,Teruel,1315,13
4405201001,44052,Calomarde,44,Teruel,76,37
4405301001,44053,Camañas,44,Teruel,136,16
4405401001,44054,Camarena de la Sierra,44,Teruel,139,16
4405501001,44055,Camarillas,44,Teruel,100,16
4405601001,44056,Caminreal,44,Teruel,608,37
4405901001,44059,Cantavieja,44,Teruel,727,16
4406001001,44060,Cañada de Benatanduz,44,Teruel,40,16
4406101001,44061,"Cañada de Verich, La",44,Teruel,72,13
4406201001,44062,Cañada Vellida,44,Teruel,36,16
4406301001,44063,Cañizar del Olivar,44,Teruel,112,64
4406401001,44064,Cascante del Río,44,Teruel,73,16
4406501001,44065,Castejón de Tornos,44,Teruel,66,30
4406601001,44066,Castel de Cabra,44,Teruel,79,64
4406701001,44067,Castelnou,44,Teruel,92,28
4406801001,44068,Castelserás,44,Teruel,804,13
4407001001,44070,"Castellar, El",44,Teruel,54,16
4407101001,44071,Castellote,44,Teruel,666,13
4407401001,44074,Cedrillas,44,Teruel,656,16
4407501001,44075,Celadas,44,Teruel,335,16
4407601001,44076,Cella,44,Teruel,1173,37
4407601002,44076,Cella,44,Teruel,1521,37
4407701001,44077,"Cerollera, La",44,Teruel,78,13
4408001001,44080,"Codoñera, La",44,Teruel,313,13
4408201001,44082,Corbalán,44,Teruel,118,16
4408401001,44084,Cortes de Aragón,44,Teruel,62,64
4408501001,44085,Cosa,44,Teruel,63,37
4408601001,44086,Cretas,44,Teruel,558,13
4408701001,44087,Crivillén,44,Teruel,91,64
4408801001,44088,"Cuba, La",44,Teruel,53,16
4408901001,44089,Cubla,44,Teruel,57,16
4409001001,44090,Cucalón,44,Teruel,78,30
4409201001,44092,"Cuervo, El",44,Teruel,87,37
4409301001,44093,Cuevas de Almudén,44,Teruel,119,16
4409401001,44094,Cuevas Labradas,44,Teruel,126,16
4409601001,44096,Ejulve,44,Teruel,177,13
4409701001,44097,Escorihuela,44,Teruel,130,16
4409901001,44099,Escucha,44,Teruel,797,64
4410001001,44100,Estercuel,44,Teruel,201,64
4410101001,44101,Ferreruela de Huerva,44,Teruel,79,30
4410201001,44102,Fonfría,44,Teruel,35,30
4410301001,44103,Formiche Alto,44,Teruel,158,16
4410501001,44105,Fórnoles,44,Teruel,75,13
4410601001,44106,Fortanete,44,Teruel,194,16
4410701001,44107,Foz-Calanda,44,Teruel,280,13
4410801001,44108,"Fresneda, La",44,Teruel,460,13
4410901001,44109,Frías de Albarracín,44,Teruel,109,37
4411001001,44110,Fuenferrada,44,Teruel,38,37
4411101001,44111,Fuentes Calientes,44,Teruel,89,16
4411201001,44112,Fuentes Claras,44,Teruel,427,37
4411301001,44113,Fuentes de Rubielos,44,Teruel,146,16
4411401001,44114,Fuentespalda,44,Teruel,306,13
4411501001,44115,Galve,44,Teruel,148,16
4411601001,44116,Gargallo,44,Teruel,87,64
4411701001,44117,Gea de Albarracín,44,Teruel,458,37
4411801001,44118,"Ginebrosa, La",44,Teruel,188,13
4411901001,44119,Griegos,44,Teruel,152,37
4412001001,44120,Guadalaviar,44,Teruel,240,37
4412101001,44121,Gúdar,44,Teruel,73,16
4412201001,44122,Híjar,44,Teruel,765,66
4412301001,44123,Hinojosa de Jarque,44,Teruel,104,16
4412401001,44124,"Hoz de la Vieja, La",44,Teruel,85,64
4412501001,44125,Huesa del Común,44,Teruel,55,30
4412601001,44126,"Iglesuela del Cid, La",44,Teruel,356,16
4412701001,44127,Jabaloyas,44,Teruel,66,37
4412801001,44128,Jarque de la Val,44,Teruel,66,16
4412901001,44129,Jatiel,44,Teruel,48,28
4413001001,44130,Jorcas,44,Teruel,42,16
4413101001,44131,Josa,44,Teruel,34,64
4413201001,44132,Lagueruela,44,Teruel,71,30
4413301001,44133,Lanzuela,44,Teruel,24,30
4413501001,44135,Libros,44,Teruel,102,16
4413601001,44136,Lidón,44,Teruel,56,37
4413701001,44137,Linares de Mora,44,Teruel,243,16
4413801001,44138,Loscos,44,Teruel,121,30
4414101001,44141,Lledó,44,Teruel,164,13
4414201001,44142,Maicas,44,Teruel,35,64
4414301001,44143,Manzanera,44,Teruel,530,16
4414401001,44144,Martín del Río,44,Teruel,367,37
4414501001,44145,Mas de las Matas,44,Teruel,1226,13
4414601001,44146,"Mata de los Olmos, La",44,Teruel,261,64
4414701001,44147,Mazaleón,44,Teruel,472,40
4414801001,44148,Mezquita de Jarque,44,Teruel,83,16
4414901001,44149,Mirambel,44,Teruel,110,16
4415001001,44150,Miravete de la Sierra,44,Teruel,31,16
4415101001,44151,Molinos,44,Teruel,233,13
4415201001,44152,Monforte de Moyuela,44,Teruel,83,66
4415301001,44153,Monreal del Campo,44,Teruel,1363,37
4415301002,44153,Monreal del Campo,44,Teruel,1217,16
4415401001,44154,Monroyo,44,Teruel,327,13
4415501001,44155,Montalbán,44,Teruel,1161,64
4415601001,44156,Monteagudo del Castillo,44,Teruel,42,16
4415701001,44157,Monterde de Albarracín,44,Teruel,62,37
4415801001,44158,Mora de Rubielos,44,Teruel,1755,16
4415901001,44159,Moscardón,44,Teruel,63,37
4416001001,44160,Mosqueruela,44,Teruel,562,16
4416101001,44161,Muniesa,44,Teruel,580,66
4416301001,44163,Noguera de Albarracín,44,Teruel,131,37
4416401001,44164,Nogueras,44,Teruel,36,30
4416501001,44165,Nogueruelas,44,Teruel,188,16
4416701001,44167,Obón,44,Teruel,34,64
4416801001,44168,Odón,44,Teruel,194,30
4416901001,44169,Ojos Negros,44,Teruel,321,37
4417101001,44171,Olba,44,Teruel,286,16
4417201001,44172,Oliete,44,Teruel,354,66
4417301001,44173,"Olmos, Los",44,Teruel,113,13
4417401001,44174,Orihuela del Tremedal,44,Teruel,450,37
4417501001,44175,Orrios,44,Teruel,114,16
4417601001,44176,Palomar de Arroyos,44,Teruel,166,16
4417701001,44177,Pancrudo,44,Teruel,118,37
4417801001,44178,"Parras de Castellote, Las",44,Teruel,57,13
4417901001,44179,Peñarroya de Tastavins,44,Teruel,470,13
4418001001,44180,Peracense,44,Teruel,67,37
4418101001,44181,Peralejos,44,Teruel,91,16
4418201001,44182,Perales del Alfambra,44,Teruel,291,16
4418301001,44183,Pitarque,44,Teruel,61,16
4418401001,44184,Plou,44,Teruel,43,64
4418501001,44185,"Pobo, El",44,Teruel,97,16
4418701001,44187,"Portellada, La",44,Teruel,250,13
4418901001,44189,Pozondón,44,Teruel,53,37
4419001001,44190,Pozuel del Campo,44,Teruel,76,37
4419101001,44191,"Puebla de Híjar, La",44,Teruel,934,28
4419201001,44192,"Puebla de Valverde, La",44,Teruel,483,16
4419301001,44193,Puertomingalvo,44,Teruel,135,16
4419401001,44194,Ráfales,44,Teruel,147,13
4419501001,44195,Rillo,44,Teruel,94,37
4419601001,44196,Riodeva,44,Teruel,113,16
4419701001,44197,Ródenas,44,Teruel,57,37
4419801001,44198,Royuela,44,Teruel,228,37
4419901001,44199,Rubiales,44,Teruel,43,37
4420001001,44200,Rubielos de la Cérida,44,Teruel,20,37
4420101001,44201,Rubielos de Mora,44,Teruel,610,16
4420301001,44203,Salcedillo,44,Teruel,14,30
4420401001,44204,Saldón,44,Teruel,32,37
4420501001,44205,Samper de Calanda,44,Teruel,733,66
4420601001,44206,San Agustín,44,Teruel,131,16
4420701001,44207,San Martín del Río,44,Teruel,137,30
4420801001,44208,Santa Cruz de Nogueras,44,Teruel,25,30
4420901001,44209,Santa Eulalia,44,Teruel,1004,37
4421001001,44210,Sarrión,44,Teruel,1260,16
4421101001,44211,Segura de los Baños,44,Teruel,55,64
4421201001,44212,Seno,44,Teruel,39,13
4421301001,44213,Singra,44,Teruel,76,16
4421501001,44215,Terriente,44,Teruel,194,37
4421601001,44216,Teruel,44,Teruel,1703,37
4421601002,44216,Teruel,44,Teruel,1915,16
4421602001,44216,Teruel,44,Teruel,2005,37
4421602002,44216,Teruel,44,Teruel,1030,37
4421602003,44216,Teruel,44,Teruel,1534,16
4421602004,44216,Teruel,44,Teruel,1499,16
4421602005,44216,Teruel,44,Teruel,1503,37
4421602006,44216,Teruel,44,Teruel,2120,16
4421602007,44216,Teruel,44,Teruel,1054,37
4421603001,44216,Teruel,44,Teruel,1460,37
4421603002,44216,Teruel,44,Teruel,1861,16
4421603003,44216,Teruel,44,Teruel,1478,16
4421603004,44216,Teruel,44,Teruel,1606,37
4421603005,44216,Teruel,44,Teruel,1715,16
4421603006,44216,Teruel,44,Teruel,1919,16
4421603007,44216,Teruel,44,Teruel,1508,16
4421603008,44216,Teruel,44,Teruel,2333,16
4421603009,44216,Teruel,44,Teruel,1696,37
4421603010,44216,Teruel,44,Teruel,1914,37
4421603011,44216,Teruel,44,Teruel,1414,37
4421603012,44216,Teruel,44,Teruel,1069,16
4421604001,44216,Teruel,44,Teruel,2185,37
4421701001,44217,Toril y Masegoso,44,Teruel,30,37
4421801001,44218,Tormón,44,Teruel,28,37
4421901001,44219,Tornos,44,Teruel,174,30
4422001001,44220,Torralba de los Sisones,44,Teruel,145,30
4422101001,44221,Torrecilla de Alcañiz,44,Teruel,440,13
4422201001,44222,Torrecilla del Rebollar,44,Teruel,115,30
4422301001,44223,Torre de Arcas,44,Teruel,76,13
4422401001,44224,Torre de las Arcas,44,Teruel,19,64
4422501001,44225,Torre del Compte,44,Teruel,118,13
4422601001,44226,Torrelacárcel,44,Teruel,130,37
4422701001,44227,Torre los Negros,44,Teruel,77,37
4422801001,44228,Torremocha de Jiloca,44,Teruel,117,37
4422901001,44229,Torres de Albarracín,44,Teruel,184,37
4423001001,44230,Torrevelilla,44,Teruel,161,13
4423101001,44231,Torrijas,44,Teruel,36,16
4423201001,44232,Torrijo del Campo,44,Teruel,509,30
4423401001,44234,Tramacastiel,44,Teruel,62,37
4423501001,44235,Tramacastilla,44,Teruel,134,37
4423601001,44236,Tronchón,44,Teruel,56,13
4423701001,44237,Urrea de Gaén,44,Teruel,452,66
4423801001,44238,Utrillas,44,Teruel,794,37
4423802001,44238,Utrillas,44,Teruel,697,37
4423802002,44238,Utrillas,44,Teruel,792,37
4423802003,44238,Utrillas,44,Teruel,790,37
4423901001,44239,Valacloche,44,Teruel,33,16
4424001001,44240,Valbona,44,Teruel,187,16
4424101001,44241,Valdealgorfa,44,Teruel,582,13
4424301001,44243,Valdecuenca,44,Teruel,33,37
4424401001,44244,Valdelinares,44,Teruel,82,16
4424501001,44245,Valdeltormo,44,Teruel,304,40
4424601001,44246,Valderrobres,44,Teruel,2537,13
4424701001,44247,Valjunquera,44,Teruel,336,40
4424901001,44249,"Vallecillo, El",44,Teruel,40,37
4425001001,44250,Veguillas de la Sierra,44,Teruel,27,37
4425101001,44251,Villafranca del Campo,44,Teruel,290,37
4425201001,44252,Villahermosa del Campo,44,Teruel,93,30
4425601001,44256,Villanueva del Rebollar de la Sierra,44,Teruel,49,30
4425701001,44257,Villar del Cobo,44,Teruel,163,37
4425801001,44258,Villar del Salz,44,Teruel,59,37
4426001001,44260,Villarluengo,44,Teruel,157,16
4426101001,44261,Villarquemado,44,Teruel,900,37
4426201001,44262,Villarroya de los Pinares,44,Teruel,160,16
4426301001,44263,Villastar,44,Teruel,566,16
4426401001,44264,Villel,44,Teruel,338,37
4426501001,44265,Vinaceite,44,Teruel,180,66
4426601001,44266,Visiedo,44,Teruel,133,37
4426701001,44267,Vivel del Río Martín,44,Teruel,63,37
4426801001,44268,"Zoma, La",44,Teruel,28,64
5000101001,50001,Abanto,50,Zaragoza,78,30
5000201001,50002,Acered,50,Zaragoza,134,30
5000301001,50003,Agón,50,Zaragoza,135,59
5000401001,50004,Aguarón,50,Zaragoza,604,7
5000501001,50005,Aguilón,50,Zaragoza,267,17
5000601001,50006,Ainzón,50,Zaragoza,1037,59
5000701001,50007,Aladrén,50,Zaragoza,62,30
5000801001,50008,Alagón,50,Zaragoza,1175,22
5000801004,50008,Alagón,50,Zaragoza,1894,22
5000901001,50009,Alarba,50,Zaragoza,91,30
5001001001,50010,Alberite de San Juan,50,Zaragoza,78,59
5001101001,50011,Albeta,50,Zaragoza,139,59
5001201001,50012,Alborge,50,Zaragoza,104,28
5001301001,50013,Alcalá de Ebro,50,Zaragoza,245,22
5001401001,50014,Alcalá de Moncayo,50,Zaragoza,147,59
5001501001,50015,Alconchel de Ariza,50,Zaragoza,79,30
5001601001,50016,Aldehuela de Liestos,50,Zaragoza,48,30
5001701001,50017,Alfajarín,50,Zaragoza,2420,50
5001801001,50018,Alfamén,50,Zaragoza,1463,39
5001901001,50019,Alforque,50,Zaragoza,57,28
5002001001,50020,Alhama de Aragón,50,Zaragoza,918,26
5002101001,50021,Almochuel,50,Zaragoza,22,66
5002201001,50022,"Almolda, La",50,Zaragoza,522,55
5002301001,50023,Almonacid de la Cuba,50,Zaragoza,220,17
5002401001,50024,Almonacid de la Sierra,50,Zaragoza,764,7
5002501001,50025,"Almunia de Doña Godina, La",50,Zaragoza,2605,39
5002501002,50025,"Almunia de Doña Godina, La",50,Zaragoza,3207,7
5002502001,50025,"Almunia de Doña Godina, La",50,Zaragoza,2232,7
5002601001,50026,Alpartir,50,Zaragoza,605,7
5002701001,50027,Ambel,50,Zaragoza,253,59
5002801001,50028,Anento,50,Zaragoza,121,30
5002901001,50029,Aniñón,50,Zaragoza,676,59
5003001001,50030,Añón de Moncayo,50,Zaragoza,208,59
5003101001,50031,Aranda de Moncayo,50,Zaragoza,110,59
5003201001,50032,Arándiga,50,Zaragoza,278,7
5003301001,50033,Ardisa,50,Zaragoza,74,42
5003401001,50034,Ariza,50,Zaragoza,1089,30
5003501001,50035,Artieda,50,Zaragoza,90,65
5003601001,50036,Asín,50,Zaragoza,86,65
5003701001,50037,Atea,50,Zaragoza,143,30
5003801001,50038,Ateca,50,Zaragoza,1784,26
5003901001,50039,Azuara,50,Zaragoza,550,17
5004001001,50040,Badules,50,Zaragoza,82,30
5004101001,50041,Bagüés,50,Zaragoza,16,42
5004201001,50042,Balconchán,50,Zaragoza,19,30
5004301001,50043,Bárboles,50,Zaragoza,277,22
5004401001,50044,Bardallur,50,Zaragoza,240,22
5004501001,50045,Belchite,50,Zaragoza,824,66
5004501002,50045,Belchite,50,Zaragoza,673,66
5004601001,50046,Belmonte de Gracián,50,Zaragoza,184,7
5004701001,50047,Berdejo,50,Zaragoza,40,59
5004801001,50048,Berrueco,50,Zaragoza,32,30
5005001001,50050,Bijuesca,50,Zaragoza,95,59
5005101001,50051,Biota,50,Zaragoza,830,65
5005201001,50052,Bisimbre,50,Zaragoza,98,59
5005301001,50053,Boquiñeni,50,Zaragoza,748,22
5005401001,50054,Bordalba,50,Zaragoza,47,30
5005501001,50055,Borja,50,Zaragoza,2733,59
5005502001,50055,Borja,50,Zaragoza,2459,59
5005601001,50056,Botorrita,50,Zaragoza,589,17
5005701001,50057,Brea de Aragón,50,Zaragoza,1519,7
5005801001,50058,Bubierca,50,Zaragoza,66,26
5005901001,50059,Bujaraloz,50,Zaragoza,944,28
5006001001,50060,Bulbuente,50,Zaragoza,249,59
5006101001,50061,Bureta,50,Zaragoza,208,59
5006301001,50063,"Buste, El",50,Zaragoza,60,59
5006401001,50064,Cabañas de Ebro,50,Zaragoza,476,22
5006501001,50065,Cabolafuente,50,Zaragoza,50,30
5006601001,50066,Cadrete,50,Zaragoza,2540,17
5006601002,50066,Cadrete,50,Zaragoza,2124,49
5006701001,50067,Calatayud,50,Zaragoza,1719,26
5006701002,50067,Calatayud,50,Zaragoza,1331,26
5006701003,50067,Calatayud,50,Zaragoza,1498,26
5006701004,50067,Calatayud,50,Zaragoza,2209,26
5006701005,50067,Calatayud,50,Zaragoza,1765,26
5006701006,50067,Calatayud,50,Zaragoza,1641,26
5006702001,50067,Calatayud,50,Zaragoza,1518,26
5006702002,50067,Calatayud,50,Zaragoza,1391,26
5006702003,50067,Calatayud,50,Zaragoza,1207,59
5006702004,50067,Calatayud,50,Zaragoza,1094,59
5006702005,50067,Calatayud,50,Zaragoza,1589,59
5006703001,50067,Calatayud,50,Zaragoza,915,26
5006703002,50067,Calatayud,50,Zaragoza,1062,59
5006704001,50067,Calatayud,50,Zaragoza,1213,59
5006801001,50068,Calatorao,50,Zaragoza,1150,39
5006801002,50068,Calatorao,50,Zaragoza,1810,39
5006901001,50069,Calcena,50,Zaragoza,65,59
5007001001,50070,Calmarza,50,Zaragoza,57,30
5007101001,50071,Campillo de Aragón,50,Zaragoza,114,30
5007201001,50072,Carenas,50,Zaragoza,170,30
5007301001,50073,Cariñena,50,Zaragoza,2498,7
5007302001,50073,Cariñena,50,Zaragoza,1103,7
5007401001,50074,Caspe,50,Zaragoza,1767,28
5007402001,50074,Caspe,50,Zaragoza,1516,28
5007403001,50074,Caspe,50,Zaragoza,1997,28
5007403002,50074,Caspe,50,Zaragoza,1521,28
5007404001,50074,Caspe,50,Zaragoza,1384,28
5007404002,50074,Caspe,50,Zaragoza,2220,29
5007501001,50075,Castejón de Alarba,50,Zaragoza,74,30
5007601001,50076,Castejón de las Armas,50,Zaragoza,88,30
5007701001,50077,Castejón de Valdejasa,50,Zaragoza,188,65
5007801001,50078,Castiliscar,50,Zaragoza,220,42
5007901001,50079,Cervera de la Cañada,50,Zaragoza,263,59
5008001001,50080,Cerveruela,50,Zaragoza,38,30
5008101001,50081,Cetina,50,Zaragoza,536,30
5008201001,50082,Cimballa,50,Zaragoza,71,30
5008301001,50083,Cinco Olivas,50,Zaragoza,97,28
5008401001,50084,Clarés de Ribota,50,Zaragoza,73,59
5008501001,50085,Codo,50,Zaragoza,204,66
5008601001,50086,Codos,50,Zaragoza,241,7
5008701001,50087,Contamina,50,Zaragoza,34,30
5008801001,50088,Cosuenda,50,Zaragoza,343,39
5008901001,50089,Cuarte de Huerva,50,Zaragoza,2211,49
5008901003,50089,Cuarte de Huerva,50,Zaragoza,2498,33
5008901005,50089,Cuarte de Huerva,50,Zaragoza,2170,49
5008901006,50089,Cuarte de Huerva,50,Zaragoza,2555,49
5009001001,50090,Cubel,50,Zaragoza,145,30
5009101001,50091,"Cuerlas, Las",50,Zaragoza,44,30
5009201001,50092,Chiprana,50,Zaragoza,505,66
5009301001,50093,Chodes,50,Zaragoza,98,7
5009401001,50094,Daroca,50,Zaragoza,943,30
5009402001,50094,Daroca,50,Zaragoza,957,30
5009501001,50095,Ejea de los Caballeros,50,Zaragoza,1553,65
5009501002,50095,Ejea de los Caballeros,50,Zaragoza,1541,65
5009501004,50095,Ejea de los Caballeros,50,Zaragoza,1217,65
5009501005,50095,Ejea de los Caballeros,50,Zaragoza,1295,65
5009501007,50095,Ejea de los Caballeros,50,Zaragoza,1388,65
5009502002,50095,Ejea de los Caballeros,50,Zaragoza,1330,65
5009502003,50095,Ejea de los Caballeros,50,Zaragoza,1561,42
5009502004,50095,Ejea de los Caballeros,50,Zaragoza,1386,65
5009502006,50095,Ejea de los Caballeros,50,Zaragoza,1289,42
5009502007,50095,Ejea de los Caballeros,50,Zaragoza,1261,42
5009502008,50095,Ejea de los Caballeros,50,Zaragoza,1763,42
5009601001,50096,Embid de Ariza,50,Zaragoza,28,30
5009801001,50098,Encinacorba,50,Zaragoza,175,7
5009901001,50099,Épila,50,Zaragoza,1280,39
5009901002,50099,Épila,50,Zaragoza,995,39
5009902001,50099,Épila,50,Zaragoza,1361,39
5009903001,50099,Épila,50,Zaragoza,1060,39
5010001001,50100,Erla,50,Zaragoza,372,65
5010101001,50101,Escatrón,50,Zaragoza,1191,66
5010201001,50102,Fabara,50,Zaragoza,1062,40
5010401001,50104,Farlete,50,Zaragoza,374,50
5010501001,50105,Fayón,50,Zaragoza,450,29
5010601001,50106,"Fayos, Los",50,Zaragoza,134,59
5010701001,50107,Figueruelas,50,Zaragoza,1310,22
5010801001,50108,Fombuena,50,Zaragoza,59,30
5010901001,50109,"Frago, El",50,Zaragoza,129,65
5011001001,50110,"Frasno, El",50,Zaragoza,370,7
5011101001,50111,Fréscano,50,Zaragoza,197,59
5011301001,50113,Fuendejalón,50,Zaragoza,795,59
5011401001,50114,Fuendetodos,50,Zaragoza,130,17
5011501001,50115,Fuentes de Ebro,50,Zaragoza,2651,50
5011501002,50115,Fuentes de Ebro,50,Zaragoza,2023,50
5011601001,50116,Fuentes de Jiloca,50,Zaragoza,203,30
5011701001,50117,Gallocanta,50,Zaragoza,128,30
5011801001,50118,Gallur,50,Zaragoza,1469,22
5011802001,50118,Gallur,50,Zaragoza,1179,22
5011901001,50119,Gelsa,50,Zaragoza,998,55
5012001001,50120,Godojos,50,Zaragoza,55,30
5012101001,50121,Gotor,50,Zaragoza,316,39
5012201001,50122,Grisel,50,Zaragoza,101,59
5012301001,50123,Grisén,50,Zaragoza,626,22
5012401001,50124,Herrera de los Navarros,50,Zaragoza,495,17
5012501001,50125,Ibdes,50,Zaragoza,355,30
5012601001,50126,Illueca,50,Zaragoza,1317,39
5012601002,50126,Illueca,50,Zaragoza,1459,7
5012801001,50128,Isuerre,50,Zaragoza,32,65
5012901001,50129,Jaraba,50,Zaragoza,292,30
5013001001,50130,Jarque de Moncayo,50,Zaragoza,375,59
5013101001,50131,Jaulín,50,Zaragoza,305,17
5013201001,50132,"Joyosa, La",50,Zaragoza,1150,22
5013301001,50133,Lagata,50,Zaragoza,113,17
5013401001,50134,Langa del Castillo,50,Zaragoza,110,7
5013501001,50135,Layana,50,Zaragoza,94,65
5013601001,50136,Lécera,50,Zaragoza,581,66
5013701001,50137,Leciñena,50,Zaragoza,1087,54
5013801001,50138,Lechón,50,Zaragoza,39,30
5013901001,50139,Letux,50,Zaragoza,353,17
5014001001,50140,Litago,50,Zaragoza,172,59
5014101001,50141,Lituénigo,50,Zaragoza,121,59
5014201001,50142,Lobera de Onsella,50,Zaragoza,28,65
5014301001,50143,Longares,50,Zaragoza,805,39
5014401001,50144,Longás,50,Zaragoza,45,65
5014601001,50146,Lucena de Jalón,50,Zaragoza,226,39
5014701001,50147,Luceni,50,Zaragoza,1002,22
5014801001,50148,Luesia,50,Zaragoza,332,65
5014901001,50149,Luesma,50,Zaragoza,43,30
5015001001,50150,Lumpiaque,50,Zaragoza,889,39
5015101001,50151,Luna,50,Zaragoza,675,42
5015201001,50152,Maella,50,Zaragoza,1068,40
5015202001,50152,Maella,50,Zaragoza,1075,40
5015301001,50153,Magallón,50,Zaragoza,1102,59
5015401001,50154,Mainar,50,Zaragoza,162,7
5015501001,50155,Malanquilla,50,Zaragoza,71,59
5015601001,50156,Maleján,50,Zaragoza,282,59
5015701001,50157,Malón,50,Zaragoza,472,59
5015901001,50159,Maluenda,50,Zaragoza,896,30
5016001001,50160,Mallén,50,Zaragoza,859,22
5016002001,50160,Mallén,50,Zaragoza,2200,22
5016101001,50161,Manchones,50,Zaragoza,92,30
5016201001,50162,Mara,50,Zaragoza,161,30
5016301002,50163,María de Huerva,50,Zaragoza,1955,17
5016301003,50163,María de Huerva,50,Zaragoza,1721,17
5016401001,50164,Mediana de Aragón,50,Zaragoza,469,66
5016501001,50165,Mequinenza,50,Zaragoza,1257,29
5016502001,50165,Mequinenza,50,Zaragoza,982,29
5016601001,50166,Mesones de Isuela,50,Zaragoza,271,39
5016701001,50167,Mezalocha,50,Zaragoza,197,17
5016801001,50168,Mianos,50,Zaragoza,25,65
5016901001,50169,Miedes de Aragón,50,Zaragoza,412,7
5017001001,50170,Monegrillo,50,Zaragoza,378,55
5017101001,50171,Moneva,50,Zaragoza,107,66
5017201001,50172,Monreal de Ariza,50,Zaragoza,175,30
5017301001,50173,Monterde,50,Zaragoza,144,30
5017401001,50174,Montón,50,Zaragoza,88,30
5017501001,50175,Morata de Jalón,50,Zaragoza,1102,7
5017601001,50176,Morata de Jiloca,50,Zaragoza,266,30
5017701001,50177,Morés,50,Zaragoza,305,7
5017801001,50178,Moros,50,Zaragoza,275,26
5017901001,50179,Moyuela,50,Zaragoza,223,66
5018001001,50180,Mozota,50,Zaragoza,131,17
5018101001,50181,Muel,50,Zaragoza,1554,17
5018201001,50182,"Muela, La",50,Zaragoza,2635,17
5018201002,50182,"Muela, La",50,Zaragoza,2533,17
5018201003,50182,"Muela, La",50,Zaragoza,1557,17
5018301001,50183,Munébrega,50,Zaragoza,357,30
5018401001,50184,Murero,50,Zaragoza,85,30
5018501001,50185,Murillo de Gállego,50,Zaragoza,197,42
5018601001,50186,Navardún,50,Zaragoza,35,65
5018701001,50187,Nigüella,50,Zaragoza,58,39
5018801001,50188,Nombrevilla,50,Zaragoza,40,30
5018901001,50189,Nonaspe,50,Zaragoza,1005,40
5019001001,50190,Novallas,50,Zaragoza,859,59
5019101001,50191,Novillas,50,Zaragoza,508,65
5019201001,50192,Nuévalos,50,Zaragoza,325,30
5019301001,50193,Nuez de Ebro,50,Zaragoza,888,50
5019401001,50194,Olvés,50,Zaragoza,108,30
5019501001,50195,Orcajo,50,Zaragoza,65,30
5019601001,50196,Orera,50,Zaragoza,103,7
5019701001,50197,Orés,50,Zaragoza,71,65
5019801001,50198,Oseja,50,Zaragoza,42,59
5019901001,50199,Osera de Ebro,50,Zaragoza,444,55
5020001001,50200,Paniza,50,Zaragoza,570,30
5020101001,50201,Paracuellos de Jiloca,50,Zaragoza,612,26
5020201001,50202,Paracuellos de la Ribera,50,Zaragoza,111,7
5020301001,50203,Pastriz,50,Zaragoza,1321,41
5020401001,50204,Pedrola,50,Zaragoza,1375,39
5020401002,50204,Pedrola,50,Zaragoza,2468,39
5020501001,50205,"Pedrosas, Las",50,Zaragoza,118,42
5020601001,50206,Perdiguera,50,Zaragoza,557,50
5020701001,50207,Piedratajada,50,Zaragoza,97,42
5020801001,50208,Pina de Ebro,50,Zaragoza,820,55
5020801002,50208,Pina de Ebro,50,Zaragoza,1662,55
5020901001,50209,Pinseque,50,Zaragoza,1821,22
5020901002,50209,Pinseque,50,Zaragoza,2776,22
5021001001,50210,"Pintanos, Los",50,Zaragoza,36,65
5021101001,50211,Plasencia de Jalón,50,Zaragoza,380,39
5021201001,50212,Pleitas,50,Zaragoza,29,39
5021301001,50213,Plenas,50,Zaragoza,112,66
5021401001,50214,Pomer,50,Zaragoza,23,59
5021501001,50215,Pozuel de Ariza,50,Zaragoza,15,30
5021601001,50216,Pozuelo de Aragón,50,Zaragoza,246,59
5021701001,50217,Pradilla de Ebro,50,Zaragoza,572,65
5021801001,50218,Puebla de Albortón,50,Zaragoza,134,66
5021901002,50219,"Puebla de Alfindén, La",50,Zaragoza,2131,41
5022001001,50220,Puendeluna,50,Zaragoza,42,42
5022101001,50221,Purujosa,50,Zaragoza,29,59
5022201001,50222,Quinto,50,Zaragoza,1133,66
5022201002,50222,Quinto,50,Zaragoza,756,55
5022301001,50223,Remolinos,50,Zaragoza,1021,65
5022401001,50224,Retascón,50,Zaragoza,78,30
5022501001,50225,Ricla,50,Zaragoza,1065,7
5022501002,50225,Ricla,50,Zaragoza,2030,7
5022701001,50227,Romanos,50,Zaragoza,141,30
5022801001,50228,Rueda de Jalón,50,Zaragoza,323,39
5022901001,50229,Ruesca,50,Zaragoza,70,7
5023001001,50230,Sádaba,50,Zaragoza,651,65
5023002001,50230,Sádaba,50,Zaragoza,633,42
5023101001,50231,Salillas de Jalón,50,Zaragoza,373,39
5023201001,50232,Salvatierra de Esca,50,Zaragoza,186,42
5023301001,50233,Samper del Salz,50,Zaragoza,80,66
5023401001,50234,San Martín de la Virgen de Moncayo,50,Zaragoza,264,59
5023501001,50235,San Mateo de Gállego,50,Zaragoza,1392,50
5023501002,50235,San Mateo de Gállego,50,Zaragoza,2103,50
5023601001,50236,Santa Cruz de Grío,50,Zaragoza,96,7
5023701001,50237,Santa Cruz de Moncayo,50,Zaragoza,123,59
5023801001,50238,Santa Eulalia de Gállego,50,Zaragoza,101,42
5023901001,50239,Santed,50,Zaragoza,72,30
5024001001,50240,Sástago,50,Zaragoza,1068,28
5024101001,50241,Sabiñán,50,Zaragoza,693,59
5024201001,50242,Sediles,50,Zaragoza,109,26
5024301001,50243,Sestrica,50,Zaragoza,325,39
5024401001,50244,Sierra de Luna,50,Zaragoza,267,42
5024501001,50245,Sigüés,50,Zaragoza,72,42
5024601001,50246,Sisamón,50,Zaragoza,50,30
5024701001,50247,Sobradiel,50,Zaragoza,1118,65
5024801001,50248,Sos del Rey Católico,50,Zaragoza,582,42
5024901001,50249,Tabuenca,50,Zaragoza,309,59
5025001001,50250,Talamantes,50,Zaragoza,68,59
5025101001,50251,Tarazona,50,Zaragoza,1186,59
5025101003,50251,Tarazona,50,Zaragoza,726,59
5025101004,50251,Tarazona,50,Zaragoza,1994,59
5025101005,50251,Tarazona,50,Zaragoza,1149,59
5025101006,50251,Tarazona,50,Zaragoza,2392,59
5025101007,50251,Tarazona,50,Zaragoza,749,59
5025101008,50251,Tarazona,50,Zaragoza,878,59
5025101009,50251,Tarazona,50,Zaragoza,875,59
5025101010,50251,Tarazona,50,Zaragoza,923,59
5025201001,50252,Tauste,50,Zaragoza,1430,65
5025202001,50252,Tauste,50,Zaragoza,1967,65
5025203001,50252,Tauste,50,Zaragoza,1437,65
5025204001,50252,Tauste,50,Zaragoza,1978,65
5025301001,50253,Terrer,50,Zaragoza,583,26
5025401001,50254,Tierga,50,Zaragoza,170,39
5025501001,50255,Tobed,50,Zaragoza,197,7
5025601001,50256,Torralba de los Frailes,50,Zaragoza,65,30
5025701001,50257,Torralba de Ribota,50,Zaragoza,158,39
5025801001,50258,Torralbilla,50,Zaragoza,39,7
5025901001,50259,Torrehermosa,50,Zaragoza,69,30
5026001001,50260,Torrelapaja,50,Zaragoza,30,59
5026101001,50261,Torrellas,50,Zaragoza,248,59
5026201001,50262,Torres de Berrellén,50,Zaragoza,1511,65
5026301001,50263,Torrijo de la Cañada,50,Zaragoza,187,26
5026401001,50264,Tosos,50,Zaragoza,172,30
5026501001,50265,Trasmoz,50,Zaragoza,88,59
5026601001,50266,Trasobares,50,Zaragoza,124,39
5026701001,50267,Uncastillo,50,Zaragoza,594,42
5026801001,50268,Undués de Lerda,50,Zaragoza,60,42
5026901001,50269,Urrea de Jalón,50,Zaragoza,430,39
5027001001,50270,Urriés,50,Zaragoza,50,42
5027101001,50271,Used,50,Zaragoza,250,30
5027201001,50272,Utebo,50,Zaragoza,2358,65
5027201002,50272,Utebo,50,Zaragoza,1663,22
5027201003,50272,Utebo,50,Zaragoza,2517,22
5027201004,50272,Utebo,50,Zaragoza,1930,65
5027201005,50272,Utebo,50,Zaragoza,912,65
5027201006,50272,Utebo,50,Zaragoza,1761,65
5027201007,50272,Utebo,50,Zaragoza,1594,22
5027201008,50272,Utebo,50,Zaragoza,1743,22
5027201009,50272,Utebo,50,Zaragoza,1232,65
5027201010,50272,Utebo,50,Zaragoza,1575,22
5027201011,50272,Utebo,50,Zaragoza,1850,22
5027301001,50273,Valdehorna,50,Zaragoza,29,30
5027401001,50274,Val de San Martín,50,Zaragoza,56,30
5027501001,50275,Valmadrid,50,Zaragoza,113,66
5027601001,50276,Valpalmas,50,Zaragoza,123,42
5027701001,50277,Valtorres,50,Zaragoza,68,26
5027801001,50278,Velilla de Ebro,50,Zaragoza,207,55
5027901001,50279,Velilla de Jiloca,50,Zaragoza,92,30
5028001001,50280,Vera de Moncayo,50,Zaragoza,318,59
5028101001,50281,Vierlas,50,Zaragoza,88,59
5028201001,50282,"Vilueña, La",50,Zaragoza,60,26
5028301001,50283,Villadoz,50,Zaragoza,79,30
5028401001,50284,Villafeliche,50,Zaragoza,162,30
5028501001,50285,Villafranca de Ebro,50,Zaragoza,836,55
5028601001,50286,Villalba de Perejil,50,Zaragoza,87,26
5028701001,50287,Villalengua,50,Zaragoza,293,26
5028801001,50288,Villanueva de Gállego,50,Zaragoza,2120,42
5028801002,50288,Villanueva de Gállego,50,Zaragoza,1066,50
5028801003,50288,Villanueva de Gállego,50,Zaragoza,1657,50
5028901001,50289,Villanueva de Jiloca,50,Zaragoza,73,30
5029001001,50290,Villanueva de Huerva,50,Zaragoza,371,30
5029101001,50291,Villar de los Navarros,50,Zaragoza,147,66
5029201001,50292,Villarreal de Huerva,50,Zaragoza,263,30
5029301001,50293,Villarroya de la Sierra,50,Zaragoza,397,26
5029401001,50294,Villarroya del Campo,50,Zaragoza,70,30
5029501001,50295,Vistabella,50,Zaragoza,50,30
5029601001,50296,"Zaida, La",50,Zaragoza,433,66
5029701001,50297,Zaragoza,50,Zaragoza,1474,57
5029701002,50297,Zaragoza,50,Zaragoza,1606,60
5029701003,50297,Zaragoza,50,Zaragoza,1035,60
5029701004,50297,Zaragoza,50,Zaragoza,1659,21
5029701005,50297,Zaragoza,50,Zaragoza,1638,21
5029701006,50297,Zaragoza,50,Zaragoza,1028,21
5029701008,50297,Zaragoza,50,Zaragoza,1871,21
5029701009,50297,Zaragoza,50,Zaragoza,1633,60
5029701012,50297,Zaragoza,50,Zaragoza,887,57
5029701015,50297,Zaragoza,50,Zaragoza,2441,57
5029701017,50297,Zaragoza,50,Zaragoza,1279,62
5029701019,50297,Zaragoza,50,Zaragoza,1506,38
5029701020,50297,Zaragoza,50,Zaragoza,1525,53
5029701021,50297,Zaragoza,50,Zaragoza,2875,53
5029701023,50297,Zaragoza,50,Zaragoza,2453,62
5029701024,50297,Zaragoza,50,Zaragoza,1243,62
5029701025,50297,Zaragoza,50,Zaragoza,1094,3
5029701026,50297,Zaragoza,50,Zaragoza,771,3
5029701027,50297,Zaragoza,50,Zaragoza,1376,3
5029701030,50297,Zaragoza,50,Zaragoza,1516,3
5029701031,50297,Zaragoza,50,Zaragoza,1228,53
5029701032,50297,Zaragoza,50,Zaragoza,1503,53
5029701033,50297,Zaragoza,50,Zaragoza,1160,38
5029701034,50297,Zaragoza,50,Zaragoza,1987,57
5029701036,50297,Zaragoza,50,Zaragoza,1798,57
5029701038,50297,Zaragoza,50,Zaragoza,1282,15
5029701039,50297,Zaragoza,50,Zaragoza,1085,15
5029701040,50297,Zaragoza,50,Zaragoza,822,15
5029701041,50297,Zaragoza,50,Zaragoza,1648,38
5029701043,50297,Zaragoza,50,Zaragoza,1574,21
5029702001,50297,Zaragoza,50,Zaragoza,1135,53
5029702002,50297,Zaragoza,50,Zaragoza,881,15
5029702003,50297,Zaragoza,50,Zaragoza,1118,15
5029702004,50297,Zaragoza,50,Zaragoza,1092,15
5029702005,50297,Zaragoza,50,Zaragoza,940,15
5029702006,50297,Zaragoza,50,Zaragoza,1758,15
5029702008,50297,Zaragoza,50,Zaragoza,1205,53
5029702009,50297,Zaragoza,50,Zaragoza,1174,3
5029702010,50297,Zaragoza,50,Zaragoza,1397,3
5029702012,50297,Zaragoza,50,Zaragoza,1449,38
5029702013,50297,Zaragoza,50,Zaragoza,1158,53
5029702014,50297,Zaragoza,50,Zaragoza,1464,56
5029702015,50297,Zaragoza,50,Zaragoza,832,56
5029702017,50297,Zaragoza,50,Zaragoza,969,61
5029702018,50297,Zaragoza,50,Zaragoza,1410,15
5029702019,50297,Zaragoza,50,Zaragoza,1018,56
5029702020,50297,Zaragoza,50,Zaragoza,1045,61
5029702021,50297,Zaragoza,50,Zaragoza,760,61
5029702022,50297,Zaragoza,50,Zaragoza,1504,61
5029702023,50297,Zaragoza,50,Zaragoza,1042,61
5029702024,50297,Zaragoza,50,Zaragoza,896,56
5029702025,50297,Zaragoza,50,Zaragoza,1456,56
5029702026,50297,Zaragoza,50,Zaragoza,1082,15
5029702027,50297,Zaragoza,50,Zaragoza,938,38
5029702028,50297,Zaragoza,50,Zaragoza,857,38
5029702029,50297,Zaragoza,50,Zaragoza,782,38
5029702030,50297,Zaragoza,50,Zaragoza,944,38
5029702031,50297,Zaragoza,50,Zaragoza,876,56
5029702032,50297,Zaragoza,50,Zaragoza,1051,56
5029702033,50297,Zaragoza,50,Zaragoza,1376,56
5029702035,50297,Zaragoza,50,Zaragoza,1366,4
5029702036,50297,Zaragoza,50,Zaragoza,691,12
5029702037,50297,Zaragoza,50,Zaragoza,1274,4
5029702038,50297,Zaragoza,50,Zaragoza,1075,61
5029702040,50297,Zaragoza,50,Zaragoza,2139,4
5029702042,50297,Zaragoza,50,Zaragoza,789,38
5029702045,50297,Zaragoza,50,Zaragoza,1160,34
5029702046,50297,Zaragoza,50,Zaragoza,1634,4
5029702047,50297,Zaragoza,50,Zaragoza,785,3
5029702048,50297,Zaragoza,50,Zaragoza,860,56
5029702049,50297,Zaragoza,50,Zaragoza,966,53
5029702050,50297,Zaragoza,50,Zaragoza,1344,12
5029702051,50297,Zaragoza,50,Zaragoza,1152,12
5029702052,50297,Zaragoza,50,Zaragoza,907,12
5029702053,50297,Zaragoza,50,Zaragoza,1364,56
5029703001,50297,Zaragoza,50,Zaragoza,969,3
5029703002,50297,Zaragoza,50,Zaragoza,865,3
5029703003,50297,Zaragoza,50,Zaragoza,1322,0
5029703004,50297,Zaragoza,50,Zaragoza,1212,5
5029703005,50297,Zaragoza,50,Zaragoza,1418,20
5029703007,50297,Zaragoza,50,Zaragoza,1202,20
5029703008,50297,Zaragoza,50,Zaragoza,1348,20
5029703009,50297,Zaragoza,50,Zaragoza,1322,27
5029703011,50297,Zaragoza,50,Zaragoza,1633,27
5029703012,50297,Zaragoza,50,Zaragoza,752,27
5029703014,50297,Zaragoza,50,Zaragoza,1406,5
5029703015,50297,Zaragoza,50,Zaragoza,1170,0
5029703016,50297,Zaragoza,50,Zaragoza,1783,0
5029703017,50297,Zaragoza,50,Zaragoza,1441,0
5029703018,50297,Zaragoza,50,Zaragoza,1519,5
5029703019,50297,Zaragoza,50,Zaragoza,1209,5
5029703020,50297,Zaragoza,50,Zaragoza,2053,27
5029703021,50297,Zaragoza,50,Zaragoza,1327,27
5029703022,50297,Zaragoza,50,Zaragoza,1384,5
5029703023,50297,Zaragoza,50,Zaragoza,1452,44
5029703024,50297,Zaragoza,50,Zaragoza,1634,44
5029703025,50297,Zaragoza,50,Zaragoza,1138,27
5029703026,50297,Zaragoza,50,Zaragoza,836,20
5029703027,50297,Zaragoza,50,Zaragoza,1238,27
5029703028,50297,Zaragoza,50,Zaragoza,1023,20
5029703029,50297,Zaragoza,50,Zaragoza,1584,20
5029703030,50297,Zaragoza,50,Zaragoza,1307,58
5029703032,50297,Zaragoza,50,Zaragoza,1506,58
5029703033,50297,Zaragoza,50,Zaragoza,1097,31
5029703034,50297,Zaragoza,50,Zaragoza,1489,31
5029703035,50297,Zaragoza,50,Zaragoza,1410,44
5029703036,50297,Zaragoza,50,Zaragoza,1614,44
5029703037,50297,Zaragoza,50,Zaragoza,1066,0
5029703039,50297,Zaragoza,50,Zaragoza,1436,14
5029703041,50297,Zaragoza,50,Zaragoza,1029,44
5029703042,50297,Zaragoza,50,Zaragoza,1191,31
5029703043,50297,Zaragoza,50,Zaragoza,1232,31
5029703044,50297,Zaragoza,50,Zaragoza,1075,58
5029703045,50297,Zaragoza,50,Zaragoza,1278,58
5029703046,50297,Zaragoza,50,Zaragoza,910,58
5029703048,50297,Zaragoza,50,Zaragoza,1389,31
5029703049,50297,Zaragoza,50,Zaragoza,965,31
5029703051,50297,Zaragoza,50,Zaragoza,1172,31
5029703052,50297,Zaragoza,50,Zaragoza,1290,31
5029703053,50297,Zaragoza,50,Zaragoza,1168,31
5029703054,50297,Zaragoza,50,Zaragoza,2147,44
5029703055,50297,Zaragoza,50,Zaragoza,1942,44
5029703056,50297,Zaragoza,50,Zaragoza,1054,31
5029703057,50297,Zaragoza,50,Zaragoza,1429,44
5029703060,50297,Zaragoza,50,Zaragoza,1170,14
5029703061,50297,Zaragoza,50,Zaragoza,1421,14
5029703062,50297,Zaragoza,50,Zaragoza,1614,14
5029703063,50297,Zaragoza,50,Zaragoza,926,31
5029703064,50297,Zaragoza,50,Zaragoza,949,31
5029703065,50297,Zaragoza,50,Zaragoza,1560,14
5029703066,50297,Zaragoza,50,Zaragoza,1356,14
5029703067,50297,Zaragoza,50,Zaragoza,1533,14
5029703068,50297,Zaragoza,50,Zaragoza,1348,14
5029703069,50297,Zaragoza,50,Zaragoza,1462,0
5029703070,50297,Zaragoza,50,Zaragoza,1146,5
5029703071,50297,Zaragoza,50,Zaragoza,1550,14
5029703073,50297,Zaragoza,50,Zaragoza,1132,14
5029703074,50297,Zaragoza,50,Zaragoza,1233,14
5029703075,50297,Zaragoza,50,Zaragoza,1347,14
5029703076,50297,Zaragoza,50,Zaragoza,1347,5
5029703077,50297,Zaragoza,50,Zaragoza,1263,58
5029703078,50297,Zaragoza,50,Zaragoza,753,58
5029703079,50297,Zaragoza,50,Zaragoza,1084,27
5029703081,50297,Zaragoza,50,Zaragoza,1200,58
5029703082,50297,Zaragoza,50,Zaragoza,1658,58
5029703083,50297,Zaragoza,50,Zaragoza,1129,5
5029703084,50297,Zaragoza,50,Zaragoza,633,20
5029703085,50297,Zaragoza,50,Zaragoza,1178,5
5029703087,50297,Zaragoza,50,Zaragoza,949,0
5029703090,50297,Zaragoza,50,Zaragoza,1220,58
5029704001,50297,Zaragoza,50,Zaragoza,1107,20
5029704002,50297,Zaragoza,50,Zaragoza,935,61
5029704003,50297,Zaragoza,50,Zaragoza,904,61
5029704004,50297,Zaragoza,50,Zaragoza,1389,19
5029704005,50297,Zaragoza,50,Zaragoza,1035,19
5029704006,50297,Zaragoza,50,Zaragoza,1154,61
5029704007,50297,Zaragoza,50,Zaragoza,1068,61
5029704008,50297,Zaragoza,50,Zaragoza,1006,61
5029704009,50297,Zaragoza,50,Zaragoza,1375,61
5029704010,50297,Zaragoza,50,Zaragoza,1056,19
5029704011,50297,Zaragoza,50,Zaragoza,1826,19
5029704012,50297,Zaragoza,50,Zaragoza,932,19
5029704013,50297,Zaragoza,50,Zaragoza,979,19
5029704015,50297,Zaragoza,50,Zaragoza,815,19
5029704016,50297,Zaragoza,50,Zaragoza,1387,19
5029704017,50297,Zaragoza,50,Zaragoza,1108,19
5029704018,50297,Zaragoza,50,Zaragoza,971,19
5029704021,50297,Zaragoza,50,Zaragoza,1554,19
5029704023,50297,Zaragoza,50,Zaragoza,1271,20
5029704024,50297,Zaragoza,50,Zaragoza,1141,20
5029704025,50297,Zaragoza,50,Zaragoza,1323,20
5029704027,50297,Zaragoza,50,Zaragoza,1458,20
5029704028,50297,Zaragoza,50,Zaragoza,1368,20
5029704029,50297,Zaragoza,50,Zaragoza,1484,61
5029704031,50297,Zaragoza,50,Zaragoza,740,33
5029704033,50297,Zaragoza,50,Zaragoza,1310,33
5029704034,50297,Zaragoza,50,Zaragoza,1076,33
5029704035,50297,Zaragoza,50,Zaragoza,861,33
5029704036,50297,Zaragoza,50,Zaragoza,1048,33
5029704038,50297,Zaragoza,50,Zaragoza,1635,33
5029704039,50297,Zaragoza,50,Zaragoza,1059,31
5029704040,50297,Zaragoza,50,Zaragoza,1353,31
5029704041,50297,Zaragoza,50,Zaragoza,1293,33
5029704042,50297,Zaragoza,50,Zaragoza,2162,33
5029704043,50297,Zaragoza,50,Zaragoza,1047,4
5029704044,50297,Zaragoza,50,Zaragoza,1688,58
5029704045,50297,Zaragoza,50,Zaragoza,1490,31
5029704048,50297,Zaragoza,50,Zaragoza,1379,20
5029704049,50297,Zaragoza,50,Zaragoza,726,20
5029704051,50297,Zaragoza,50,Zaragoza,1496,58
5029704052,50297,Zaragoza,50,Zaragoza,846,19
5029704053,50297,Zaragoza,50,Zaragoza,1554,18
5029704054,50297,Zaragoza,50,Zaragoza,976,58
5029704056,50297,Zaragoza,50,Zaragoza,2135,20
5029704058,50297,Zaragoza,50,Zaragoza,1574,18
5029704059,50297,Zaragoza,50,Zaragoza,1897,18
5029704062,50297,Zaragoza,50,Zaragoza,2436,18
5029704063,50297,Zaragoza,50,Zaragoza,2492,18
5029704064,50297,Zaragoza,50,Zaragoza,1453,49
5029704065,50297,Zaragoza,50,Zaragoza,2417,49
5029704066,50297,Zaragoza,50,Zaragoza,1595,18
5029704067,50297,Zaragoza,50,Zaragoza,2429,18
5029704069,50297,Zaragoza,50,Zaragoza,2127,49
5029704070,50297,Zaragoza,50,Zaragoza,2136,18
5029704071,50297,Zaragoza,50,Zaragoza,1961,18
5029704072,50297,Zaragoza,50,Zaragoza,2257,18
5029704073,50297,Zaragoza,50,Zaragoza,2212,17
5029704074,50297,Zaragoza,50,Zaragoza,1683,49
5029705001,50297,Zaragoza,50,Zaragoza,2100,12
5029705002,50297,Zaragoza,50,Zaragoza,2325,47
5029705003,50297,Zaragoza,50,Zaragoza,963,2
5029705004,50297,Zaragoza,50,Zaragoza,1509,2
5029705005,50297,Zaragoza,50,Zaragoza,1001,2
5029705006,50297,Zaragoza,50,Zaragoza,1231,2
5029705007,50297,Zaragoza,50,Zaragoza,1545,2
5029705008,50297,Zaragoza,50,Zaragoza,1652,2
5029705009,50297,Zaragoza,50,Zaragoza,1181,11
5029705010,50297,Zaragoza,50,Zaragoza,1324,11
5029705011,50297,Zaragoza,50,Zaragoza,819,11
5029705012,50297,Zaragoza,50,Zaragoza,1509,11
5029705013,50297,Zaragoza,50,Zaragoza,1364,11
5029705014,50297,Zaragoza,50,Zaragoza,1329,12
5029705015,50297,Zaragoza,50,Zaragoza,1315,11
5029705016,50297,Zaragoza,50,Zaragoza,843,11
5029705017,50297,Zaragoza,50,Zaragoza,838,12
5029705018,50297,Zaragoza,50,Zaragoza,918,47
5029705019,50297,Zaragoza,50,Zaragoza,1463,47
5029705020,50297,Zaragoza,50,Zaragoza,1664,47
5029705021,50297,Zaragoza,50,Zaragoza,998,47
5029705022,50297,Zaragoza,50,Zaragoza,1502,4
5029705023,50297,Zaragoza,50,Zaragoza,1642,51
5029705024,50297,Zaragoza,50,Zaragoza,831,4
5029705025,50297,Zaragoza,50,Zaragoza,1315,51
5029705026,50297,Zaragoza,50,Zaragoza,1275,51
5029705027,50297,Zaragoza,50,Zaragoza,1129,51
5029705028,50297,Zaragoza,50,Zaragoza,1499,4
5029705030,50297,Zaragoza,50,Zaragoza,1237,4
5029705031,50297,Zaragoza,50,Zaragoza,1393,51
5029705032,50297,Zaragoza,50,Zaragoza,1047,51
5029705033,50297,Zaragoza,50,Zaragoza,1955,51
5029705034,50297,Zaragoza,50,Zaragoza,1718,51
5029705036,50297,Zaragoza,50,Zaragoza,1714,51
5029705037,50297,Zaragoza,50,Zaragoza,1258,51
5029705038,50297,Zaragoza,50,Zaragoza,1070,47
5029705039,50297,Zaragoza,50,Zaragoza,1408,47
5029705040,50297,Zaragoza,50,Zaragoza,1116,47
5029705041,50297,Zaragoza,50,Zaragoza,1190,51
5029705042,50297,Zaragoza,50,Zaragoza,1668,47
5029705043,50297,Zaragoza,50,Zaragoza,1477,4
5029705044,50297,Zaragoza,50,Zaragoza,1665,47
5029705045,50297,Zaragoza,50,Zaragoza,1487,4
5029705046,50297,Zaragoza,50,Zaragoza,1055,4
5029705047,50297,Zaragoza,50,Zaragoza,1875,47
5029705048,50297,Zaragoza,50,Zaragoza,1187,2
5029705049,50297,Zaragoza,50,Zaragoza,1017,11
5029705050,50297,Zaragoza,50,Zaragoza,700,12
5029706001,50297,Zaragoza,50,Zaragoza,973,34
5029706002,50297,Zaragoza,50,Zaragoza,874,46
5029706003,50297,Zaragoza,50,Zaragoza,1812,46
5029706004,50297,Zaragoza,50,Zaragoza,2666,46
5029706005,50297,Zaragoza,50,Zaragoza,1404,46
5029706007,50297,Zaragoza,50,Zaragoza,1559,46
5029706008,50297,Zaragoza,50,Zaragoza,1195,34
5029706009,50297,Zaragoza,50,Zaragoza,1126,34
5029706011,50297,Zaragoza,50,Zaragoza,945,34
5029706013,50297,Zaragoza,50,Zaragoza,830,46
5029706014,50297,Zaragoza,50,Zaragoza,983,46
5029706015,50297,Zaragoza,50,Zaragoza,1722,46
5029706016,50297,Zaragoza,50,Zaragoza,951,34
5029706017,50297,Zaragoza,50,Zaragoza,1165,34
5029706018,50297,Zaragoza,50,Zaragoza,834,34
5029706019,50297,Zaragoza,50,Zaragoza,1204,34
5029706020,50297,Zaragoza,50,Zaragoza,1259,21
5029706021,50297,Zaragoza,50,Zaragoza,1316,21
5029706022,50297,Zaragoza,50,Zaragoza,1574,21
5029706024,50297,Zaragoza,50,Zaragoza,1581,34
5029706025,50297,Zaragoza,50,Zaragoza,1145,34
5029706026,50297,Zaragoza,50,Zaragoza,991,34
5029706027,50297,Zaragoza,50,Zaragoza,919,46
5029706028,50297,Zaragoza,50,Zaragoza,1425,46
5029706029,50297,Zaragoza,50,Zaragoza,1107,41
5029706030,50297,Zaragoza,50,Zaragoza,736,34
5029706031,50297,Zaragoza,50,Zaragoza,822,34
5029706032,50297,Zaragoza,50,Zaragoza,1164,46
5029706033,50297,Zaragoza,50,Zaragoza,973,2
5029706034,50297,Zaragoza,50,Zaragoza,1082,2
5029706035,50297,Zaragoza,50,Zaragoza,877,41
5029706036,50297,Zaragoza,50,Zaragoza,1423,2
5029706037,50297,Zaragoza,50,Zaragoza,965,34
5029706038,50297,Zaragoza,50,Zaragoza,955,11
5029706039,50297,Zaragoza,50,Zaragoza,1154,21
5029707002,50297,Zaragoza,50,Zaragoza,1031,6
5029707003,50297,Zaragoza,50,Zaragoza,1957,6
5029707004,50297,Zaragoza,50,Zaragoza,1220,6
5029707005,50297,Zaragoza,50,Zaragoza,1209,6
5029707006,50297,Zaragoza,50,Zaragoza,1917,6
5029707007,50297,Zaragoza,50,Zaragoza,1664,6
5029707015,50297,Zaragoza,50,Zaragoza,1731,6
5029707017,50297,Zaragoza,50,Zaragoza,1164,6
5029707019,50297,Zaragoza,50,Zaragoza,1147,6
5029708001,50297,Zaragoza,50,Zaragoza,1524,31
5029708002,50297,Zaragoza,50,Zaragoza,1372,14
5029708003,50297,Zaragoza,50,Zaragoza,1183,31
5029708004,50297,Zaragoza,50,Zaragoza,2116,14
5029708005,50297,Zaragoza,50,Zaragoza,1355,18
5029708007,50297,Zaragoza,50,Zaragoza,1373,31
5029708008,50297,Zaragoza,50,Zaragoza,1244,31
5029708009,50297,Zaragoza,50,Zaragoza,1554,31
5029708010,50297,Zaragoza,50,Zaragoza,1470,31
5029708012,50297,Zaragoza,50,Zaragoza,1612,33
5029708013,50297,Zaragoza,50,Zaragoza,1661,33
5029708014,50297,Zaragoza,50,Zaragoza,2463,33
5029708015,50297,Zaragoza,50,Zaragoza,630,31
5029708016,50297,Zaragoza,50,Zaragoza,678,31
5029708017,50297,Zaragoza,50,Zaragoza,1973,31
5029708018,50297,Zaragoza,50,Zaragoza,1983,18
5029708019,50297,Zaragoza,50,Zaragoza,1506,33
5029708021,50297,Zaragoza,50,Zaragoza,2546,18
5029708022,50297,Zaragoza,50,Zaragoza,1411,33
5029708023,50297,Zaragoza,50,Zaragoza,1513,18
5029708025,50297,Zaragoza,50,Zaragoza,2832,14
5029709001,50297,Zaragoza,50,Zaragoza,1188,19
5029709002,50297,Zaragoza,50,Zaragoza,1108,51
5029709003,50297,Zaragoza,50,Zaragoza,2042,47
5029709004,50297,Zaragoza,50,Zaragoza,1229,19
5029709005,50297,Zaragoza,50,Zaragoza,1272,19
5029709006,50297,Zaragoza,50,Zaragoza,1541,66
5029709007,50297,Zaragoza,50,Zaragoza,1416,66
5029709008,50297,Zaragoza,50,Zaragoza,1257,66
5029709009,50297,Zaragoza,50,Zaragoza,1172,19
5029709010,50297,Zaragoza,50,Zaragoza,1625,66
5029709012,50297,Zaragoza,50,Zaragoza,1199,47
5029709013,50297,Zaragoza,50,Zaragoza,1468,47
5029709014,50297,Zaragoza,50,Zaragoza,1145,47
5029709015,50297,Zaragoza,50,Zaragoza,1133,47
5029709016,50297,Zaragoza,50,Zaragoza,1405,66
5029709018,50297,Zaragoza,50,Zaragoza,1833,66
5029709019,50297,Zaragoza,50,Zaragoza,1369,47
5029709020,50297,Zaragoza,50,Zaragoza,1492,66
5029709021,50297,Zaragoza,50,Zaragoza,1327,47
5029709022,50297,Zaragoza,50,Zaragoza,1290,66
5029709023,50297,Zaragoza,50,Zaragoza,2032,47
5029709024,50297,Zaragoza,50,Zaragoza,1146,66
5029709025,50297,Zaragoza,50,Zaragoza,1044,51
5029709026,50297,Zaragoza,50,Zaragoza,2042,47
5029709028,50297,Zaragoza,50,Zaragoza,3010,41
5029710001,50297,Zaragoza,50,Zaragoza,1585,35
5029710002,50297,Zaragoza,50,Zaragoza,2432,35
5029710003,50297,Zaragoza,50,Zaragoza,1923,35
5029710004,50297,Zaragoza,50,Zaragoza,1546,35
5029710005,50297,Zaragoza,50,Zaragoza,849,60
5029710006,50297,Zaragoza,50,Zaragoza,1160,25
5029710008,50297,Zaragoza,50,Zaragoza,1635,25
5029710009,50297,Zaragoza,50,Zaragoza,1104,25
5029710010,50297,Zaragoza,50,Zaragoza,1604,48
5029710011,50297,Zaragoza,50,Zaragoza,1003,48
5029710012,50297,Zaragoza,50,Zaragoza,1341,62
5029710013,50297,Zaragoza,50,Zaragoza,663,48
5029710014,50297,Zaragoza,50,Zaragoza,1700,48
5029710015,50297,Zaragoza,50,Zaragoza,1129,48
5029710016,50297,Zaragoza,50,Zaragoza,2128,48
5029710017,50297,Zaragoza,50,Zaragoza,1276,48
5029710018,50297,Zaragoza,50,Zaragoza,1260,48
5029710019,50297,Zaragoza,50,Zaragoza,2369,60
5029710020,50297,Zaragoza,50,Zaragoza,1163,60
5029710021,50297,Zaragoza,50,Zaragoza,1354,60
5029710023,50297,Zaragoza,50,Zaragoza,1652,60
5029710024,50297,Zaragoza,50,Zaragoza,730,60
5029710025,50297,Zaragoza,50,Zaragoza,1018,48
5029710026,50297,Zaragoza,50,Zaragoza,1085,48
5029710027,50297,Zaragoza,50,Zaragoza,894,21
5029710028,50297,Zaragoza,50,Zaragoza,2052,48
5029710029,50297,Zaragoza,50,Zaragoza,867,48
5029710031,50297,Zaragoza,50,Zaragoza,1202,25
5029710034,50297,Zaragoza,50,Zaragoza,1047,21
5029710036,50297,Zaragoza,50,Zaragoza,1043,25
5029710037,50297,Zaragoza,50,Zaragoza,1577,14
5029710038,50297,Zaragoza,50,Zaragoza,1094,21
5029710039,50297,Zaragoza,50,Zaragoza,1218,25
5029710040,50297,Zaragoza,50,Zaragoza,1106,25
5029710041,50297,Zaragoza,50,Zaragoza,1708,25
5029710042,50297,Zaragoza,50,Zaragoza,1601,25
5029710043,50297,Zaragoza,50,Zaragoza,1791,25
5029710044,50297,Zaragoza,50,Zaragoza,1211,25
5029710045,50297,Zaragoza,50,Zaragoza,970,14
5029710046,50297,Zaragoza,50,Zaragoza,2216,62
5029710047,50297,Zaragoza,50,Zaragoza,1269,6
5029710049,50297,Zaragoza,50,Zaragoza,1737,62
5029710050,50297,Zaragoza,50,Zaragoza,1517,62
5029710051,50297,Zaragoza,50,Zaragoza,2267,62
5029710052,50297,Zaragoza,50,Zaragoza,1175,25
5029710053,50297,Zaragoza,50,Zaragoza,1985,25
5029710054,50297,Zaragoza,50,Zaragoza,1907,25
5029710055,50297,Zaragoza,50,Zaragoza,1722,6
5029710056,50297,Zaragoza,50,Zaragoza,895,6
5029710057,50297,Zaragoza,50,Zaragoza,1774,6
5029710058,50297,Zaragoza,50,Zaragoza,1222,62
5029710059,50297,Zaragoza,50,Zaragoza,792,25
5029710060,50297,Zaragoza,50,Zaragoza,2107,60
5029710061,50297,Zaragoza,50,Zaragoza,1577,62
5029710062,50297,Zaragoza,50,Zaragoza,1208,6
5029710063,50297,Zaragoza,50,Zaragoza,1173,62
5029710064,50297,Zaragoza,50,Zaragoza,2108,62
5029710065,50297,Zaragoza,50,Zaragoza,1697,62
5029710067,50297,Zaragoza,50,Zaragoza,1699,60
5029710068,50297,Zaragoza,50,Zaragoza,628,48
5029710069,50297,Zaragoza,50,Zaragoza,2099,48
5029710070,50297,Zaragoza,50,Zaragoza,863,62
5029710071,50297,Zaragoza,50,Zaragoza,1459,62
5029710072,50297,Zaragoza,50,Zaragoza,817,60
5029710073,50297,Zaragoza,50,Zaragoza,1409,60
5029710075,50297,Zaragoza,50,Zaragoza,942,21
5029710076,50297,Zaragoza,50,Zaragoza,1141,25
5029710077,50297,Zaragoza,50,Zaragoza,1612,62
5029710078,50297,Zaragoza,50,Zaragoza,988,6
5029710079,50297,Zaragoza,50,Zaragoza,1752,50
5029710080,50297,Zaragoza,50,Zaragoza,1603,50
5029710081,50297,Zaragoza,50,Zaragoza,2181,48
5029710082,50297,Zaragoza,50,Zaragoza,1918,62
5029710083,50297,Zaragoza,50,Zaragoza,1171,21
5029710084,50297,Zaragoza,50,Zaragoza,1368,21
5029710085,50297,Zaragoza,50,Zaragoza,2426,50
5029710086,50297,Zaragoza,50,Zaragoza,2223,50
5029710087,50297,Zaragoza,50,Zaragoza,1492,48
5029710088,50297,Zaragoza,50,Zaragoza,1934,60
5029710089,50297,Zaragoza,50,Zaragoza,1601,60
5029710090,50297,Zaragoza,50,Zaragoza,1444,21
5029710091,50297,Zaragoza,50,Zaragoza,1345,21
5029711001,50297,Zaragoza,50,Zaragoza,1215,65
5029711003,50297,Zaragoza,50,Zaragoza,2217,50
5029711004,50297,Zaragoza,50,Zaragoza,1249,50
5029711006,50297,Zaragoza,50,Zaragoza,1403,21
5029711007,50297,Zaragoza,50,Zaragoza,1054,48
5029711009,50297,Zaragoza,50,Zaragoza,1638,21
5029711010,50297,Zaragoza,50,Zaragoza,1542,21
5029711011,50297,Zaragoza,50,Zaragoza,1415,41
5029711012,50297,Zaragoza,50,Zaragoza,1034,50
5029711013,50297,Zaragoza,50,Zaragoza,1186,41
5029711015,50297,Zaragoza,50,Zaragoza,2520,41
5029711016,50297,Zaragoza,50,Zaragoza,1952,21
5029711017,50297,Zaragoza,50,Zaragoza,1079,48
5029711018,50297,Zaragoza,50,Zaragoza,2428,48
5029711019,50297,Zaragoza,50,Zaragoza,1638,21
5029712001,50297,Zaragoza,50,Zaragoza,2587,65
5029712002,50297,Zaragoza,50,Zaragoza,1038,14
5029712003,50297,Zaragoza,50,Zaragoza,2091,14
5029712004,50297,Zaragoza,50,Zaragoza,1708,65
5029712005,50297,Zaragoza,50,Zaragoza,1789,65
5029712006,50297,Zaragoza,50,Zaragoza,1455,65
5029712007,50297,Zaragoza,50,Zaragoza,1260,65
5029712008,50297,Zaragoza,50,Zaragoza,1094,65
5029712009,50297,Zaragoza,50,Zaragoza,2145,22
5029712010,50297,Zaragoza,50,Zaragoza,1173,22
5029801002,50298,Zuera,50,Zaragoza,2591,42
5029802001,50298,Zuera,50,Zaragoza,728,54
5090101001,50901,Biel,50,Zaragoza,165,42
5090201001,50902,Marracos,50,Zaragoza,82,45
5090301001,50903,Villamayor de Gállego,50,Zaragoza,1380,50
5090301002,50903,Villamayor de Gállego,50,Zaragoza,1465,41
5000801002,50008,Alagón,50,Zaragoza,1998,22
5000801005,50008,Alagón,50,Zaragoza,875,22
5000801003,50008,Alagón,50,Zaragoza,1578,22
4402501001,44025,Andorra,44,Teruel,1607,43
5021901001,50219,"Puebla de Alfindén, La",50,Zaragoza,2187,41
5021901003,50219,"Puebla de Alfindén, La",50,Zaragoza,2346,41
5029709029,50297,Zaragoza,50,Zaragoza,2241,41
5009502001,50095,Ejea de los Caballeros,50,Zaragoza,1635,42
5029801003,50298,Zuera,50,Zaragoza,2699,54
5029801001,50298,Zuera,50,Zaragoza,2696,42
4405001002,44050,Calamocha,44,Teruel,1993,30
4400801001,44008,Albalate del Arzobispo,44,Teruel,948,66
4400801002,44008,Albalate del Arzobispo,44,Teruel,1000,66
5029711008,50297,Zaragoza,50,Zaragoza,2292,41
5029704055,50297,Zaragoza,50,Zaragoza,1248,58
5029704076,50297,Zaragoza,50,Zaragoza,1303,58
5029704061,50297,Zaragoza,50,Zaragoza,1749,49
5029704075,50297,Zaragoza,50,Zaragoza,1414,49
5029709027,50297,Zaragoza,50,Zaragoza,1684,41
5029709030,50297,Zaragoza,50,Zaragoza,2202,41
5029708006,50297,Zaragoza,50,Zaragoza,1585,14
5029708028,50297,Zaragoza,50,Zaragoza,1946,31
5029708011,50297,Zaragoza,50,Zaragoza,1664,33
5029708027,50297,Zaragoza,50,Zaragoza,1941,33
5029708024,50297,Zaragoza,50,Zaragoza,1642,31
5029708026,50297,Zaragoza,50,Zaragoza,1873,31
5029710048,50297,Zaragoza,50,Zaragoza,1315,6
5029710092,50297,Zaragoza,50,Zaragoza,1197,6
4412201002,44122,Híjar,44,Teruel,991,66
4401303002,44013,Alcañiz,44,Teruel,1596,40
4401303004,44013,Alcañiz,44,Teruel,2719,40
4401305001,44013,Alcañiz,44,Teruel,1347,40
4401305002,44013,Alcañiz,44,Teruel,2364,29
5029703047,50297,Zaragoza,50,Zaragoza,1593,58
5029703038,50297,Zaragoza,50,Zaragoza,1675,14
5029704078,50297,Zaragoza,50,Zaragoza,1261,49
5029704060,50297,Zaragoza,50,Zaragoza,1675,18
5029704079,50297,Zaragoza,50,Zaragoza,1303,17
5029704068,50297,Zaragoza,50,Zaragoza,1664,17
5029710066,50297,Zaragoza,50,Zaragoza,1552,60
5029710093,50297,Zaragoza,50,Zaragoza,1647,60
5029710074,50297,Zaragoza,50,Zaragoza,1373,25
5029710094,50297,Zaragoza,50,Zaragoza,1017,25
5029704057,50297,Zaragoza,50,Zaragoza,962,18
5029704077,50297,Zaragoza,50,Zaragoza,1507,18
5029710030,50297,Zaragoza,50,Zaragoza,1667,48
5029710032,50297,Zaragoza,50,Zaragoza,1265,48
5029704037,50297,Zaragoza,50,Zaragoza,1863,33
5029704014,50297,Zaragoza,50,Zaragoza,764,19
5029706010,50297,Zaragoza,50,Zaragoza,2078,41
5029709017,50297,Zaragoza,50,Zaragoza,1201,66
5029703088,50297,Zaragoza,50,Zaragoza,1349,0
5029703091,50297,Zaragoza,50,Zaragoza,1297,3
5029703089,50297,Zaragoza,50,Zaragoza,1289,14
2212503008,22125,Huesca,22,Huesca,1767,9
2212503009,22125,Huesca,22,Huesca,1481,9
5006201001,50062,"Burgo de Ebro, El",50,Zaragoza,1386,50
5006201002,50062,"Burgo de Ebro, El",50,Zaragoza,1404,41
5029707014,50297,Zaragoza,50,Zaragoza,1269,14
5029707020,50297,Zaragoza,50,Zaragoza,1221,3
5029707009,50297,Zaragoza,50,Zaragoza,1906,6
5029707018,50297,Zaragoza,50,Zaragoza,1146,6
5029707016,50297,Zaragoza,50,Zaragoza,1331,3
5029703086,50297,Zaragoza,50,Zaragoza,1166,0
5029707008,50297,Zaragoza,50,Zaragoza,1229,3
4405001001,44050,Calamocha,44,Teruel,2069,30
5029707001,50297,Zaragoza,50,Zaragoza,2208,3
4402502002,44025,Andorra,44,Teruel,1501,43
4402502003,44025,Andorra,44,Teruel,722,43
4402502001,44025,Andorra,44,Teruel,831,43
4402501003,44025,Andorra,44,Teruel,830,43
5016301001,50163,María de Huerva,50,Zaragoza,1753,17
5016301004,50163,María de Huerva,50,Zaragoza,1163,17
5008901002,50089,Cuarte de Huerva,50,Zaragoza,1621,33
5008901004,50089,Cuarte de Huerva,50,Zaragoza,2327,33
5008901007,50089,Cuarte de Huerva,50,Zaragoza,1998,33
5029708020,50297,Zaragoza,50,Zaragoza,1615,14
5029708029,50297,Zaragoza,50,Zaragoza,1186,18
5029710033,50297,Zaragoza,50,Zaragoza,977,48
5029710035,50297,Zaragoza,50,Zaragoza,1238,21
