CUSEC_KEY,district_id,section_pop,CPRO,NPRO,CUMUN,NMUN,CUDIS,ddd_unit_id,ddd_closed_urban
0601801001,0,771,06,Badajoz,06018,Benquerencia de la Serena,0601801,74,False
0602301001,0,769,06,Badajoz,06023,Cabeza del Buey,0602301,79,False
0602302001,0,1345,06,Badajoz,06023,Cabeza del Buey,0602302,79,False
0602302003,0,829,06,Badajoz,06023,Cabeza del Buey,0602302,79,False
0602303001,0,680,06,Badajoz,06023,Cabeza del Buey,0602303,79,False
0602304001,0,861,06,Badajoz,06023,Cabeza del Buey,0602304,79,False
0603601001,0,575,06,Badajoz,06036,Castuera,0603601,92,False
0603601002,0,1083,06,Badajoz,06036,Castuera,0603601,92,False
0603602001,0,711,06,Badajoz,06036,Castuera,0603602,92,False
0603602002,0,910,06,Badajoz,06036,Castuera,0603602,92,False
0603603001,0,1455,06,Badajoz,06036,Castuera,0603603,92,False
0603603002,0,719,06,Badajoz,06036,Castuera,0603603,92,False
0604701001,0,912,06,Badajoz,06047,Esparragosa de la Serena,0604701,114,False
0608701001,0,879,06,Badajoz,06087,Monterrubio de la Serena,0608701,172,False
0608701002,0,834,06,Badajoz,06087,Monterrubio de la Serena,0608701,172,False
0608702001,0,440,06,Badajoz,06087,Monterrubio de la Serena,0608702,172,False
0616001001,0,1207,06,Badajoz,06160,Zalamea de la Serena,0616001,252,False
0616001002,0,1201,06,Badajoz,06160,Zalamea de la Serena,0616001,252,False
0616001003,0,958,06,Badajoz,06160,Zalamea de la Serena,0616001,252,False
0601502005,1,1826,06,Badajoz,06015,Badajoz,0601502,34,False
0601503003,1,2722,06,Badajoz,06015,Badajoz,0601503,34,False
0601503004,1,1365,06,Badajoz,06015,Badajoz,0601503,36,False
0601503005,1,1021,06,Badajoz,06015,Badajoz,0601503,37,False
0601503007,1,868,06,Badajoz,06015,Badajoz,0601503,37,False
0601503008,1,1371,06,Badajoz,06015,Badajoz,0601503,36,False
0601503009,1,796,06,Badajoz,06015,Badajoz,0601503,37,False
0601503011,1,883,06,Badajoz,06015,Badajoz,0601503,36,False
0601503012,1,1448,06,Badajoz,06015,Badajoz,0601503,38,False
0601503013,1,1423,06,Badajoz,06015,Badajoz,0601503,37,False
0601504015,1,970,06,Badajoz,06015,Badajoz,0601504,38,False
0601504016,1,1503,06,Badajoz,06015,Badajoz,0601504,38,False
0601401001,2,1234,06,Badajoz,06014,Azuaga,0601401,24,False
0601401002,2,709,06,Badajoz,06014,Azuaga,0601401,24,False
0601402001,2,694,06,Badajoz,06014,Azuaga,0601402,24,False
0601402002,2,1921,06,Badajoz,06014,Azuaga,0601402,24,False
0601403001,2,1011,06,Badajoz,06014,Azuaga,0601403,24,False
0601403002,2,766,06,Badajoz,06014,Azuaga,0601403,24,False
0601404001,2,1259,06,Badajoz,06014,Azuaga,0601404,24,False
0601901001,2,806,06,Badajoz,06019,Berlanga,0601901,75,False
0601901002,2,772,06,Badajoz,06019,Berlanga,0601901,75,False
0601902001,2,597,06,Badajoz,06019,Berlanga,0601902,75,False
0602901001,2,1326,06,Badajoz,06029,Campillo de Llerena,0602901,85,False
0605901001,2,1300,06,Badajoz,06059,Granja de Torrehermosa,0605901,126,False
0605901003,2,613,06,Badajoz,06059,Granja de Torrehermosa,0605901,126,False
0606401001,2,881,06,Badajoz,06064,Higuera de la Serena,0606401,131,False
0607601001,2,916,06,Badajoz,06076,Maguilla,0607601,143,False
0607701001,2,351,06,Badajoz,06077,Malcocinado,0607701,144,False
0610101001,2,466,06,Badajoz,06101,Peraleda del Zaucejo,0610101,186,False
0611001001,2,144,06,Badajoz,06110,Reina,0611001,195,False
0611201001,2,427,06,Badajoz,06112,Retamal de Llerena,0611201,197,False
0614401001,2,557,06,Badajoz,06144,Valverde de Llerena,0614401,229,False
0601506001,3,1264,06,Badajoz,06015,Badajoz,0601506,47,False
0601506004,3,1438,06,Badajoz,06015,Badajoz,0601506,48,False
0601506005,3,1636,06,Badajoz,06015,Badajoz,0601506,48,False
0601506006,3,735,06,Badajoz,06015,Badajoz,0601506,49,False
0601507001,3,2424,06,Badajoz,06015,Badajoz,0601507,49,False
0601507002,3,1400,06,Badajoz,06015,Badajoz,0601507,51,False
0601507003,3,2124,06,Badajoz,06015,Badajoz,0601507,47,False
0601507004,3,1902,06,Badajoz,06015,Badajoz,0601507,52,False
0601507008,3,1992,06,Badajoz,06015,Badajoz,0601507,52,False
0601507010,3,1252,06,Badajoz,06015,Badajoz,0601507,51,False
0600801001,4,749,06,Badajoz,06008,Alconera,0600801,8,False
0601301001,4,258,06,Badajoz,06013,Atalaya,0601301,23,False
0602001001,4,1287,06,Badajoz,06020,Bienvenida,0602001,76,False
0602001002,4,713,06,Badajoz,06020,Bienvenida,0602001,76,False
0602401001,4,597,06,Badajoz,06024,Cabeza la Vaca,0602401,80,False
0602402001,4,660,06,Badajoz,06024,Cabeza la Vaca,0602402,80,False
0602601001,4,914,06,Badajoz,06026,Calera de León,0602601,82,False
0602701001,4,680,06,Badajoz,06027,Calzadilla de los Barros,0602701,83,False
0605201001,4,918,06,Badajoz,06052,Fuente de Cantos,0605201,119,False
0605202001,4,947,06,Badajoz,06052,Fuente de Cantos,0605202,119,False
0605203001,4,1770,06,Badajoz,06052,Fuente de Cantos,0605203,119,False
0605203002,4,949,06,Badajoz,06052,Fuente de Cantos,0605203,119,False
0606801001,4,477,06,Badajoz,06068,Hinojosa del Valle,0606801,135,False
0608101001,4,1163,06,Badajoz,06081,Medina de las Torres,0608101,148,False
0610801001,4,1304,06,Badajoz,06108,Puebla de Sancho Pérez,0610801,193,False
0610801002,4,1336,06,Badajoz,06108,Puebla de Sancho Pérez,0610801,193,False
0613601001,4,788,06,Badajoz,06136,Usagre,0613601,221,False
0613601002,4,910,06,Badajoz,06136,Usagre,0613601,221,False
0614201001,4,260,06,Badajoz,06142,Valverde de Burguillos,0614201,227,False
0601504011,5,1310,06,Badajoz,06015,Badajoz,0601504,41,False
0601504014,5,1493,06,Badajoz,06015,Badajoz,0601504,41,False
0601505003,5,707,06,Badajoz,06015,Badajoz,0601505,44,False
0601505004,5,795,06,Badajoz,06015,Badajoz,0601505,44,False
0601505005,5,1043,06,Badajoz,06015,Badajoz,0601505,45,False
0601505020,5,785,06,Badajoz,06015,Badajoz,0601505,44,False
0601505025,5,963,06,Badajoz,06015,Badajoz,0601505,44,False
0601509009,5,659,06,Badajoz,06015,Badajoz,0601509,45,False
0601509018,5,631,06,Badajoz,06015,Badajoz,0601509,45,False
0601509019,5,895,06,Badajoz,06015,Badajoz,0601509,45,False
0601509021,5,1391,06,Badajoz,06015,Badajoz,0601509,63,False
0601509022,5,814,06,Badajoz,06015,Badajoz,0601509,63,False
0601509023,5,878,06,Badajoz,06015,Badajoz,0601509,64,False
0601509032,5,1035,06,Badajoz,06015,Badajoz,0601509,63,False
0601510001,5,1955,06,Badajoz,06015,Badajoz,0601510,64,False
0601501001,6,1418,06,Badajoz,06015,Badajoz,0601501,25,False
0601501003,6,1186,06,Badajoz,06015,Badajoz,0601501,25,False
0601501005,6,1579,06,Badajoz,06015,Badajoz,0601501,27,False
0601502001,6,1968,06,Badajoz,06015,Badajoz,0601502,31,False
0601502004,6,1926,06,Badajoz,06015,Badajoz,0601502,33,False
0601503001,6,1563,06,Badajoz,06015,Badajoz,0601503,35,False
0601503002,6,1811,06,Badajoz,06015,Badajoz,0601503,35,False
0601503006,6,1230,06,Badajoz,06015,Badajoz,0601503,33,False
0601503010,6,1172,06,Badajoz,06015,Badajoz,0601503,31,False
0601504001,6,1517,06,Badajoz,06015,Badajoz,0601504,27,False
0601504003,6,1033,06,Badajoz,06015,Badajoz,0601504,27,False
0601501002,7,832,06,Badajoz,06015,Badajoz,0601501,26,False
0601501008,7,1669,06,Badajoz,06015,Badajoz,0601501,28,False
0601501010,7,1456,06,Badajoz,06015,Badajoz,0601501,29,False
0601501011,7,1285,06,Badajoz,06015,Badajoz,0601501,29,False
0601501012,7,693,06,Badajoz,06015,Badajoz,0601501,30,False
0601504005,7,1390,06,Badajoz,06015,Badajoz,0601504,30,False
0601504006,7,2451,06,Badajoz,06015,Badajoz,0601504,26,False
0601504007,7,1580,06,Badajoz,06015,Badajoz,0601504,40,False
0601504009,7,1147,06,Badajoz,06015,Badajoz,0601504,40,False
0601504010,7,1005,06,Badajoz,06015,Badajoz,0601504,40,False
0601505001,7,1143,06,Badajoz,06015,Badajoz,0601505,30,False
0601505006,7,1544,06,Badajoz,06015,Badajoz,0601505,28,False
0609501001,8,861,06,Badajoz,06095,Olivenza,0609501,180,False
0609501002,8,2059,06,Badajoz,06095,Olivenza,0609501,180,False
0609501003,8,777,06,Badajoz,06095,Olivenza,0609501,180,False
0609501004,8,1885,06,Badajoz,06095,Olivenza,0609501,180,False
0609501005,8,1094,06,Badajoz,06095,Olivenza,0609501,180,False
0609501007,8,986,06,Badajoz,06095,Olivenza,0609501,180,False
0609501008,8,1405,06,Badajoz,06095,Olivenza,0609501,180,False
0609501009,8,2708,06,Badajoz,06095,Olivenza,0609501,180,False
0614301001,8,1681,06,Badajoz,06143,Valverde de Leganés,0614301,228,False
0614302001,8,1148,06,Badajoz,06143,Valverde de Leganés,0614302,228,False
0614302002,8,1406,06,Badajoz,06143,Valverde de Leganés,0614302,228,False
0604401003,9,1827,06,Badajoz,06044,Don Benito,0604401,102,False
0604402002,9,1707,06,Badajoz,06044,Don Benito,0604402,104,False
0604402003,9,697,06,Badajoz,06044,Don Benito,0604402,105,False
0604402004,9,1624,06,Badajoz,06044,Don Benito,0604402,104,False
0604403002,9,1522,06,Badajoz,06044,Don Benito,0604403,107,False
0604403003,9,2495,06,Badajoz,06044,Don Benito,0604403,105,False
0604403004,9,979,06,Badajoz,06044,Don Benito,0604403,107,False
0604404003,9,1302,06,Badajoz,06044,Don Benito,0604404,102,False
0604404004,9,1423,06,Badajoz,06044,Don Benito,0604404,110,False
0604405008,9,2255,06,Badajoz,06044,Don Benito,0604405,110,False
0607901001,9,741,06,Badajoz,06079,Manchita,0607901,146,False
0607501001,10,502,06,Badajoz,06075,Magacela,0607501,142,False
0615301001,10,1050,06,Badajoz,06153,Villanueva de la Serena,0615301,238,False
0615301003,10,1446,06,Badajoz,06153,Villanueva de la Serena,0615301,238,False
0615301004,10,1173,06,Badajoz,06153,Villanueva de la Serena,0615301,238,False
0615302001,10,1418,06,Badajoz,06153,Villanueva de la Serena,0615302,240,False
0615302002,10,1052,06,Badajoz,06153,Villanueva de la Serena,0615302,241,False
0615302003,10,1146,06,Badajoz,06153,Villanueva de la Serena,0615302,241,False
0615302004,10,1989,06,Badajoz,06153,Villanueva de la Serena,0615302,240,False
0615302005,10,1039,06,Badajoz,06153,Villanueva de la Serena,0615302,241,False
0615302006,10,1441,06,Badajoz,06153,Villanueva de la Serena,0615302,242,False
0615303003,10,1960,06,Badajoz,06153,Villanueva de la Serena,0615303,242,False
0615303005,10,2190,06,Badajoz,06153,Villanueva de la Serena,0615303,244,False
0601701001,11,231,06,Badajoz,06017,Baterno,0601701,73,False
0603301001,11,796,06,Badajoz,06033,Casas de Don Pedro,0603301,89,False
0603302001,11,580,06,Badajoz,06033,Casas de Don Pedro,0603302,89,False
0603501001,11,824,06,Badajoz,06035,Castilblanco,0603501,91,False
0605101001,11,1010,06,Badajoz,06051,Fuenlabrada de los Montes,0605101,118,False
0605101002,11,684,06,Badajoz,06051,Fuenlabrada de los Montes,0605101,118,False
0605601001,11,450,06,Badajoz,06056,Garbayuela,0605601,123,False
0605701001,11,510,06,Badajoz,06057,Garlitos,0605701,124,False
0606201001,11,556,06,Badajoz,06062,Helechosa de los Montes,0606201,129,False
0606301001,11,693,06,Badajoz,06063,Herrera del Duque,0606301,130,False
0606302001,11,773,06,Badajoz,06063,Herrera del Duque,0606302,130,False
0606303001,11,1923,06,Badajoz,06063,Herrera del Duque,0606303,130,False
0610201001,11,1090,06,Badajoz,06102,Puebla de Alcocer,0610201,187,False
0612501001,11,722,06,Badajoz,06125,Siruela,0612501,210,False
0612502001,11,1043,06,Badajoz,06125,Siruela,0612502,210,False
0612701001,11,920,06,Badajoz,06127,Talarrubias,0612701,212,False
0612701002,11,994,06,Badajoz,06127,Talarrubias,0612701,212,False
0612701003,11,1336,06,Badajoz,06127,Talarrubias,0612701,212,False
0613001001,11,190,06,Badajoz,06130,Tamurejo,0613001,215,False
0613701001,11,1033,06,Badajoz,06137,Valdecaballeros,0613701,222,False
0615701001,11,375,06,Badajoz,06157,Villarta de los Montes,0615701,249,False
0602801001,12,706,06,Badajoz,06028,Campanario,0602801,84,False
0602801002,12,994,06,Badajoz,06028,Campanario,0602801,84,False
0602802001,12,772,06,Badajoz,06028,Campanario,0602802,84,False
0602802002,12,939,06,Badajoz,06028,Campanario,0602802,84,False
0602803001,12,1289,06,Badajoz,06028,Campanario,0602803,84,False
0603001001,12,142,06,Badajoz,06030,Capilla,0603001,86,False
0603901001,12,998,06,Badajoz,06039,"Coronada, La",0603901,95,False
0603901002,12,1138,06,Badajoz,06039,"Coronada, La",0603901,95,False
0604801001,12,839,06,Badajoz,06048,Esparragosa de Lares,0604801,115,False
0609101001,12,888,06,Badajoz,06091,Navalvillar de Pela,0609101,176,False
0609101002,12,1303,06,Badajoz,06091,Navalvillar de Pela,0609101,176,False
0609102001,12,709,06,Badajoz,06091,Navalvillar de Pela,0609102,176,False
0609102002,12,1398,06,Badajoz,06091,Navalvillar de Pela,0609102,176,False
0609601001,12,254,06,Badajoz,06096,Orellana de la Sierra,0609601,181,False
0609701001,12,1416,06,Badajoz,06097,Orellana la Vieja,0609701,182,False
0609701002,12,1166,06,Badajoz,06097,Orellana la Vieja,0609701,182,False
0610001001,12,807,06,Badajoz,06100,Peñalsordo,0610001,185,False
0611401001,12,126,06,Badajoz,06114,Risco,0611401,199,False
0611801001,12,141,06,Badajoz,06118,Sancti-Spíritus,0611801,203,False
0616101001,12,295,06,Badajoz,06161,Zarza-Capilla,0616101,253,False
0607101001,13,298,06,Badajoz,06071,"Lapa, La",0607101,138,False
0615801001,13,1485,06,Badajoz,06158,Zafra,0615801,250,False
0615801002,13,827,06,Badajoz,06158,Zafra,0615801,250,False
0615801003,13,1539,06,Badajoz,06158,Zafra,0615801,250,False
0615801004,13,1196,06,Badajoz,06158,Zafra,0615801,250,False
0615801005,13,1150,06,Badajoz,06158,Zafra,0615801,250,False
0615801006,13,2547,06,Badajoz,06158,Zafra,0615801,250,False
0615802001,13,2272,06,Badajoz,06158,Zafra,0615802,250,False
0615802002,13,1268,06,Badajoz,06158,Zafra,0615802,250,False
0615802003,13,1256,06,Badajoz,06158,Zafra,0615802,250,False
0615802004,13,2181,06,Badajoz,06158,Zafra,0615802,250,False
0615802005,13,987,06,Badajoz,06158,Zafra,0615802,250,False
0607201001,14,1266,06,Badajoz,06072,Lobón,0607201,139,False
0607201002,14,1492,06,Badajoz,06072,Lobón,0607201,139,False
0610301001,14,750,06,Badajoz,06103,Puebla de la Calzada,0610301,188,False
0610301002,14,2400,06,Badajoz,06103,Puebla de la Calzada,0610301,188,False
0610302001,14,1142,06,Badajoz,06103,Puebla de la Calzada,0610302,188,False
0610302002,14,1517,06,Badajoz,06103,Puebla de la Calzada,0610302,188,False
0612801001,14,889,06,Badajoz,06128,Talavera la Real,0612801,213,False
0612801002,14,1787,06,Badajoz,06128,Talavera la Real,0612801,213,False
0612801003,14,1984,06,Badajoz,06128,Talavera la Real,0612801,213,False
0612801004,14,823,06,Badajoz,06128,Talavera la Real,0612801,213,False
0608301001,15,763,06,Badajoz,06083,Mérida,0608301,150,False
0608301003,15,1482,06,Badajoz,06083,Mérida,0608301,150,False
0608301007,15,899,06,Badajoz,06083,Mérida,0608301,150,False
0608302001,15,737,06,Badajoz,06083,Mérida,0608302,153,False
0608302002,15,883,06,Badajoz,06083,Mérida,0608302,154,False
0608302003,15,922,06,Badajoz,06083,Mérida,0608302,153,False
0608302004,15,1284,06,Badajoz,06083,Mérida,0608302,154,False
0608302005,15,950,06,Badajoz,06083,Mérida,0608302,154,False
0608303004,15,1485,06,Badajoz,06083,Mérida,0608303,153,False
0608303005,15,1251,06,Badajoz,06083,Mérida,0608303,157,False
0608303006,15,2518,06,Badajoz,06083,Mérida,0608303,158,False
0608303010,15,1715,06,Badajoz,06083,Mérida,0608303,157,False
0608303011,15,1109,06,Badajoz,06083,Mérida,0608303,158,False
0601101002,16,1983,06,Badajoz,06011,Almendralejo,0601101,12,False
0601101003,16,1871,06,Badajoz,06011,Almendralejo,0601101,13,False
0601101004,16,882,06,Badajoz,06011,Almendralejo,0601101,12,False
0601102002,16,1258,06,Badajoz,06011,Almendralejo,0601102,14,False
0601102003,16,2240,06,Badajoz,06011,Almendralejo,0601102,14,False
0601102004,16,1678,06,Badajoz,06011,Almendralejo,0601102,13,False
0601102005,16,1377,06,Badajoz,06011,Almendralejo,0601102,15,False
0601103001,16,873,06,Badajoz,06011,Almendralejo,0601103,15,False
0601103004,16,1344,06,Badajoz,06011,Almendralejo,0601103,15,False
0601104001,16,1711,06,Badajoz,06011,Almendralejo,0601104,21,False
0601104003,16,2355,06,Badajoz,06011,Almendralejo,0601104,21,False
0601504012,17,1371,06,Badajoz,06015,Badajoz,0601504,42,False
0601505011,17,780,06,Badajoz,06015,Badajoz,0601505,46,False
0601505012,17,1076,06,Badajoz,06015,Badajoz,0601505,46,False
0601505013,17,1459,06,Badajoz,06015,Badajoz,0601505,46,False
0601510015,17,1389,06,Badajoz,06015,Badajoz,0601510,70,False
0601510016,17,2182,06,Badajoz,06015,Badajoz,0601510,70,False
0601510017,17,2465,06,Badajoz,06015,Badajoz,0601510,42,False
0601510035,17,2433,06,Badajoz,06015,Badajoz,0601510,71,False
0601510036,17,1897,06,Badajoz,06015,Badajoz,0601510,71,False
0604401001,18,1297,06,Badajoz,06044,Don Benito,0604401,100,False
0604401002,18,1040,06,Badajoz,06044,Don Benito,0604401,101,False
0604401004,18,1184,06,Badajoz,06044,Don Benito,0604401,101,False
0604402001,18,1994,06,Badajoz,06044,Don Benito,0604402,100,False
0604403001,18,2058,06,Badajoz,06044,Don Benito,0604403,106,False
0604403005,18,1406,06,Badajoz,06044,Don Benito,0604403,106,False
0604404001,18,2214,06,Badajoz,06044,Don Benito,0604404,108,False
0604404002,18,1999,06,Badajoz,06044,Don Benito,0604404,109,False
0604405001,18,923,06,Badajoz,06044,Don Benito,0604405,101,False
0604405002,18,1516,06,Badajoz,06044,Don Benito,0604405,108,False
0608303001,19,762,06,Badajoz,06083,Mérida,0608303,155,False
0608303002,19,1639,06,Badajoz,06083,Mérida,0608303,156,False
0608303003,19,740,06,Badajoz,06083,Mérida,0608303,155,False
0608303007,19,952,06,Badajoz,06083,Mérida,0608303,155,False
0608304002,19,2666,06,Badajoz,06083,Mérida,0608304,160,False
0608304005,19,836,06,Badajoz,06083,Mérida,0608304,161,False
0608304006,19,858,06,Badajoz,06083,Mérida,0608304,156,False
0608304007,19,2274,06,Badajoz,06083,Mérida,0608304,162,False
0608304008,19,2369,06,Badajoz,06083,Mérida,0608304,161,False
0608304009,19,1058,06,Badajoz,06083,Mérida,0608304,162,False
0608304012,19,2107,06,Badajoz,06083,Mérida,0608304,164,False
0606901001,20,1323,06,Badajoz,06069,Hornachos,0606901,136,False
0606901002,20,412,06,Badajoz,06069,Hornachos,0606901,136,False
0606901003,20,1647,06,Badajoz,06069,Hornachos,0606901,136,False
0609801001,20,648,06,Badajoz,06098,Palomas,0609801,183,False
0610401001,20,690,06,Badajoz,06104,Puebla de la Reina,0610401,189,False
0610601001,20,462,06,Badajoz,06106,Puebla del Prior,0610601,191,False
0611301001,20,1188,06,Badajoz,06113,Ribera del Fresno,0611301,198,False
0611301002,20,840,06,Badajoz,06113,Ribera del Fresno,0611301,198,False
0611301003,20,1125,06,Badajoz,06113,Ribera del Fresno,0611301,198,False
0612201001,20,2157,06,Badajoz,06122,"Santos de Maimona, Los",0612201,207,False
0612201002,20,761,06,Badajoz,06122,"Santos de Maimona, Los",0612201,207,False
0612202001,20,1076,06,Badajoz,06122,"Santos de Maimona, Los",0612202,207,False
0612202002,20,1463,06,Badajoz,06122,"Santos de Maimona, Los",0612202,207,False
0612203001,20,1092,06,Badajoz,06122,"Santos de Maimona, Los",0612203,207,False
0612203002,20,1552,06,Badajoz,06122,"Santos de Maimona, Los",0612203,207,False
0600101001,21,816,06,Badajoz,06001,Acedera,0600101,1,False
0604405003,21,601,06,Badajoz,06044,Don Benito,0604405,111,False
0604405004,21,685,06,Badajoz,06044,Don Benito,0604405,111,False
0604405005,21,909,06,Badajoz,06044,Don Benito,0604405,111,False
0604405006,21,635,06,Badajoz,06044,Don Benito,0604405,111,False
0604405007,21,889,06,Badajoz,06044,Don Benito,0604405,111,False
0608001001,21,600,06,Badajoz,06080,Medellín,0608001,147,False
0608001002,21,1644,06,Badajoz,06080,Medellín,0608001,147,False
0611101001,21,607,06,Badajoz,06111,Rena,0611101,196,False
0612001001,21,1280,06,Badajoz,06120,Santa Amalia,0612001,205,False
0612001002,21,1295,06,Badajoz,06120,Santa Amalia,0612001,205,False
0612001003,21,1310,06,Badajoz,06120,Santa Amalia,0612001,205,False
0613801001,21,1105,06,Badajoz,06138,Valdetorres,0613801,223,False
0615304001,21,698,06,Badajoz,06153,Villanueva de la Serena,0615304,245,False
0615304002,21,858,06,Badajoz,06153,Villanueva de la Serena,0615304,245,False
0615304003,21,803,06,Badajoz,06153,Villanueva de la Serena,0615304,245,False
0615304004,21,849,06,Badajoz,06153,Villanueva de la Serena,0615304,245,False
0615601001,21,1325,06,Badajoz,06156,Villar de Rena,0615601,248,False
0608801001,22,1088,06,Badajoz,06088,Montijo,0608801,173,False
0608801002,22,1897,06,Badajoz,06088,Montijo,0608801,173,False
0608801004,22,2011,06,Badajoz,06088,Montijo,0608801,173,False
0608801005,22,1875,06,Badajoz,06088,Montijo,0608801,173,False
0608802001,22,1192,06,Badajoz,06088,Montijo,0608802,173,False
0608802002,22,932,06,Badajoz,06088,Montijo,0608802,173,False
0608802004,22,1479,06,Badajoz,06088,Montijo,0608802,173,False
0608803001,22,1173,06,Badajoz,06088,Montijo,0608803,173,False
0608803002,22,1178,06,Badajoz,06088,Montijo,0608803,173,False
0608804001,22,602,06,Badajoz,06088,Montijo,0608804,173,False
0608804002,22,1768,06,Badajoz,06088,Montijo,0608804,173,False
0613201001,22,995,06,Badajoz,06132,Torremayor,0613201,217,False
0600201001,23,1213,06,Badajoz,06002,Aceuchal,0600201,2,False
0600201002,23,964,06,Badajoz,06002,Aceuchal,0600201,2,False
0600201003,23,1275,06,Badajoz,06002,Aceuchal,0600201,2,False
0600202001,23,1860,06,Badajoz,06002,Aceuchal,0600202,2,False
0604901001,23,1054,06,Badajoz,06049,Feria,0604901,116,False
0605401001,23,1312,06,Badajoz,06054,Fuente del Maestre,0605401,121,False
0605401002,23,974,06,Badajoz,06054,Fuente del Maestre,0605401,121,False
0605401003,23,1009,06,Badajoz,06054,Fuente del Maestre,0605401,121,False
0605402001,23,1583,06,Badajoz,06054,Fuente del Maestre,0605402,121,False
0605402002,23,1675,06,Badajoz,06054,Fuente del Maestre,0605402,121,False
0608901001,23,701,06,Badajoz,06089,"Morera, La",0608901,174,False
0609901001,23,1298,06,Badajoz,06099,"Parra, La",0609901,184,False
0611701001,23,725,06,Badajoz,06117,Salvatierra de los Barros,0611701,202,False
0611702001,23,823,06,Badajoz,06117,Salvatierra de los Barros,0611702,202,False
0600301001,24,792,06,Badajoz,06003,Ahillones,0600301,3,False
0603401001,24,200,06,Badajoz,06034,Casas de Reina,0603401,90,False
0605301001,24,650,06,Badajoz,06053,Fuente del Arco,0605301,120,False
0606501001,24,343,06,Badajoz,06065,Higuera de Llerena,0606501,132,False
0607301001,24,780,06,Badajoz,06073,Llera,0607301,140,False
0607401001,24,1775,06,Badajoz,06074,Llerena,0607401,141,False
0607401002,24,779,06,Badajoz,06074,Llerena,0607401,141,False
0607402001,24,1911,06,Badajoz,06074,Llerena,0607402,141,False
0607403001,24,1198,06,Badajoz,06074,Llerena,0607403,141,False
0608501001,24,808,06,Badajoz,06085,Monesterio,0608501,170,False
0608501002,24,1310,06,Badajoz,06085,Monesterio,0608501,170,False
0608502001,24,1403,06,Badajoz,06085,Monesterio,0608502,170,False
0608502002,24,727,06,Badajoz,06085,Monesterio,0608502,170,False
0608601001,24,1234,06,Badajoz,06086,Montemolín,0608601,171,False
0610501001,24,651,06,Badajoz,06105,Puebla del Maestre,0610501,190,False
0613401001,24,589,06,Badajoz,06134,Trasierra,0613401,219,False
0613901001,24,488,06,Badajoz,06139,Valencia de las Torres,0613901,224,False
0615001001,24,911,06,Badajoz,06150,Villagarcía de la Torre,0615001,235,False
0600601001,25,983,06,Badajoz,06006,Alburquerque,0600601,6,False
0600602001,25,1121,06,Badajoz,06006,Alburquerque,0600602,6,False
0600603001,25,2025,06,Badajoz,06006,Alburquerque,0600603,6,False
0600604001,25,801,06,Badajoz,06006,Alburquerque,0600604,6,False
0603701001,25,1978,06,Badajoz,06037,"Codosera, La",0603701,93,False
0612301001,25,1498,06,Badajoz,06123,San Vicente de Alcántara,0612301,208,False
0612301002,25,767,06,Badajoz,06123,San Vicente de Alcántara,0612301,208,False
0612302001,25,1571,06,Badajoz,06123,San Vicente de Alcántara,0612302,208,False
0612303001,25,1399,06,Badajoz,06123,San Vicente de Alcántara,0612303,208,False
0615501001,25,928,06,Badajoz,06155,Villar del Rey,0615501,247,False
0615501002,25,1141,06,Badajoz,06155,Villar del Rey,0615501,247,False
0601101001,26,1594,06,Badajoz,06011,Almendralejo,0601101,11,False
0601102001,26,1553,06,Badajoz,06011,Almendralejo,0601102,11,False
0601102006,26,1285,06,Badajoz,06011,Almendralejo,0601102,16,False
0601102007,26,2432,06,Badajoz,06011,Almendralejo,0601102,17,False
0601102008,26,1993,06,Badajoz,06011,Almendralejo,0601102,18,False
0601102009,26,991,06,Badajoz,06011,Almendralejo,0601102,16,False
0601103002,26,2098,06,Badajoz,06011,Almendralejo,0601103,19,False
0601103003,26,2385,06,Badajoz,06011,Almendralejo,0601103,20,False
0601103005,26,989,06,Badajoz,06011,Almendralejo,0601103,19,False
0601104002,26,1652,06,Badajoz,06011,Almendralejo,0601104,18,False
0600401001,27,853,06,Badajoz,06004,Alange,0600401,4,False
0600401002,27,950,06,Badajoz,06004,Alange,0600401,4,False
0614901001,27,1270,06,Badajoz,06149,Villafranca de los Barros,0614901,234,False
0614901002,27,797,06,Badajoz,06149,Villafranca de los Barros,0614901,234,False
0614902001,27,922,06,Badajoz,06149,Villafranca de los Barros,0614902,234,False
0614902002,27,1957,06,Badajoz,06149,Villafranca de los Barros,0614902,234,False
0614902003,27,950,06,Badajoz,06149,Villafranca de los Barros,0614902,234,False
0614903001,27,752,06,Badajoz,06149,Villafranca de los Barros,0614903,234,False
0614903002,27,1366,06,Badajoz,06149,Villafranca de los Barros,0614903,234,False
0614903003,27,1184,06,Badajoz,06149,Villafranca de los Barros,0614903,234,False
0614904001,27,1080,06,Badajoz,06149,Villafranca de los Barros,0614904,234,False
0614904002,27,2007,06,Badajoz,06149,Villafranca de los Barros,0614904,234,False
0616201001,27,861,06,Badajoz,06162,"Zarza, La",0616201,254,False
0616201002,27,1176,06,Badajoz,06162,"Zarza, La",0616201,254,False
0616201003,27,1309,06,Badajoz,06162,"Zarza, La",0616201,254,False
0602101001,28,983,06,Badajoz,06021,Bodonal de la Sierra,0602101,77,False
0602201001,28,1184,06,Badajoz,06022,Burguillos del Cerro,0602201,78,False
0602201003,28,1755,06,Badajoz,06022,Burguillos del Cerro,0602201,78,False
0605001001,28,801,06,Badajoz,06050,Fregenal de la Sierra,0605001,117,False
0605001002,28,856,06,Badajoz,06050,Fregenal de la Sierra,0605001,117,False
0605002001,28,1477,06,Badajoz,06050,Fregenal de la Sierra,0605002,117,False
0605003001,28,1578,06,Badajoz,06050,Fregenal de la Sierra,0605003,117,False
0605501001,28,888,06,Badajoz,06055,Fuentes de León,0605501,122,False
0605502001,28,668,06,Badajoz,06055,Fuentes de León,0605502,122,False
0605502002,28,563,06,Badajoz,06055,Fuentes de León,0605502,122,False
0606701001,28,1030,06,Badajoz,06067,Higuera la Real,0606701,134,False
0606701002,28,1160,06,Badajoz,06067,Higuera la Real,0606701,134,False
0612401001,28,828,06,Badajoz,06124,Segura de León,0612401,209,False
0612402001,28,933,06,Badajoz,06124,Segura de León,0612402,209,False
0614101001,28,665,06,Badajoz,06141,Valencia del Ventoso,0614101,226,False
0614101002,28,1206,06,Badajoz,06141,Valencia del Ventoso,0614101,226,False
0604401005,29,2828,06,Badajoz,06044,Don Benito,0604401,103,False
0606101001,29,1184,06,Badajoz,06061,"Haba, La",0606101,128,False
0607801001,29,507,06,Badajoz,06078,Malpartida de la Serena,0607801,145,False
0610901001,29,1309,06,Badajoz,06109,Quintana de la Serena,0610901,194,False
0610901002,29,872,06,Badajoz,06109,Quintana de la Serena,0610901,194,False
0610901003,29,1106,06,Badajoz,06109,Quintana de la Serena,0610901,194,False
0610901004,29,1140,06,Badajoz,06109,Quintana de la Serena,0610901,194,False
0614601001,29,1073,06,Badajoz,06146,Valle de la Serena,0614601,231,False
0615301002,29,1254,06,Badajoz,06153,Villanueva de la Serena,0615301,239,False
0615303001,29,1688,06,Badajoz,06153,Villanueva de la Serena,0615303,243,False
0615303002,29,1720,06,Badajoz,06153,Villanueva de la Serena,0615303,243,False
0615303004,29,1977,06,Badajoz,06153,Villanueva de la Serena,0615303,239,False
0607001001,30,1165,06,Badajoz,06070,Jerez de los Caballeros,0607001,137,False
0607001002,30,1834,06,Badajoz,06070,Jerez de los Caballeros,0607001,137,False
0607002001,30,1876,06,Badajoz,06070,Jerez de los Caballeros,0607002,137,False
0607002002,30,818,06,Badajoz,06070,Jerez de los Caballeros,0607002,137,False
0607003001,30,1689,06,Badajoz,06070,Jerez de los Caballeros,0607003,137,False
0607004001,30,759,06,Badajoz,06070,Jerez de los Caballeros,0607004,137,False
0607005001,30,963,06,Badajoz,06070,Jerez de los Caballeros,0607005,137,False
0609301001,30,725,06,Badajoz,06093,Oliva de la Frontera,0609301,178,False
0609301002,30,1003,06,Badajoz,06093,Oliva de la Frontera,0609301,178,False
0609302001,30,1362,06,Badajoz,06093,Oliva de la Frontera,0609302,178,False
0609302002,30,753,06,Badajoz,06093,Oliva de la Frontera,0609302,178,False
0609303001,30,1060,06,Badajoz,06093,Oliva de la Frontera,0609303,178,False
0614701001,30,335,06,Badajoz,06147,Valle de Matamoros,0614701,232,False
0614801001,30,1094,06,Badajoz,06148,Valle de Santa Ana,0614801,233,False
0600701001,31,751,06,Badajoz,06007,Alconchel,0600701,7,False
0600701002,31,843,06,Badajoz,06007,Alconchel,0600701,7,False
0601601001,31,1362,06,Badajoz,06016,Barcarrota,0601601,72,False
0601602001,31,809,06,Badajoz,06016,Barcarrota,0601602,72,False
0601603001,31,1293,06,Badajoz,06016,Barcarrota,0601603,72,False
0604201001,31,1175,06,Badajoz,06042,Cheles,0604201,98,False
0606601001,31,827,06,Badajoz,06066,Higuera de Vargas,0606601,133,False
0606601002,31,1004,06,Badajoz,06066,Higuera de Vargas,0606601,133,False
0612901001,31,652,06,Badajoz,06129,Táliga,0612901,214,False
0614001001,31,704,06,Badajoz,06140,Valencia del Mombuey,0614001,225,False
0615401001,31,775,06,Badajoz,06154,Villanueva del Fresno,0615401,246,False
0615401002,31,1031,06,Badajoz,06154,Villanueva del Fresno,0615401,246,False
0615401003,31,1453,06,Badajoz,06154,Villanueva del Fresno,0615401,246,False
0615901001,31,995,06,Badajoz,06159,Zahínos,0615901,251,False
0615902001,31,1782,06,Badajoz,06159,Zahínos,0615902,251,False
0601509024,32,862,06,Badajoz,06015,Badajoz,0601509,65,False
0601509026,32,1870,06,Badajoz,06015,Badajoz,0601509,66,False
0601509027,32,1267,06,Badajoz,06015,Badajoz,0601509,67,False
0601509028,32,979,06,Badajoz,06015,Badajoz,0601509,65,False
0601509029,32,1579,06,Badajoz,06015,Badajoz,0601509,67,False
0601509030,32,1581,06,Badajoz,06015,Badajoz,0601509,68,False
0601509031,32,1136,06,Badajoz,06015,Badajoz,0601509,66,False
0601509036,32,1554,06,Badajoz,06015,Badajoz,0601509,69,False
0601509037,32,1250,06,Badajoz,06015,Badajoz,0601509,68,False
0601510034,32,1349,06,Badajoz,06015,Badajoz,0601510,65,False
0601510037,32,1758,06,Badajoz,06015,Badajoz,0601510,69,False
0601506008,33,1701,06,Badajoz,06015,Badajoz,0601506,50,False
0601507005,33,1225,06,Badajoz,06015,Badajoz,0601507,53,False
0601507006,33,1100,06,Badajoz,06015,Badajoz,0601507,50,False
0601507007,33,1976,06,Badajoz,06015,Badajoz,0601507,54,False
0601507009,33,864,06,Badajoz,06015,Badajoz,0601507,53,False
0601507011,33,1119,06,Badajoz,06015,Badajoz,0601507,55,False
0601507012,33,1984,06,Badajoz,06015,Badajoz,0601507,56,False
0601507013,33,1395,06,Badajoz,06015,Badajoz,0601507,55,False
0601507014,33,1841,06,Badajoz,06015,Badajoz,0601507,57,False
0601509008,33,956,06,Badajoz,06015,Badajoz,0601509,56,False
0601509010,33,1278,06,Badajoz,06015,Badajoz,0601509,54,False
0601001001,34,1205,06,Badajoz,06010,Almendral,0601001,10,False
0601504002,34,1327,06,Badajoz,06015,Badajoz,0601504,39,False
0601504013,34,2247,06,Badajoz,06015,Badajoz,0601504,43,False
0601504017,34,1034,06,Badajoz,06015,Badajoz,0601504,39,False
0601504018,34,1233,06,Badajoz,06015,Badajoz,0601504,39,False
0601510033,34,1019,06,Badajoz,06015,Badajoz,0601510,43,False
0604501001,34,570,06,Badajoz,06045,Entrín Bajo,0604501,112,False
0609201001,34,633,06,Badajoz,06092,Nogales,0609201,177,False
0611601001,34,810,06,Badajoz,06116,Salvaleón,0611601,201,False
0611602001,34,837,06,Badajoz,06116,Salvaleón,0611602,201,False
0612101001,34,806,06,Badajoz,06121,Santa Marta,0612101,206,False
0612101002,34,1109,06,Badajoz,06121,Santa Marta,0612101,206,False
0612102001,34,2284,06,Badajoz,06121,Santa Marta,0612102,206,False
0613101001,34,1233,06,Badajoz,06131,Torre de Miguel Sesmero,0613101,216,False
0600901001,35,252,06,Badajoz,06009,Aljucén,0600901,9,False
0604101001,35,548,06,Badajoz,06041,Cristina,0604101,97,False
0606001001,35,1859,06,Badajoz,06060,Guareña,0606001,127,False
0606001002,35,1434,06,Badajoz,06060,Guareña,0606001,127,False
0606002001,35,1493,06,Badajoz,06060,Guareña,0606002,127,False
0606002002,35,753,06,Badajoz,06060,Guareña,0606002,127,False
0606003001,35,1122,06,Badajoz,06060,Guareña,0606003,127,False
0608201001,35,502,06,Badajoz,06082,Mengabril,0608201,149,False
0608303009,35,2239,06,Badajoz,06083,Mérida,0608303,159,False
0608304001,35,1381,06,Badajoz,06083,Mérida,0608304,159,False
0608401001,35,1235,06,Badajoz,06084,Mirandilla,0608401,169,False
0609401001,35,963,06,Badajoz,06094,Oliva de Mérida,0609401,179,False
0609402001,35,699,06,Badajoz,06094,Oliva de Mérida,0609402,179,False
0611901001,35,869,06,Badajoz,06119,San Pedro de Mérida,0611901,204,False
0613501001,35,1409,06,Badajoz,06135,Trujillanos,0613501,220,False
0600501001,36,1305,06,Badajoz,06005,"Albuera, La",0600501,5,False
0600501002,36,706,06,Badajoz,06005,"Albuera, La",0600501,5,False
0601508009,36,1395,06,Badajoz,06015,Badajoz,0601508,60,False
0601508010,36,1589,06,Badajoz,06015,Badajoz,0601508,60,False
0601508013,36,2288,06,Badajoz,06015,Badajoz,0601508,61,False
0601508014,36,1539,06,Badajoz,06015,Badajoz,0601508,61,False
0601508015,36,2742,06,Badajoz,06015,Badajoz,0601508,62,False
0604001001,36,1175,06,Badajoz,06040,Corte de Peleas,0604001,96,False
0612601001,36,905,06,Badajoz,06126,Solana de los Barros,0612601,211,False
0612601002,36,1646,06,Badajoz,06126,Solana de los Barros,0612601,211,False
0615201001,36,672,06,Badajoz,06152,Villalba de los Barros,0615201,237,False
0615201002,36,773,06,Badajoz,06152,Villalba de los Barros,0615201,237,False
0604301001,37,843,06,Badajoz,06043,Don Álvaro,0604301,99,False
0608301004,37,898,06,Badajoz,06083,Mérida,0608301,151,False
0608301005,37,1254,06,Badajoz,06083,Mérida,0608301,152,False
0608301008,37,694,06,Badajoz,06083,Mérida,0608301,151,False
0608304011,37,1672,06,Badajoz,06083,Mérida,0608304,151,False
0608304013,37,2070,06,Badajoz,06083,Mérida,0608304,152,False
0608305001,37,800,06,Badajoz,06083,Mérida,0608305,165,False
0608306002,37,1041,06,Badajoz,06083,Mérida,0608306,167,False
0608306003,37,925,06,Badajoz,06083,Mérida,0608306,167,False
0608306004,37,1334,06,Badajoz,06083,Mérida,0608306,167,False
0608306006,37,1711,06,Badajoz,06083,Mérida,0608306,165,False
0608306009,37,768,06,Badajoz,06083,Mérida,0608306,165,False
0614501001,37,1002,06,Badajoz,06145,Valverde de Mérida,0614501,230,False
0615101001,37,1226,06,Badajoz,06151,Villagonzalo,0615101,236,False
0601508001,38,1553,06,Badajoz,06015,Badajoz,0601508,58,False
0603101001,38,514,06,Badajoz,06031,Carmonita,0603101,87,False
0603201001,38,80,06,Badajoz,06032,"Carrascalejo, El",0603201,88,False
0603801001,38,816,06,Badajoz,06038,Cordobilla de Lácara,0603801,94,False
0604601001,38,1506,06,Badajoz,06046,Esparragalejo,0604601,113,False
0605801001,38,887,06,Badajoz,06058,"Garrovilla, La",0605801,125,False
0605801002,38,1424,06,Badajoz,06058,"Garrovilla, La",0605801,125,False
0608304010,38,2545,06,Badajoz,06083,Mérida,0608304,163,False
0608304014,38,1570,06,Badajoz,06083,Mérida,0608304,163,False
0608306008,38,1710,06,Badajoz,06083,Mérida,0608306,168,False
0608306010,38,1587,06,Badajoz,06083,Mérida,0608306,168,False
0609001001,38,914,06,Badajoz,06090,"Nava de Santiago, La",0609001,175,False
0610701001,38,914,06,Badajoz,06107,Puebla de Obando,0610701,192,False
0610701002,38,893,06,Badajoz,06107,Puebla de Obando,0610701,192,False
0601201001,39,1267,06,Badajoz,06012,Arroyo de San Serván,0601201,22,False
0601201002,39,1237,06,Badajoz,06012,Arroyo de San Serván,0601201,22,False
0601201003,39,1496,06,Badajoz,06012,Arroyo de San Serván,0601201,22,False
0602501001,39,1098,06,Badajoz,06025,Calamonte,0602501,81,False
0602501002,39,1887,06,Badajoz,06025,Calamonte,0602501,81,False
0602501003,39,1381,06,Badajoz,06025,Calamonte,0602501,81,False
0602501004,39,1768,06,Badajoz,06025,Calamonte,0602501,81,False
0608306001,39,743,06,Badajoz,06083,Mérida,0608306,166,False
0608306005,39,2234,06,Badajoz,06083,Mérida,0608306,166,False
0608306007,39,884,06,Badajoz,06083,Mérida,0608306,166,False
0613301001,39,2247,06,Badajoz,06133,Torremejía,0613301,218,False
0601502002,40,1224,06,Badajoz,06015,Badajoz,0601502,32,False
0601502006,40,1622,06,Badajoz,06015,Badajoz,0601502,32,False
0601508002,40,1578,06,Badajoz,06015,Badajoz,0601508,59,False
0601508004,40,1097,06,Badajoz,06015,Badajoz,0601508,59,False
0601508012,40,1392,06,Badajoz,06015,Badajoz,0601508,59,False
0611501001,40,788,06,Badajoz,06115,"Roca de la Sierra, La",0611501,200,False
0611501002,40,666,06,Badajoz,06115,"Roca de la Sierra, La",0611501,200,False
0690101001,40,1587,06,Badajoz,06901,Valdelacalzada,0690101,255,False
0690101002,40,1159,06,Badajoz,06901,Valdelacalzada,0690101,255,False
0690201001,40,1953,06,Badajoz,06902,Pueblonuevo del Guadiana,0690201,256,False
0690301001,40,1130,06,Badajoz,06903,Guadiana,0690301,257,False
0690301002,40,1314,06,Badajoz,06903,Guadiana,0690301,257,False
1001101001,41,602,10,Cáceres,10011,Aldeacentenera,1001101,268,False
1001701001,41,722,10,Cáceres,10017,Alía,1001701,274,False
1002801001,41,120,10,Cáceres,10028,Berrocalejo,1002801,285,False
1002901001,41,375,10,Cáceres,10029,Berzocana,1002901,286,False
1003301001,41,407,10,Cáceres,10033,Cabañas del Castillo,1003301,290,False
1004401001,41,863,10,Cáceres,10044,Cañamero,1004401,330,False
1004402001,41,716,10,Cáceres,10044,Cañamero,1004402,330,False
1004801001,41,222,10,Cáceres,10048,Carrascalejo,1004801,334,False
1006001001,41,1027,10,Cáceres,10060,Castañar de Ibor,1006001,346,False
1007001001,41,686,10,Cáceres,10070,Deleitosa,1007001,356,False
1007501001,41,236,10,Cáceres,10075,Fresnedoso de Ibor,1007501,360,False
1007701001,41,665,10,Cáceres,10077,Garciaz,1007701,362,False
1008301001,41,111,10,Cáceres,10083,Garvín,1008301,368,False
1008501001,41,372,10,Cáceres,10085,"Gordo, El",1008501,370,False
1008701001,41,626,10,Cáceres,10087,Guadalupe,1008701,372,False
1008702001,41,1094,10,Cáceres,10087,Guadalupe,1008702,372,False
1009201001,41,267,10,Cáceres,10092,Herguijuela,1009201,377,False
1010901001,41,870,10,Cáceres,10109,Logrosán,1010901,394,False
1010902001,41,986,10,Cáceres,10109,Logrosán,1010902,394,False
1011201001,41,867,10,Cáceres,10112,Madrigalejo,1011201,397,False
1011202001,41,840,10,Cáceres,10112,Madrigalejo,1011202,397,False
1013201001,41,376,10,Cáceres,10132,Navalvillar de Ibor,1013201,417,False
1013401001,41,668,10,Cáceres,10134,Navezuelas,1013401,419,False
1014101001,41,269,10,Cáceres,10141,Peraleda de San Román,1014101,426,False
1015901001,41,325,10,Cáceres,10159,Robledollano,1015901,456,False
1020001001,41,336,10,Cáceres,10200,Valdelacasa de Tajo,1020001,497,False
1021301001,41,549,10,Cáceres,10213,Villar del Pedroso,1021301,510,False
1021901001,41,1227,10,Cáceres,10219,Zorita,1021901,516,False
1000201001,42,362,10,Cáceres,10002,Abertura,1000201,259,False
1000901001,42,256,10,Cáceres,10009,Alcollarín,1000901,266,False
1002001001,42,1248,10,Cáceres,10020,Almoharín,1002001,277,False
1002002001,42,521,10,Cáceres,10020,Almoharín,1002002,277,False
1004301001,42,789,10,Cáceres,10043,Campo Lugar,1004301,329,False
1006601001,42,192,10,Cáceres,10066,Conquista de la Sierra,1006601,352,False
1007301001,42,854,10,Cáceres,10073,Escurial,1007301,359,False
1010201001,42,540,10,Cáceres,10102,Ibahernando,1010201,387,False
1012101001,42,2236,10,Cáceres,10121,Miajadas,1012101,406,False
1012102001,42,2299,10,Cáceres,10121,Miajadas,1012102,406,False
1012102002,42,1820,10,Cáceres,10121,Miajadas,1012102,406,False
1012103001,42,1284,10,Cáceres,10121,Miajadas,1012103,406,False
1012103002,42,1754,10,Cáceres,10121,Miajadas,1012103,406,False
1015301001,42,266,10,Cáceres,10153,Puerto de Santa Cruz,1015301,450,False
1015801001,42,394,10,Cáceres,10158,Robledillo de Trujillo,1015801,455,False
1016601001,42,316,10,Cáceres,10166,Santa Cruz de la Sierra,1016601,463,False
1020101001,42,218,10,Cáceres,10201,Valdemorales,1020101,498,False
1020901001,42,274,10,Cáceres,10209,Villamesías,1020901,506,False
1021701001,42,506,10,Cáceres,10217,Zarza de Montánchez,1021701,514,False
1000301001,43,574,10,Cáceres,10003,Acebo,1000301,260,False
1003801001,43,84,10,Cáceres,10038,Cachorrilla,1003801,324,False
1003901001,43,395,10,Cáceres,10039,Cadalso,1003901,325,False
1004001001,43,447,10,Cáceres,10040,Calzadilla,1004001,326,False
1005301001,43,341,10,Cáceres,10053,Casas de Don Gómez,1005301,339,False
1007101001,43,105,10,Cáceres,10071,Descargamaría,1007101,357,False
1007201001,43,826,10,Cáceres,10072,Eljas,1007201,358,False
1008401001,43,1341,10,Cáceres,10084,Gata,1008401,369,False
1010001001,43,850,10,Cáceres,10100,Hoyos,1010001,385,False
1010101001,43,205,10,Cáceres,10101,Huélaga,1010101,386,False
1012801001,43,892,10,Cáceres,10128,Moraleja,1012801,413,False
1012801002,43,1309,10,Cáceres,10128,Moraleja,1012801,413,False
1012801003,43,1538,10,Cáceres,10128,Moraleja,1012801,413,False
1012801005,43,1279,10,Cáceres,10128,Moraleja,1012801,413,False
1012801006,43,1548,10,Cáceres,10128,Moraleja,1012801,413,False
1014201001,43,877,10,Cáceres,10142,Perales del Puerto,1014201,427,False
1015601001,43,89,10,Cáceres,10156,Robledillo de Gata,1015601,453,False
1016401001,43,697,10,Cáceres,10164,San Martín de Trevejo,1016401,461,False
1017101001,43,393,10,Cáceres,10171,Santibáñez el Alto,1017101,468,False
1018701001,43,480,10,Cáceres,10187,Torre de Don Miguel,1018701,484,False
1021001001,43,416,10,Cáceres,10210,Villamiel,1021001,507,False
1021501001,43,483,10,Cáceres,10215,Villasbuenas de Gata,1021501,512,False
1090201001,43,840,10,Cáceres,10902,Vegaviana,1090201,518,False
1005901001,44,354,10,Cáceres,10059,Casillas de Coria,1005901,345,False
1006701001,44,1431,10,Cáceres,10067,Coria,1006701,353,False
1006701002,44,1718,10,Cáceres,10067,Coria,1006701,353,False
1006701003,44,2164,10,Cáceres,10067,Coria,1006701,353,False
1006701004,44,1137,10,Cáceres,10067,Coria,1006701,353,False
1006702001,44,949,10,Cáceres,10067,Coria,1006702,353,False
1006702002,44,681,10,Cáceres,10067,Coria,1006702,353,False
1006702003,44,1775,10,Cáceres,10067,Coria,1006702,353,False
1006703001,44,1043,10,Cáceres,10067,Coria,1006703,353,False
1006704001,44,1106,10,Cáceres,10067,Coria,1006704,353,False
1012901001,44,378,10,Cáceres,10129,Morcillo,1012901,414,False
1014301001,44,149,10,Cáceres,10143,Pescueza,1014301,428,False
1015001001,44,377,10,Cáceres,10150,Portaje,1015001,447,False
1018901001,44,1443,10,Cáceres,10189,Torrejoncillo,1018901,486,False
1018902001,44,563,10,Cáceres,10189,Torrejoncillo,1018902,486,False
1018902002,44,751,10,Cáceres,10189,Torrejoncillo,1018902,486,False
1000501001,45,569,10,Cáceres,10005,Aceituna,1000501,262,False
1005001001,45,993,10,Cáceres,10050,Casar de Palomero,1005001,336,False
1006301001,45,148,10,Cáceres,10063,Cerezo,1006301,349,False
1008801001,45,187,10,Cáceres,10088,Guijo de Coria,1008801,373,False
1008901001,45,1465,10,Cáceres,10089,Guijo de Galisteo,1008901,374,False
1009301001,45,401,10,Cáceres,10093,Hernán-Pérez,1009301,378,False
1009901001,45,587,10,Cáceres,10099,Holguera,1009901,384,False
1011701001,45,231,10,Cáceres,10117,Marchagaz,1011701,402,False
1012401001,45,825,10,Cáceres,10124,Mohedas de Granadilla,1012401,409,False
1012701001,45,789,10,Cáceres,10127,Montehermoso,1012701,412,False
1012701002,45,1297,10,Cáceres,10127,Montehermoso,1012701,412,False
1012702001,45,1040,10,Cáceres,10127,Montehermoso,1012702,412,False
1012702002,45,885,10,Cáceres,10127,Montehermoso,1012702,412,False
1012702003,45,1560,10,Cáceres,10127,Montehermoso,1012702,412,False
1013701001,45,449,10,Cáceres,10137,Palomero,1013701,422,False
1015201001,45,431,10,Cáceres,10152,Pozuelo de Zarzón,1015201,449,False
1015501001,45,1174,10,Cáceres,10155,Riolobos,1015501,452,False
1016701001,45,286,10,Cáceres,10167,Santa Cruz de Paniagua,1016701,464,False
1017201001,45,713,10,Cáceres,10172,Santibáñez el Bajo,1017201,469,False
1018501001,45,637,10,Cáceres,10185,Torrecilla de los Ángeles,1018501,482,False
1020201001,45,616,10,Cáceres,10202,Valdeobispo,1020201,499,False
1020701001,45,434,10,Cáceres,10207,Villa del Campo,1020701,504,False
1021101001,45,475,10,Cáceres,10211,Villanueva de la Sierra,1021101,508,False
1001501001,46,694,10,Cáceres,10015,Aldeanueva del Camino,1001501,272,False
1002401001,46,738,10,Cáceres,10024,Baños de Montemayor,1002401,281,False
1003501001,46,779,10,Cáceres,10035,Cabezuela del Valle,1003501,292,False
1003501002,46,1313,10,Cáceres,10035,Cabezuela del Valle,1003501,292,False
1007801001,46,355,10,Cáceres,10078,"Garganta, La",1007801,363,False
1008001001,46,346,10,Cáceres,10080,Gargantilla,1008001,365,False
1009101001,46,375,10,Cáceres,10091,Guijo de Santa Bárbara,1009101,376,False
1009601001,46,1206,10,Cáceres,10096,Hervás,1009601,381,False
1009601002,46,1263,10,Cáceres,10096,Hervás,1009601,381,False
1009602001,46,1431,10,Cáceres,10096,Hervás,1009602,381,False
1010501001,46,993,10,Cáceres,10105,Jarandilla de la Vera,1010501,390,False
1010501002,46,1902,10,Cáceres,10105,Jarandilla de la Vera,1010501,390,False
1010701001,46,1199,10,Cáceres,10107,Jerte,1010701,392,False
1011001001,46,1039,10,Cáceres,10110,Losar de la Vera,1011001,395,False
1011001002,46,1765,10,Cáceres,10110,Losar de la Vera,1011001,395,False
1015701001,46,251,10,Cáceres,10157,Robledillo de la Vera,1015701,454,False
1018301001,46,1007,10,Cáceres,10183,Tornavacas,1018301,480,False
1001401001,47,1965,10,Cáceres,10014,Aldeanueva de la Vera,1001401,271,False
1002201001,47,424,10,Cáceres,10022,Arroyomolinos de la Vera,1002201,279,False
1002501001,47,383,10,Cáceres,10025,Barrado,1002501,282,False
1005801001,47,1390,10,Cáceres,10058,Casatejada,1005801,344,False
1006501001,47,276,10,Cáceres,10065,Collado de la Vera,1006501,351,False
1006801001,47,809,10,Cáceres,10068,Cuacos de Yuste,1006801,354,False
1007901001,47,878,10,Cáceres,10079,Garganta la Olla,1007901,364,False
1008101001,47,188,10,Cáceres,10081,Gargüera,1008101,366,False
1010401001,47,632,10,Cáceres,10104,Jaraíz de la Vera,1010401,389,False
1010401002,47,994,10,Cáceres,10104,Jaraíz de la Vera,1010401,389,False
1010401003,47,1710,10,Cáceres,10104,Jaraíz de la Vera,1010401,389,False
1010402001,47,1364,10,Cáceres,10104,Jaraíz de la Vera,1010402,389,False
1010402002,47,1055,10,Cáceres,10104,Jaraíz de la Vera,1010402,389,False
1010402003,47,1080,10,Cáceres,10104,Jaraíz de la Vera,1010402,389,False
1011401001,47,1272,10,Cáceres,10114,Majadas,1011401,399,False
1013801001,47,590,10,Cáceres,10138,Pasarón de la Vera,1013801,423,False
1018101001,47,761,10,Cáceres,10181,Tejeda de Tiétar,1018101,478,False
1019101001,47,620,10,Cáceres,10191,Torremenga,1019101,488,False
1003701006,48,2767,10,Cáceres,10037,Cáceres,1003701,297,False
1003701009,48,906,10,Cáceres,10037,Cáceres,1003701,298,False
1003701010,48,2114,10,Cáceres,10037,Cáceres,1003701,299,False
1003701011,48,2031,10,Cáceres,10037,Cáceres,1003701,299,False
1003701012,48,1489,10,Cáceres,10037,Cáceres,1003701,298,False
1003701013,48,2107,10,Cáceres,10037,Cáceres,1003701,298,False
1003701014,48,1781,10,Cáceres,10037,Cáceres,1003701,297,False
1003701017,48,1189,10,Cáceres,10037,Cáceres,1003701,299,False
1016801001,48,293,10,Cáceres,10168,Santa Marta de Magasca,1016801,465,False
1017001001,48,251,10,Cáceres,10170,Santiago del Campo,1017001,467,False
1017801001,48,776,10,Cáceres,10178,Talaván,1017801,475,False
1003702009,49,624,10,Cáceres,10037,Cáceres,1003702,303,False
1003702012,49,873,10,Cáceres,10037,Cáceres,1003702,303,False
1003703004,49,747,10,Cáceres,10037,Cáceres,1003703,303,False
1003703005,49,808,10,Cáceres,10037,Cáceres,1003703,307,False
1003703006,49,934,10,Cáceres,10037,Cáceres,1003703,303,False
1003704003,49,789,10,Cáceres,10037,Cáceres,1003704,309,False
1003704006,49,1368,10,Cáceres,10037,Cáceres,1003704,307,False
1003704009,49,1368,10,Cáceres,10037,Cáceres,1003704,309,False
1003704013,49,2019,10,Cáceres,10037,Cáceres,1003704,314,False
1003704014,49,839,10,Cáceres,10037,Cáceres,1003704,309,False
1003704016,49,1293,10,Cáceres,10037,Cáceres,1003704,316,False
1003704017,49,1980,10,Cáceres,10037,Cáceres,1003704,316,False
1003704022,49,1080,10,Cáceres,10037,Cáceres,1003704,307,False
1003706005,49,1706,10,Cáceres,10037,Cáceres,1003706,314,False
1001201001,50,609,10,Cáceres,10012,Aldea del Cano,1001201,269,False
1003704004,50,3154,10,Cáceres,10037,Cáceres,1003704,310,False
1003704019,50,1953,10,Cáceres,10037,Cáceres,1003704,317,False
1003704020,50,1313,10,Cáceres,10037,Cáceres,1003704,318,False
1003704024,50,1920,10,Cáceres,10037,Cáceres,1003704,318,False
1003704025,50,992,10,Cáceres,10037,Cáceres,1003704,317,False
1003705003,50,1212,10,Cáceres,10037,Cáceres,1003705,320,False
1003705005,50,798,10,Cáceres,10037,Cáceres,1003705,320,False
1005201001,50,167,10,Cáceres,10052,Casas de Don Antonio,1005201,338,False
1014901001,50,533,10,Cáceres,10149,Plasenzuela,1014901,446,False
1017701001,50,2080,10,Cáceres,10177,Sierra de Fuentes,1017701,474,False
1019301001,50,1644,10,Cáceres,10193,Torreorgaz,1019301,490,False
1001301001,51,292,10,Cáceres,10013,"Aldea del Obispo, La",1001301,270,False
1002701001,51,75,10,Cáceres,10027,Benquerencia,1002701,284,False
1003101001,51,185,10,Cáceres,10031,Botija,1003101,288,False
1006901001,51,817,10,Cáceres,10069,"Cumbre, La",1006901,355,False
1010301001,51,418,10,Cáceres,10103,Jaraicejo,1010301,388,False
1011301001,51,1124,10,Cáceres,10113,Madroñera,1011301,398,False
1011302001,51,1234,10,Cáceres,10113,Madroñera,1011302,398,False
1016101001,51,83,10,Cáceres,10161,Ruanes,1016101,458,False
1016301001,51,229,10,Cáceres,10163,Salvatierra de Santiago,1016301,460,False
1016501001,51,303,10,Cáceres,10165,Santa Ana,1016501,462,False
1018601001,51,1036,10,Cáceres,10186,Torrecillas de la Tiesa,1018601,483,False
1018801001,51,508,10,Cáceres,10188,Torre de Santa María,1018801,485,False
1019501001,51,1690,10,Cáceres,10195,Trujillo,1019501,492,False
1019501002,51,702,10,Cáceres,10195,Trujillo,1019501,492,False
1019501003,51,974,10,Cáceres,10195,Trujillo,1019501,492,False
1019502001,51,762,10,Cáceres,10195,Trujillo,1019502,492,False
1019502002,51,2048,10,Cáceres,10195,Trujillo,1019502,492,False
1019503001,51,1682,10,Cáceres,10195,Trujillo,1019503,492,False
1019504001,51,802,10,Cáceres,10195,Trujillo,1019504,492,False
1019801001,51,1079,10,Cáceres,10198,Valdefuentes,1019801,495,False
1003701001,52,1114,10,Cáceres,10037,Cáceres,1003701,294,False
1003701002,52,928,10,Cáceres,10037,Cáceres,1003701,294,False
1003701003,52,2040,10,Cáceres,10037,Cáceres,1003701,295,False
1003701004,52,1830,10,Cáceres,10037,Cáceres,1003701,295,False
1003701007,52,597,10,Cáceres,10037,Cáceres,1003701,294,False
1003702001,52,785,10,Cáceres,10037,Cáceres,1003702,301,False
1003702002,52,1050,10,Cáceres,10037,Cáceres,1003702,302,False
1003702003,52,1161,10,Cáceres,10037,Cáceres,1003702,301,False
1003702004,52,1282,10,Cáceres,10037,Cáceres,1003702,301,False
1003702005,52,729,10,Cáceres,10037,Cáceres,1003702,294,False
1003702007,52,751,10,Cáceres,10037,Cáceres,1003702,302,False
1003702008,52,795,10,Cáceres,10037,Cáceres,1003702,302,False
1003703001,52,1424,10,Cáceres,10037,Cáceres,1003703,306,False
1003703002,52,761,10,Cáceres,10037,Cáceres,1003703,306,False
1003703003,52,1136,10,Cáceres,10037,Cáceres,1003703,306,False
1003703007,53,810,10,Cáceres,10037,Cáceres,1003703,308,False
1003704001,53,975,10,Cáceres,10037,Cáceres,1003704,308,False
1003704002,53,790,10,Cáceres,10037,Cáceres,1003704,308,False
1003704005,53,696,10,Cáceres,10037,Cáceres,1003704,308,False
1003704007,53,848,10,Cáceres,10037,Cáceres,1003704,311,False
1003704008,53,1296,10,Cáceres,10037,Cáceres,1003704,312,False
1003704010,53,645,10,Cáceres,10037,Cáceres,1003704,313,False
1003704011,53,1122,10,Cáceres,10037,Cáceres,1003704,312,False
1003704012,53,906,10,Cáceres,10037,Cáceres,1003704,312,False
1003704015,53,630,10,Cáceres,10037,Cáceres,1003704,315,False
1003704018,53,1471,10,Cáceres,10037,Cáceres,1003704,315,False
1003704023,53,800,10,Cáceres,10037,Cáceres,1003704,315,False
1003705001,53,2148,10,Cáceres,10037,Cáceres,1003705,313,False
1003705002,53,1935,10,Cáceres,10037,Cáceres,1003705,319,False
1003705004,53,580,10,Cáceres,10037,Cáceres,1003705,311,False
1003705006,53,1027,10,Cáceres,10037,Cáceres,1003705,311,False
1014801001,54,1542,10,Cáceres,10148,Plasencia,1014801,433,False
1014801002,54,881,10,Cáceres,10148,Plasencia,1014801,434,False
1014801004,54,1268,10,Cáceres,10148,Plasencia,1014801,435,False
1014801005,54,634,10,Cáceres,10148,Plasencia,1014801,435,False
1014801007,54,851,10,Cáceres,10148,Plasencia,1014801,436,False
1014801008,54,1427,10,Cáceres,10148,Plasencia,1014801,436,False
1014801009,54,1238,10,Cáceres,10148,Plasencia,1014801,435,False
1014801010,54,1256,10,Cáceres,10148,Plasencia,1014801,436,False
1014802001,54,1478,10,Cáceres,10148,Plasencia,1014802,433,False
1014802002,54,1046,10,Cáceres,10148,Plasencia,1014802,438,False
1014802004,54,1577,10,Cáceres,10148,Plasencia,1014802,438,False
1014804004,54,1019,10,Cáceres,10148,Plasencia,1014804,434,False
1014804008,54,1055,10,Cáceres,10148,Plasencia,1014804,434,False
1013101001,55,1092,10,Cáceres,10131,Navalmoral de la Mata,1013101,416,False
1013101002,55,1887,10,Cáceres,10131,Navalmoral de la Mata,1013101,416,False
1013101003,55,1414,10,Cáceres,10131,Navalmoral de la Mata,1013101,416,False
1013101004,55,2067,10,Cáceres,10131,Navalmoral de la Mata,1013101,416,False
1013102001,55,1628,10,Cáceres,10131,Navalmoral de la Mata,1013102,416,False
1013102002,55,1707,10,Cáceres,10131,Navalmoral de la Mata,1013102,416,False
1013102003,55,1094,10,Cáceres,10131,Navalmoral de la Mata,1013102,416,False
1013102004,55,2122,10,Cáceres,10131,Navalmoral de la Mata,1013102,416,False
1013102005,55,1871,10,Cáceres,10131,Navalmoral de la Mata,1013102,416,False
1013102006,55,511,10,Cáceres,10131,Navalmoral de la Mata,1013102,416,False
1013102007,55,987,10,Cáceres,10131,Navalmoral de la Mata,1013102,416,False
1013102008,55,917,10,Cáceres,10131,Navalmoral de la Mata,1013102,416,False
1003701005,56,518,10,Cáceres,10037,Cáceres,1003701,296,False
1003701008,56,1409,10,Cáceres,10037,Cáceres,1003701,296,False
1003701015,56,2449,10,Cáceres,10037,Cáceres,1003701,300,False
1003701016,56,1326,10,Cáceres,10037,Cáceres,1003701,300,False
1003702006,56,1768,10,Cáceres,10037,Cáceres,1003702,296,False
1003702010,56,1319,10,Cáceres,10037,Cáceres,1003702,304,False
1003702011,56,1744,10,Cáceres,10037,Cáceres,1003702,304,False
1003702013,56,1216,10,Cáceres,10037,Cáceres,1003702,305,False
1003704021,56,1436,10,Cáceres,10037,Cáceres,1003704,305,False
1004901001,56,1379,10,Cáceres,10049,Casar de Cáceres,1004901,335,False
1004902001,56,573,10,Cáceres,10049,Casar de Cáceres,1004902,335,False
1004903001,56,1716,10,Cáceres,10049,Casar de Cáceres,1004903,335,False
1004903002,56,846,10,Cáceres,10049,Casar de Cáceres,1004903,335,False
1002101001,57,1251,10,Cáceres,10021,Arroyo de la Luz,1002101,278,False
1002102001,57,671,10,Cáceres,10021,Arroyo de la Luz,1002102,278,False
1002102002,57,1593,10,Cáceres,10021,Arroyo de la Luz,1002102,278,False
1002103001,57,955,10,Cáceres,10021,Arroyo de la Luz,1002103,278,False
1002103002,57,1025,10,Cáceres,10021,Arroyo de la Luz,1002103,278,False
1003201001,57,866,10,Cáceres,10032,Brozas,1003201,289,False
1003201002,57,852,10,Cáceres,10032,Brozas,1003201,289,False
1008201001,57,983,10,Cáceres,10082,Garrovillas de Alconétar,1008201,367,False
1008202001,57,964,10,Cáceres,10082,Garrovillas de Alconétar,1008202,367,False
1009501001,57,328,10,Cáceres,10095,Herreruela,1009501,380,False
1011501001,57,1085,10,Cáceres,10115,Malpartida de Cáceres,1011501,400,False
1011501002,57,73,10,Cáceres,10115,Malpartida de Cáceres,1011501,400,False
1011502001,57,465,10,Cáceres,10115,Malpartida de Cáceres,1011502,400,False
1011502002,57,2401,10,Cáceres,10115,Malpartida de Cáceres,1011502,400,False
1011801001,57,302,10,Cáceres,10118,Mata de Alcántara,1011801,403,False
1013301001,57,1254,10,Cáceres,10133,Navas del Madroño,1013301,418,False
1016201001,57,525,10,Cáceres,10162,Salorino,1016201,459,False
1020801001,57,118,10,Cáceres,10208,Villa del Rey,1020801,505,False
1000701001,58,649,10,Cáceres,10007,Albalá,1000701,264,False
1001001001,58,1027,10,Cáceres,10010,Alcuéscar,1001001,267,False
1001001002,58,1435,10,Cáceres,10010,Alcuéscar,1001001,267,False
1001801001,58,900,10,Cáceres,10018,Aliseda,1001801,275,False
1001802001,58,827,10,Cáceres,10018,Aliseda,1001802,275,False
1002301001,58,824,10,Cáceres,10023,Arroyomolinos,1002301,280,False
1003706001,58,2034,10,Cáceres,10037,Cáceres,1003706,321,False
1003706002,58,1924,10,Cáceres,10037,Cáceres,1003706,322,False
1003706003,58,1510,10,Cáceres,10037,Cáceres,1003706,322,False
1003706004,58,2109,10,Cáceres,10037,Cáceres,1003706,323,False
1003707001,58,620,10,Cáceres,10037,Cáceres,1003707,321,False
1012601001,58,695,10,Cáceres,10126,Montánchez,1012601,411,False
1012602001,58,900,10,Cáceres,10126,Montánchez,1012602,411,False
1019201001,58,751,10,Cáceres,10192,Torremocha,1019201,489,False
1019401001,58,566,10,Cáceres,10194,Torrequemada,1019401,491,False
1014804002,59,724,10,Cáceres,10148,Plasencia,1014804,441,False
1014804003,59,1585,10,Cáceres,10148,Plasencia,1014804,442,False
1014804005,59,1000,10,Cáceres,10148,Plasencia,1014804,443,False
1014804006,59,948,10,Cáceres,10148,Plasencia,1014804,441,False
1014804007,59,2104,10,Cáceres,10148,Plasencia,1014804,443,False
1014804009,59,1512,10,Cáceres,10148,Plasencia,1014804,444,False
1014804010,59,1646,10,Cáceres,10148,Plasencia,1014804,441,False
1014804011,59,1431,10,Cáceres,10148,Plasencia,1014804,442,False
1014804012,59,1869,10,Cáceres,10148,Plasencia,1014804,444,False
1014804014,59,781,10,Cáceres,10148,Plasencia,1014804,445,False
1014804015,59,1478,10,Cáceres,10148,Plasencia,1014804,445,False
1011101001,60,1236,10,Cáceres,10111,Madrigal de la Vera,1011101,396,False
1011101002,60,298,10,Cáceres,10111,Madrigal de la Vera,1011101,396,False
1014001001,60,1445,10,Cáceres,10140,Peraleda de la Mata,1014001,425,False
1017901001,60,303,10,Cáceres,10179,Talaveruela de la Vera,1017901,476,False
1018001001,60,2009,10,Cáceres,10180,Talayuela,1018001,477,False
1018001002,60,2890,10,Cáceres,10180,Talayuela,1018001,477,False
1018001005,60,2526,10,Cáceres,10180,Talayuela,1018001,477,False
1020401001,60,431,10,Cáceres,10204,Valverde de la Vera,1020401,501,False
1020601001,60,216,10,Cáceres,10206,Viandar de la Vera,1020601,503,False
1021201001,60,1159,10,Cáceres,10212,Villanueva de la Vera,1021201,509,False
1021202001,60,949,10,Cáceres,10212,Villanueva de la Vera,1021202,509,False
1090101001,60,1301,10,Cáceres,10901,Rosalejo,1090101,517,False
1090401001,60,837,10,Cáceres,10904,Tiétar,1090401,520,False
1090501001,60,753,10,Cáceres,10905,Pueblonuevo de Miramontes,1090501,521,False
1000401001,61,808,10,Cáceres,10004,Acehúche,1000401,261,False
1000801001,61,1326,10,Cáceres,10008,Alcántara,1000801,265,False
1004601001,61,181,10,Cáceres,10046,Carbajo,1004601,332,False
1006101001,61,1183,10,Cáceres,10061,Ceclavín,1006101,347,False
1006102001,61,586,10,Cáceres,10061,Ceclavín,1006102,347,False
1006201001,61,452,10,Cáceres,10062,Cedillo,1006201,348,False
1006401001,61,1548,10,Cáceres,10064,Cilleros,1006401,350,False
1009401001,61,229,10,Cáceres,10094,Herrera de Alcántara,1009401,379,False
1011901001,61,594,10,Cáceres,10119,Membrío,1011901,404,False
1014501001,61,124,10,Cáceres,10145,Piedras Albas,1014501,430,False
1015101001,61,198,10,Cáceres,10151,Portezuelo,1015101,448,False
1016901001,61,450,10,Cáceres,10169,Santiago de Alcántara,1016901,466,False
1020301001,61,876,10,Cáceres,10203,Valencia de Alcántara,1020301,500,False
1020301002,61,1155,10,Cáceres,10203,Valencia de Alcántara,1020301,500,False
1020302001,61,1278,10,Cáceres,10203,Valencia de Alcántara,1020302,500,False
1020302002,61,985,10,Cáceres,10203,Valencia de Alcántara,1020302,500,False
1020303001,61,846,10,Cáceres,10203,Valencia de Alcántara,1020303,500,False
1020501001,61,825,10,Cáceres,10205,Valverde del Fresno,1020501,502,False
1020502001,61,1335,10,Cáceres,10205,Valverde del Fresno,1020502,502,False
1021801001,61,1109,10,Cáceres,10218,Zarza la Mayor,1021801,515,False
1000101001,62,338,10,Cáceres,10001,Abadía,1000101,258,False
1000601001,62,1342,10,Cáceres,10006,Ahigal,1000601,263,False
1003601001,62,354,10,Cáceres,10036,Cabrero,1003601,293,False
1004101001,62,1100,10,Cáceres,10041,Caminomorisco,1004101,327,False
1005101001,62,364,10,Cáceres,10051,Casares de las Hurdes,1005101,337,False
1005401001,62,579,10,Cáceres,10054,Casas del Castañar,1005401,340,False
1005501001,62,764,10,Cáceres,10055,Casas del Monte,1005501,341,False
1008601001,62,314,10,Cáceres,10086,"Granja, La",1008601,371,False
1009001001,62,498,10,Cáceres,10090,Guijo de Granadilla,1009001,375,False
1010801001,62,179,10,Cáceres,10108,Ladrillar,1010801,393,False
1013001001,62,2039,10,Cáceres,10130,Navaconcejo,1013001,415,False
1013501001,62,1189,10,Cáceres,10135,Nuñomoral,1013501,420,False
1014401001,62,948,10,Cáceres,10144,"Pesga, La",1014401,429,False
1014601001,62,1785,10,Cáceres,10146,Pinofranqueado,1014601,431,False
1014701001,62,1439,10,Cáceres,10147,Piornal,1014701,432,False
1015401001,62,203,10,Cáceres,10154,Rebollar,1015401,451,False
1017401001,62,192,10,Cáceres,10174,Segura de Toro,1017401,471,False
1019601001,62,335,10,Cáceres,10196,Valdastillas,1019601,493,False
1021601001,62,1816,10,Cáceres,10216,Zarza de Granadilla,1021601,513,False
1001901001,63,1595,10,Cáceres,10019,Almaraz,1001901,276,False
1002601001,63,778,10,Cáceres,10026,Belvís de Monroy,1002601,283,False
1003001001,63,490,10,Cáceres,10030,Bohonal de Ibor,1003001,287,False
1004201001,63,84,10,Cáceres,10042,Campillo de Deleitosa,1004201,328,False
1004501001,63,1001,10,Cáceres,10045,Cañaveral,1004501,331,False
1005601001,63,538,10,Cáceres,10056,Casas de Millán,1005601,342,False
1005701001,63,106,10,Cáceres,10057,Casas de Miravete,1005701,343,False
1009701001,63,103,10,Cáceres,10097,Higuera de Albalati,1009701,382,False
1009801001,63,391,10,Cáceres,10098,Hinojal,1009801,383,False
1011601001,63,1079,10,Cáceres,10116,Malpartida de Plasencia,1011601,401,False
1011602001,63,2691,10,Cáceres,10116,Malpartida de Plasencia,1011602,401,False
1011602002,63,894,10,Cáceres,10116,Malpartida de Plasencia,1011602,401,False
1012001001,63,146,10,Cáceres,10120,Mesas de Ibor,1012001,405,False
1012201001,63,243,10,Cáceres,10122,Millanes,1012201,407,False
1012301001,63,620,10,Cáceres,10123,Mirabel,1012301,408,False
1012501001,63,909,10,Cáceres,10125,Monroy,1012501,410,False
1013901001,63,101,10,Cáceres,10139,Pedroso de Acim,1013901,424,False
1016001001,63,240,10,Cáceres,10160,Romangordo,1016001,457,False
1017301001,63,1006,10,Cáceres,10173,Saucedilla,1017301,470,False
1017501001,63,726,10,Cáceres,10175,Serradilla,1017501,472,False
1017502001,63,736,10,Cáceres,10175,Serradilla,1017502,472,False
1017601001,63,408,10,Cáceres,10176,Serrejón,1017601,473,False
1018201001,63,153,10,Cáceres,10182,Toril,1018201,479,False
1019001001,63,543,10,Cáceres,10190,Torrejón el Rubio,1019001,487,False
1019701001,63,98,10,Cáceres,10197,Valdecañas de Tajo,1019701,494,False
1019901001,63,189,10,Cáceres,10199,Valdehúncar,1019901,496,False
1001601001,64,348,10,Cáceres,10016,Aldehuela de Jerte,1001601,273,False
1003401001,64,316,10,Cáceres,10034,Cabezabellosa,1003401,291,False
1004701001,64,1078,10,Cáceres,10047,Carcaboso,1004701,333,False
1007601001,64,857,10,Cáceres,10076,Galisteo,1007601,361,False
1010601001,64,128,10,Cáceres,10106,Jarilla,1010601,391,False
1013601001,64,294,10,Cáceres,10136,Oliva de Plasencia,1013601,421,False
1014801011,64,1064,10,Cáceres,10148,Plasencia,1014801,437,False
1014802003,64,1632,10,Cáceres,10148,Plasencia,1014802,439,False
1014802005,64,1118,10,Cáceres,10148,Plasencia,1014802,439,False
1014803002,64,896,10,Cáceres,10148,Plasencia,1014803,440,False
1014803003,64,390,10,Cáceres,10148,Plasencia,1014803,439,False
1014803004,64,1138,10,Cáceres,10148,Plasencia,1014803,440,False
1014804001,64,733,10,Cáceres,10148,Plasencia,1014804,440,False
1014804013,64,1109,10,Cáceres,10148,Plasencia,1014804,437,False
1014805001,64,1794,10,Cáceres,10148,Plasencia,1014805,437,False
1018401001,64,804,10,Cáceres,10184,"Torno, El",1018401,481,False
1021401001,64,225,10,Cáceres,10214,Villar de Plasencia,1021401,511,False
1090301001,64,919,10,Cáceres,10903,Alagón del Río,1090301,519,False
