district_id,district_pop,target,difference,abs_difference,relative_deviation,population_target_ratio,population_floor,population_cap,within_hard_bounds,within_target_tolerance
0,17139,16205.307692307691,933.6923076923085,933.6923076923085,0.05761645045070709,1.057616450450707,13774.511538461538,24307.96153846154,True,True
1,16196,16205.307692307691,-9.307692307691468,9.307692307691468,-0.0005743607270172123,0.9994256392729828,13774.511538461538,24307.96153846154,True,True
2,16750,16205.307692307691,544.6923076923085,544.6923076923085,0.03361196948767978,1.0336119694876797,13774.511538461538,24307.96153846154,True,True
3,16167,16205.307692307691,-38.30769230769147,38.30769230769147,-0.0023638978682197624,0.9976361021317802,13774.511538461538,24307.96153846154,True,True
4,16680,16205.307692307691,474.69230769230853,474.69230769230853,0.02929239707788052,1.0292923970778804,13774.511538461538,24307.96153846154,True,True
5,15354,16205.307692307691,-851.3076923076915,851.3076923076915,-0.05253264599917401,0.9474673540008259,13774.511538461538,24307.96153846154,True,True
6,16403,16205.307692307691,197.69230769230853,197.69230769230853,0.012199231970532024,1.012199231970532,13774.511538461538,24307.96153846154,True,True
7,16195,16205.307692307691,-10.307692307691468,10.307692307691468,-0.0006360689043000588,0.9993639310957,13774.511538461538,24307.96153846154,True,True
8,16010,16205.307692307691,-195.30769230769147,195.30769230769147,-0.012052081701626671,0.9879479182983734,13774.511538461538,24307.96153846154,True,True
9,16572,16205.307692307691,366.69230769230853,366.69230769230853,0.022627913931333093,1.022627913931333,13774.511538461538,24307.96153846154,True,True
10,16406,16205.307692307691,200.69230769230853,200.69230769230853,0.012384356502380563,1.0123843565023805,13774.511538461538,24307.96153846154,True,True
11,16733,16205.307692307691,527.6923076923085,527.6923076923085,0.03256293047387139,1.0325629304738715,13774.511538461538,24307.96153846154,True,True
12,16320,16205.307692307691,114.69230769230853,114.69230769230853,0.007077453256055761,1.0070774532560558,13774.511538461538,24307.96153846154,True,True
13,17006,16205.307692307691,800.6923076923085,800.6923076923085,0.049409262872088494,1.0494092628720886,13774.511538461538,24307.96153846154,True,True
14,14050,16205.307692307691,-2155.3076923076915,2155.3076923076915,-0.1330001091760059,0.8669998908239941,13774.511538461538,24307.96153846154,True,False
15,15998,16205.307692307691,-207.30769230769147,207.30769230769147,-0.01279257982902083,0.9872074201709792,13774.511538461538,24307.96153846154,True,True
16,17572,16205.307692307691,1366.6923076923085,1366.6923076923085,0.08433609121417965,1.0843360912141797,13774.511538461538,24307.96153846154,True,True
17,15052,16205.307692307691,-1153.3076923076915,1153.3076923076915,-0.07116851553859367,0.9288314844614063,13774.511538461538,24307.96153846154,True,True
18,15631,16205.307692307691,-574.3076923076915,574.3076923076915,-0.03543948089182552,0.9645605191081745,13774.511538461538,24307.96153846154,True,True
19,16261,16205.307692307691,55.69230769230853,55.69230769230853,0.003436670796367814,1.0034366707963678,13774.511538461538,24307.96153846154,True,True
20,16436,16205.307692307691,230.69230769230853,230.69230769230853,0.01423560182086596,1.014235601820866,13774.511538461538,24307.96153846154,True,True
21,16909,16205.307692307691,703.6923076923085,703.6923076923085,0.04342356967565238,1.0434235696756524,13774.511538461538,24307.96153846154,True,True
22,16190,16205.307692307691,-15.307692307691468,15.307692307691468,-0.0009446097907142916,0.9990553902092857,13774.511538461538,24307.96153846154,True,True
23,16466,16205.307692307691,260.69230769230853,260.69230769230853,0.016086847139351358,1.0160868471393514,13774.511538461538,24307.96153846154,True,True
24,16549,16205.307692307691,343.69230769230853,343.69230769230853,0.02120862585382762,1.0212086258538275,13774.511538461538,24307.96153846154,True,True
25,14212,16205.307692307691,-1993.3076923076915,1993.3076923076915,-0.12300338445618478,0.8769966155438152,13774.511538461538,24307.96153846154,True,False
26,16972,16205.307692307691,766.6923076923085,766.6923076923085,0.047311184844471714,1.0473111848444716,13774.511538461538,24307.96153846154,True,True
27,17434,16205.307692307691,1228.6923076923085,1228.6923076923085,0.07582036274914682,1.0758203627491467,13774.511538461538,24307.96153846154,True,True
28,16575,16205.307692307691,369.69230769230853,369.69230769230853,0.022813038463181633,1.0228130384631817,13774.511538461538,24307.96153846154,True,True
29,16658,16205.307692307691,452.69230769230853,452.69230769230853,0.027934817177657896,1.027934817177658,13774.511538461538,24307.96153846154,True,True
30,15436,16205.307692307691,-769.3076923076915,769.3076923076915,-0.047472575461980596,0.9525274245380194,13774.511538461538,24307.96153846154,True,True
31,15456,16205.307692307691,-749.3076923076915,749.3076923076915,-0.04623841191632366,0.9537615880836764,13774.511538461538,24307.96153846154,True,True
32,15185,16205.307692307691,-1020.3076923076915,1020.3076923076915,-0.06296132795997508,0.9370386720400249,13774.511538461538,24307.96153846154,True,True
33,15439,16205.307692307691,-766.3076923076915,766.3076923076915,-0.047287450930132056,0.9527125490698679,13774.511538461538,24307.96153846154,True,True
34,16347,16205.307692307691,141.69230769230853,141.69230769230853,0.008743574042692617,1.0087435740426927,13774.511538461538,24307.96153846154,True,True
35,16758,16205.307692307691,552.6923076923085,552.6923076923085,0.03410563490594255,1.0341056349059425,13774.511538461538,24307.96153846154,True,True
36,16735,16205.307692307691,529.6923076923085,529.6923076923085,0.03268634682843708,1.032686346828437,13774.511538461538,24307.96153846154,True,True
37,16238,16205.307692307691,32.69230769230853,32.69230769230853,0.002017382718862343,1.0020173827188623,13774.511538461538,24307.96153846154,True,True
38,16913,16205.307692307691,707.6923076923085,707.6923076923085,0.043670402384783764,1.0436704023847838,13774.511538461538,24307.96153846154,True,True
39,16242,16205.307692307691,36.69230769230853,36.69230769230853,0.0022642154279937294,1.0022642154279937,13774.511538461538,24307.96153846154,True,True
40,15510,16205.307692307691,-695.3076923076915,695.3076923076915,-0.04290617034304995,0.95709382965695,13774.511538461538,24307.96153846154,True,True
41,16424,16205.307692307691,218.69230769230853,218.69230769230853,0.013495103693471802,1.0134951036934718,13774.511538461538,24307.96153846154,True,True
42,16129,16205.307692307691,-76.30769230769147,76.30769230769147,-0.004708808604967932,0.9952911913950321,13774.511538461538,24307.96153846154,True,True
43,16009,16205.307692307691,-196.30769230769147,196.30769230769147,-0.012113789878909518,0.9878862101210905,13774.511538461538,24307.96153846154,True,True
44,16019,16205.307692307691,-186.30769230769147,186.30769230769147,-0.011496708106081052,0.988503291893919,13774.511538461538,24307.96153846154,True,True
45,16192,16205.307692307691,-13.307692307691468,13.307692307691468,-0.0008211934361485985,0.9991788065638514,13774.511538461538,24307.96153846154,True,True
46,16656,16205.307692307691,450.69230769230853,450.69230769230853,0.027811400823092202,1.0278114008230923,13774.511538461538,24307.96153846154,True,True
47,16391,16205.307692307691,185.69230769230853,185.69230769230853,0.011458733843137866,1.0114587338431378,13774.511538461538,24307.96153846154,True,True
48,15704,16205.307692307691,-501.30769230769147,501.30769230769147,-0.030934783950177718,0.9690652160498223,13774.511538461538,24307.96153846154,True,True
49,16428,16205.307692307691,222.69230769230853,222.69230769230853,0.013741936402603188,1.0137419364026032,13774.511538461538,24307.96153846154,True,True
50,16375,16205.307692307691,169.69230769230853,169.69230769230853,0.01047140300661232,1.0104714030066124,13774.511538461538,24307.96153846154,True,True
51,16043,16205.307692307691,-162.30769230769147,162.30769230769147,-0.010015711851292734,0.9899842881487073,13774.511538461538,24307.96153846154,True,True
52,16383,16205.307692307691,177.69230769230853,177.69230769230853,0.010965068424875093,1.010965068424875,13774.511538461538,24307.96153846154,True,True
53,16679,16205.307692307691,473.69230769230853,473.69230769230853,0.029230688900597674,1.0292306889005978,13774.511538461538,24307.96153846154,True,True
54,15272,16205.307692307691,-933.3076923076915,933.3076923076915,-0.057592716536367425,0.9424072834636326,13774.511538461538,24307.96153846154,True,True
55,17297,16205.307692307691,1091.6923076923085,1091.6923076923085,0.06736634246139685,1.0673663424613968,13774.511538461538,24307.96153846154,True,True
56,17699,16205.307692307691,1493.6923076923085,1493.6923076923085,0.09217302972910116,1.0921730297291012,13774.511538461538,24307.96153846154,True,True
57,15711,16205.307692307691,-494.30769230769147,494.30769230769147,-0.03050282670919779,0.9694971732908022,13774.511538461538,24307.96153846154,True,True
58,16771,16205.307692307691,565.6923076923085,565.6923076923085,0.03490784121061956,1.0349078412106196,13774.511538461538,24307.96153846154,True,True
59,15078,16205.307692307691,-1127.3076923076915,1127.3076923076915,-0.06956410292923966,0.9304358970707604,13774.511538461538,24307.96153846154,True,True
60,16353,16205.307692307691,147.69230769230853,147.69230769230853,0.009113823106389697,1.0091138231063896,13774.511538461538,24307.96153846154,True,True
61,16088,16205.307692307691,-117.30769230769147,117.30769230769147,-0.00723884387356464,0.9927611561264353,13774.511538461538,24307.96153846154,True,True
62,15778,16205.307692307691,-427.30769230769147,427.30769230769147,-0.026368378831247073,0.9736316211687529,13774.511538461538,24307.96153846154,True,True
63,15868,16205.307692307691,-337.30769230769147,337.30769230769147,-0.020814642875790882,0.9791853571242091,13774.511538461538,24307.96153846154,True,True
64,14843,16205.307692307691,-1362.3076923076915,1362.3076923076915,-0.0840655245907086,0.9159344754092914,13774.511538461538,24307.96153846154,True,True
