23	0	docs/AUDITORIAS/F04_F10_20261009/ENTREGA_F04.md
7	0	docs/AUDITORIAS/F04_F10_20261009/ENTREGA_F04_INCREMENTO.md
1217	0	docs/AUDITORIAS/F04_F10_20261009/MANIFEST-v3.json
904	0	docs/AUDITORIAS/F04_F10_20261009/MANIFEST.json
7	0	docs/AUDITORIAS/F04_F10_20261009/REVISION_F04_CICLO1.md
60371	0	docs/AUDITORIAS/F04_F10_20261009/andalucia/candidato-v2/compatibilidad_poblacion_seccionado.json
14	0	docs/AUDITORIAS/F04_F10_20261009/andalucia/candidato-v2/decision_adquisicion.json
44	0	docs/AUDITORIAS/F04_F10_20261009/andalucia/candidato-v2/declaracion_materializacion.json
1070	0	docs/AUDITORIAS/F04_F10_20261009/andalucia/candidato-v2/derivation.json
123	0	docs/AUDITORIAS/F04_F10_20261009/andalucia/candidato-v2/inventario_fuentes.json
21	0	docs/AUDITORIAS/F04_F10_20261009/andalucia/candidato-v2/manifest.json
59	0	docs/AUDITORIAS/F04_F10_20261009/andalucia/candidato-v2/manifiesto_procedencia.json
-	-	docs/AUDITORIAS/F04_F10_20261009/andalucia/candidato-v2/materialized/inputs/65034.csv.zip
-	-	docs/AUDITORIAS/F04_F10_20261009/andalucia/candidato-v2/materialized/inputs/seccionado_2025.zip
-	-	docs/AUDITORIAS/F04_F10_20261009/andalucia/candidato-v2/prepared_sources.zip
60371	0	docs/AUDITORIAS/F04_F10_20261009/andalucia/candidato-v3/compatibilidad_poblacion_seccionado.json
21	0	docs/AUDITORIAS/F04_F10_20261009/andalucia/candidato-v3/decision_adquisicion.json
87	0	docs/AUDITORIAS/F04_F10_20261009/andalucia/candidato-v3/declaracion_materializacion.json
1070	0	docs/AUDITORIAS/F04_F10_20261009/andalucia/candidato-v3/derivation.json
166	0	docs/AUDITORIAS/F04_F10_20261009/andalucia/candidato-v3/inventario_fuentes.json
22	0	docs/AUDITORIAS/F04_F10_20261009/andalucia/candidato-v3/manifest.json
92	0	docs/AUDITORIAS/F04_F10_20261009/andalucia/candidato-v3/manifiesto_procedencia.json
-	-	docs/AUDITORIAS/F04_F10_20261009/andalucia/candidato-v3/materialized/inputs/65034.csv.zip
-	-	docs/AUDITORIAS/F04_F10_20261009/andalucia/candidato-v3/materialized/inputs/seccionado_2025.zip
-	-	docs/AUDITORIAS/F04_F10_20261009/andalucia/candidato-v3/prepared_sources.zip
60371	0	docs/AUDITORIAS/F04_F10_20261009/andalucia/candidato/compatibilidad_poblacion_seccionado.json
14	0	docs/AUDITORIAS/F04_F10_20261009/andalucia/candidato/decision_adquisicion.json
44	0	docs/AUDITORIAS/F04_F10_20261009/andalucia/candidato/declaracion_materializacion.json
1070	0	docs/AUDITORIAS/F04_F10_20261009/andalucia/candidato/derivation.json
123	0	docs/AUDITORIAS/F04_F10_20261009/andalucia/candidato/inventario_fuentes.json
16	0	docs/AUDITORIAS/F04_F10_20261009/andalucia/candidato/manifest.json
59	0	docs/AUDITORIAS/F04_F10_20261009/andalucia/candidato/manifiesto_procedencia.json
-	-	docs/AUDITORIAS/F04_F10_20261009/andalucia/candidato/materialized/inputs/65034.csv.zip
-	-	docs/AUDITORIAS/F04_F10_20261009/andalucia/candidato/materialized/inputs/seccionado_2025.zip
-	-	docs/AUDITORIAS/F04_F10_20261009/andalucia/candidato/prepared_sources.zip
60444	0	docs/AUDITORIAS/F04_F10_20261009/andalucia/compatibilidad/compatibilidad_diagnostica.json
363	0	docs/AUDITORIAS/F04_F10_20261009/andalucia/compatibilidad/diagnostic-validation.json
112	0	docs/AUDITORIAS/F04_F10_20261009/andalucia/compatibilidad/inventario_fuentes.json
-	-	docs/AUDITORIAS/F04_F10_20261009/andalucia/compatibilidad/materialized/inputs/65034.csv.zip
-	-	docs/AUDITORIAS/F04_F10_20261009/andalucia/compatibilidad/materialized/inputs/seccionado_2025.zip
25	0	docs/AUDITORIAS/F04_F10_20261009/andalucia/derived-receipt-v3.json
23	0	docs/AUDITORIAS/F04_F10_20261009/andalucia/derived-receipt.json
10	0	docs/AUDITORIAS/F04_F10_20261009/andalucia/original/bundle/decision_adquisicion.json
40	0	docs/AUDITORIAS/F04_F10_20261009/andalucia/original/bundle/declaracion_materializacion.json
108	0	docs/AUDITORIAS/F04_F10_20261009/andalucia/original/bundle/inventario_fuentes.json
45	0	docs/AUDITORIAS/F04_F10_20261009/andalucia/original/bundle/manifiesto_procedencia.json
-	-	docs/AUDITORIAS/F04_F10_20261009/andalucia/original/bundle/materialized/inputs/65034.csv.zip
-	-	docs/AUDITORIAS/F04_F10_20261009/andalucia/original/bundle/materialized/inputs/seccionado_2025.zip
12	0	docs/AUDITORIAS/F04_F10_20261009/andalucia/original/manifest.json
-	-	docs/AUDITORIAS/F04_F10_20261009/andalucia/original/prepared_sources.zip
25	0	docs/AUDITORIAS/F04_F10_20261009/andalucia/recovery-receipt.json
25	0	docs/AUDITORIAS/F04_F10_20261009/andalucia/result.json
69	0	docs/AUDITORIAS/F04_F10_20261009/andalucia/temporal-provenance.json
16	0	docs/AUDITORIAS/F04_F10_20261009/andalucia/transformations.json
14711	0	docs/AUDITORIAS/F04_F10_20261009/aragon/candidato-v2/compatibilidad_poblacion_seccionado.json
14	0	docs/AUDITORIAS/F04_F10_20261009/aragon/candidato-v2/decision_adquisicion.json
39	0	docs/AUDITORIAS/F04_F10_20261009/aragon/candidato-v2/declaracion_materializacion.json
95	0	docs/AUDITORIAS/F04_F10_20261009/aragon/candidato-v2/derivation.json
98	0	docs/AUDITORIAS/F04_F10_20261009/aragon/candidato-v2/inventario_fuentes.json
21	0	docs/AUDITORIAS/F04_F10_20261009/aragon/candidato-v2/manifest.json
54	0	docs/AUDITORIAS/F04_F10_20261009/aragon/candidato-v2/manifiesto_procedencia.json
-	-	docs/AUDITORIAS/F04_F10_20261009/aragon/candidato-v2/materialized/inputs/65034.csv.zip
-	-	docs/AUDITORIAS/F04_F10_20261009/aragon/candidato-v2/materialized/inputs/seccionado_2025.zip
-	-	docs/AUDITORIAS/F04_F10_20261009/aragon/candidato-v2/prepared_sources.zip
14711	0	docs/AUDITORIAS/F04_F10_20261009/aragon/candidato-v3/compatibilidad_poblacion_seccionado.json
21	0	docs/AUDITORIAS/F04_F10_20261009/aragon/candidato-v3/decision_adquisicion.json
77	0	docs/AUDITORIAS/F04_F10_20261009/aragon/candidato-v3/declaracion_materializacion.json
95	0	docs/AUDITORIAS/F04_F10_20261009/aragon/candidato-v3/derivation.json
136	0	docs/AUDITORIAS/F04_F10_20261009/aragon/candidato-v3/inventario_fuentes.json
22	0	docs/AUDITORIAS/F04_F10_20261009/aragon/candidato-v3/manifest.json
82	0	docs/AUDITORIAS/F04_F10_20261009/aragon/candidato-v3/manifiesto_procedencia.json
-	-	docs/AUDITORIAS/F04_F10_20261009/aragon/candidato-v3/materialized/inputs/65034.csv.zip
-	-	docs/AUDITORIAS/F04_F10_20261009/aragon/candidato-v3/materialized/inputs/seccionado_2025.zip
-	-	docs/AUDITORIAS/F04_F10_20261009/aragon/candidato-v3/prepared_sources.zip
14719	0	docs/AUDITORIAS/F04_F10_20261009/aragon/compatibilidad/compatibilidad_diagnostica.json
38	0	docs/AUDITORIAS/F04_F10_20261009/aragon/compatibilidad/diagnostic-validation.json
87	0	docs/AUDITORIAS/F04_F10_20261009/aragon/compatibilidad/inventario_fuentes.json
-	-	docs/AUDITORIAS/F04_F10_20261009/aragon/compatibilidad/materialized/inputs/65034.csv.zip
-	-	docs/AUDITORIAS/F04_F10_20261009/aragon/compatibilidad/materialized/inputs/seccionado_2025.zip
25	0	docs/AUDITORIAS/F04_F10_20261009/aragon/derived-receipt-v3.json
23	0	docs/AUDITORIAS/F04_F10_20261009/aragon/derived-receipt.json
10	0	docs/AUDITORIAS/F04_F10_20261009/aragon/original/bundle/decision_adquisicion.json
35	0	docs/AUDITORIAS/F04_F10_20261009/aragon/original/bundle/declaracion_materializacion.json
83	0	docs/AUDITORIAS/F04_F10_20261009/aragon/original/bundle/inventario_fuentes.json
40	0	docs/AUDITORIAS/F04_F10_20261009/aragon/original/bundle/manifiesto_procedencia.json
-	-	docs/AUDITORIAS/F04_F10_20261009/aragon/original/bundle/materialized/inputs/65034.csv.zip
-	-	docs/AUDITORIAS/F04_F10_20261009/aragon/original/bundle/materialized/inputs/seccionado_2025.zip
12	0	docs/AUDITORIAS/F04_F10_20261009/aragon/original/manifest.json
-	-	docs/AUDITORIAS/F04_F10_20261009/aragon/original/prepared_sources.zip
25	0	docs/AUDITORIAS/F04_F10_20261009/aragon/recovery-receipt.json
25	0	docs/AUDITORIAS/F04_F10_20261009/aragon/result.json
59	0	docs/AUDITORIAS/F04_F10_20261009/aragon/temporal-provenance.json
16	0	docs/AUDITORIAS/F04_F10_20261009/aragon/transformations.json
102	0	docs/AUDITORIAS/F04_F10_20261009/artifact-metadata.json
144	0	docs/AUDITORIAS/F04_F10_20261009/candidate-results-v3.json
142	0	docs/AUDITORIAS/F04_F10_20261009/candidate-results.json
35141	0	docs/AUDITORIAS/F04_F10_20261009/castilla_y_leon/candidato-v2/compatibilidad_poblacion_seccionado.json
14	0	docs/AUDITORIAS/F04_F10_20261009/castilla_y_leon/candidato-v2/decision_adquisicion.json
45	0	docs/AUDITORIAS/F04_F10_20261009/castilla_y_leon/candidato-v2/declaracion_materializacion.json
755	0	docs/AUDITORIAS/F04_F10_20261009/castilla_y_leon/candidato-v2/derivation.json
128	0	docs/AUDITORIAS/F04_F10_20261009/castilla_y_leon/candidato-v2/inventario_fuentes.json
21	0	docs/AUDITORIAS/F04_F10_20261009/castilla_y_leon/candidato-v2/manifest.json
60	0	docs/AUDITORIAS/F04_F10_20261009/castilla_y_leon/candidato-v2/manifiesto_procedencia.json
-	-	docs/AUDITORIAS/F04_F10_20261009/castilla_y_leon/candidato-v2/materialized/inputs/65034.csv.zip
-	-	docs/AUDITORIAS/F04_F10_20261009/castilla_y_leon/candidato-v2/materialized/inputs/seccionado_2025.zip
-	-	docs/AUDITORIAS/F04_F10_20261009/castilla_y_leon/candidato-v2/prepared_sources.zip
35141	0	docs/AUDITORIAS/F04_F10_20261009/castilla_y_leon/candidato-v3/compatibilidad_poblacion_seccionado.json
21	0	docs/AUDITORIAS/F04_F10_20261009/castilla_y_leon/candidato-v3/decision_adquisicion.json
89	0	docs/AUDITORIAS/F04_F10_20261009/castilla_y_leon/candidato-v3/declaracion_materializacion.json
755	0	docs/AUDITORIAS/F04_F10_20261009/castilla_y_leon/candidato-v3/derivation.json
172	0	docs/AUDITORIAS/F04_F10_20261009/castilla_y_leon/candidato-v3/inventario_fuentes.json
22	0	docs/AUDITORIAS/F04_F10_20261009/castilla_y_leon/candidato-v3/manifest.json
94	0	docs/AUDITORIAS/F04_F10_20261009/castilla_y_leon/candidato-v3/manifiesto_procedencia.json
-	-	docs/AUDITORIAS/F04_F10_20261009/castilla_y_leon/candidato-v3/materialized/inputs/65034.csv.zip
-	-	docs/AUDITORIAS/F04_F10_20261009/castilla_y_leon/candidato-v3/materialized/inputs/seccionado_2025.zip
-	-	docs/AUDITORIAS/F04_F10_20261009/castilla_y_leon/candidato-v3/prepared_sources.zip
35193	0	docs/AUDITORIAS/F04_F10_20261009/castilla_y_leon/compatibilidad/compatibilidad_diagnostica.json
258	0	docs/AUDITORIAS/F04_F10_20261009/castilla_y_leon/compatibilidad/diagnostic-validation.json
117	0	docs/AUDITORIAS/F04_F10_20261009/castilla_y_leon/compatibilidad/inventario_fuentes.json
-	-	docs/AUDITORIAS/F04_F10_20261009/castilla_y_leon/compatibilidad/materialized/inputs/65034.csv.zip
-	-	docs/AUDITORIAS/F04_F10_20261009/castilla_y_leon/compatibilidad/materialized/inputs/seccionado_2025.zip
25	0	docs/AUDITORIAS/F04_F10_20261009/castilla_y_leon/derived-receipt-v3.json
23	0	docs/AUDITORIAS/F04_F10_20261009/castilla_y_leon/derived-receipt.json
10	0	docs/AUDITORIAS/F04_F10_20261009/castilla_y_leon/original/bundle/decision_adquisicion.json
41	0	docs/AUDITORIAS/F04_F10_20261009/castilla_y_leon/original/bundle/declaracion_materializacion.json
113	0	docs/AUDITORIAS/F04_F10_20261009/castilla_y_leon/original/bundle/inventario_fuentes.json
46	0	docs/AUDITORIAS/F04_F10_20261009/castilla_y_leon/original/bundle/manifiesto_procedencia.json
-	-	docs/AUDITORIAS/F04_F10_20261009/castilla_y_leon/original/bundle/materialized/inputs/65034.csv.zip
-	-	docs/AUDITORIAS/F04_F10_20261009/castilla_y_leon/original/bundle/materialized/inputs/seccionado_2025.zip
12	0	docs/AUDITORIAS/F04_F10_20261009/castilla_y_leon/original/manifest.json
-	-	docs/AUDITORIAS/F04_F10_20261009/castilla_y_leon/original/prepared_sources.zip
25	0	docs/AUDITORIAS/F04_F10_20261009/castilla_y_leon/recovery-receipt.json
25	0	docs/AUDITORIAS/F04_F10_20261009/castilla_y_leon/result.json
71	0	docs/AUDITORIAS/F04_F10_20261009/castilla_y_leon/temporal-provenance.json
16	0	docs/AUDITORIAS/F04_F10_20261009/castilla_y_leon/transformations.json
54	0	docs/AUDITORIAS/F04_F10_20261009/checkpoint.json
75	0	docs/AUDITORIAS/F04_F10_20261009/completar_entradas.py
35231	0	docs/AUDITORIAS/F04_F10_20261009/comunidad_valenciana/candidato-v2/compatibilidad_poblacion_seccionado.json
14	0	docs/AUDITORIAS/F04_F10_20261009/comunidad_valenciana/candidato-v2/decision_adquisicion.json
39	0	docs/AUDITORIAS/F04_F10_20261009/comunidad_valenciana/candidato-v2/declaracion_materializacion.json
530	0	docs/AUDITORIAS/F04_F10_20261009/comunidad_valenciana/candidato-v2/derivation.json
98	0	docs/AUDITORIAS/F04_F10_20261009/comunidad_valenciana/candidato-v2/inventario_fuentes.json
21	0	docs/AUDITORIAS/F04_F10_20261009/comunidad_valenciana/candidato-v2/manifest.json
54	0	docs/AUDITORIAS/F04_F10_20261009/comunidad_valenciana/candidato-v2/manifiesto_procedencia.json
-	-	docs/AUDITORIAS/F04_F10_20261009/comunidad_valenciana/candidato-v2/materialized/inputs/65034.csv.zip
-	-	docs/AUDITORIAS/F04_F10_20261009/comunidad_valenciana/candidato-v2/materialized/inputs/seccionado_2025.zip
-	-	docs/AUDITORIAS/F04_F10_20261009/comunidad_valenciana/candidato-v2/prepared_sources.zip
35231	0	docs/AUDITORIAS/F04_F10_20261009/comunidad_valenciana/candidato-v3/compatibilidad_poblacion_seccionado.json
21	0	docs/AUDITORIAS/F04_F10_20261009/comunidad_valenciana/candidato-v3/decision_adquisicion.json
77	0	docs/AUDITORIAS/F04_F10_20261009/comunidad_valenciana/candidato-v3/declaracion_materializacion.json
530	0	docs/AUDITORIAS/F04_F10_20261009/comunidad_valenciana/candidato-v3/derivation.json
136	0	docs/AUDITORIAS/F04_F10_20261009/comunidad_valenciana/candidato-v3/inventario_fuentes.json
22	0	docs/AUDITORIAS/F04_F10_20261009/comunidad_valenciana/candidato-v3/manifest.json
82	0	docs/AUDITORIAS/F04_F10_20261009/comunidad_valenciana/candidato-v3/manifiesto_procedencia.json
-	-	docs/AUDITORIAS/F04_F10_20261009/comunidad_valenciana/candidato-v3/materialized/inputs/65034.csv.zip
-	-	docs/AUDITORIAS/F04_F10_20261009/comunidad_valenciana/candidato-v3/materialized/inputs/seccionado_2025.zip
-	-	docs/AUDITORIAS/F04_F10_20261009/comunidad_valenciana/candidato-v3/prepared_sources.zip
35268	0	docs/AUDITORIAS/F04_F10_20261009/comunidad_valenciana/compatibilidad/compatibilidad_diagnostica.json
183	0	docs/AUDITORIAS/F04_F10_20261009/comunidad_valenciana/compatibilidad/diagnostic-validation.json
87	0	docs/AUDITORIAS/F04_F10_20261009/comunidad_valenciana/compatibilidad/inventario_fuentes.json
-	-	docs/AUDITORIAS/F04_F10_20261009/comunidad_valenciana/compatibilidad/materialized/inputs/65034.csv.zip
-	-	docs/AUDITORIAS/F04_F10_20261009/comunidad_valenciana/compatibilidad/materialized/inputs/seccionado_2025.zip
25	0	docs/AUDITORIAS/F04_F10_20261009/comunidad_valenciana/derived-receipt-v3.json
23	0	docs/AUDITORIAS/F04_F10_20261009/comunidad_valenciana/derived-receipt.json
10	0	docs/AUDITORIAS/F04_F10_20261009/comunidad_valenciana/original/bundle/decision_adquisicion.json
35	0	docs/AUDITORIAS/F04_F10_20261009/comunidad_valenciana/original/bundle/declaracion_materializacion.json
83	0	docs/AUDITORIAS/F04_F10_20261009/comunidad_valenciana/original/bundle/inventario_fuentes.json
40	0	docs/AUDITORIAS/F04_F10_20261009/comunidad_valenciana/original/bundle/manifiesto_procedencia.json
-	-	docs/AUDITORIAS/F04_F10_20261009/comunidad_valenciana/original/bundle/materialized/inputs/65034.csv.zip
-	-	docs/AUDITORIAS/F04_F10_20261009/comunidad_valenciana/original/bundle/materialized/inputs/seccionado_2025.zip
12	0	docs/AUDITORIAS/F04_F10_20261009/comunidad_valenciana/original/manifest.json
-	-	docs/AUDITORIAS/F04_F10_20261009/comunidad_valenciana/original/prepared_sources.zip
25	0	docs/AUDITORIAS/F04_F10_20261009/comunidad_valenciana/recovery-receipt.json
25	0	docs/AUDITORIAS/F04_F10_20261009/comunidad_valenciana/result.json
59	0	docs/AUDITORIAS/F04_F10_20261009/comunidad_valenciana/temporal-provenance.json
16	0	docs/AUDITORIAS/F04_F10_20261009/comunidad_valenciana/transformations.json
9	0	docs/AUDITORIAS/F04_F10_20261009/continuacion/CONTRATO_F05.md
9	0	docs/AUDITORIAS/F04_F10_20261009/continuacion/PREPARACION_F09_F10.md
5	0	docs/AUDITORIAS/F04_F10_20261009/continuacion/REVISION_F04_ACEPTADA.md
37	0	docs/AUDITORIAS/F04_F10_20261009/continuacion/acreditar_identidades.py
152	0	docs/AUDITORIAS/F04_F10_20261009/continuacion/checkpoint-final.json
1052	0	docs/AUDITORIAS/F04_F10_20261009/continuacion/evidencia-previa-reutilizada.json
50	0	docs/AUDITORIAS/F04_F10_20261009/continuacion/identity-alignment.json
845	0	docs/AUDITORIAS/F04_F10_20261009/continuacion/matriz-19-final.json
556	0	docs/AUDITORIAS/F04_F10_20261009/continuacion/offline-results.json
65	0	docs/AUDITORIAS/F04_F10_20261009/continuacion/verificar_offline.py
93	0	docs/AUDITORIAS/F04_F10_20261009/corregir_declaraciones.py
64	0	docs/AUDITORIAS/F04_F10_20261009/derivar_universo.py
72	0	docs/AUDITORIAS/F04_F10_20261009/diagnostic-results.json
9721	0	docs/AUDITORIAS/F04_F10_20261009/extremadura/candidato-v2/compatibilidad_poblacion_seccionado.json
14	0	docs/AUDITORIAS/F04_F10_20261009/extremadura/candidato-v2/decision_adquisicion.json
38	0	docs/AUDITORIAS/F04_F10_20261009/extremadura/candidato-v2/declaracion_materializacion.json
185	0	docs/AUDITORIAS/F04_F10_20261009/extremadura/candidato-v2/derivation.json
93	0	docs/AUDITORIAS/F04_F10_20261009/extremadura/candidato-v2/inventario_fuentes.json
21	0	docs/AUDITORIAS/F04_F10_20261009/extremadura/candidato-v2/manifest.json
53	0	docs/AUDITORIAS/F04_F10_20261009/extremadura/candidato-v2/manifiesto_procedencia.json
-	-	docs/AUDITORIAS/F04_F10_20261009/extremadura/candidato-v2/materialized/inputs/65034.csv.zip
-	-	docs/AUDITORIAS/F04_F10_20261009/extremadura/candidato-v2/materialized/inputs/seccionado_2025.zip
-	-	docs/AUDITORIAS/F04_F10_20261009/extremadura/candidato-v2/prepared_sources.zip
9721	0	docs/AUDITORIAS/F04_F10_20261009/extremadura/candidato-v3/compatibilidad_poblacion_seccionado.json
21	0	docs/AUDITORIAS/F04_F10_20261009/extremadura/candidato-v3/decision_adquisicion.json
75	0	docs/AUDITORIAS/F04_F10_20261009/extremadura/candidato-v3/declaracion_materializacion.json
185	0	docs/AUDITORIAS/F04_F10_20261009/extremadura/candidato-v3/derivation.json
130	0	docs/AUDITORIAS/F04_F10_20261009/extremadura/candidato-v3/inventario_fuentes.json
22	0	docs/AUDITORIAS/F04_F10_20261009/extremadura/candidato-v3/manifest.json
80	0	docs/AUDITORIAS/F04_F10_20261009/extremadura/candidato-v3/manifiesto_procedencia.json
-	-	docs/AUDITORIAS/F04_F10_20261009/extremadura/candidato-v3/materialized/inputs/65034.csv.zip
-	-	docs/AUDITORIAS/F04_F10_20261009/extremadura/candidato-v3/materialized/inputs/seccionado_2025.zip
-	-	docs/AUDITORIAS/F04_F10_20261009/extremadura/candidato-v3/prepared_sources.zip
9735	0	docs/AUDITORIAS/F04_F10_20261009/extremadura/compatibilidad/compatibilidad_diagnostica.json
68	0	docs/AUDITORIAS/F04_F10_20261009/extremadura/compatibilidad/diagnostic-validation.json
82	0	docs/AUDITORIAS/F04_F10_20261009/extremadura/compatibilidad/inventario_fuentes.json
-	-	docs/AUDITORIAS/F04_F10_20261009/extremadura/compatibilidad/materialized/inputs/65034.csv.zip
-	-	docs/AUDITORIAS/F04_F10_20261009/extremadura/compatibilidad/materialized/inputs/seccionado_2025.zip
25	0	docs/AUDITORIAS/F04_F10_20261009/extremadura/derived-receipt-v3.json
23	0	docs/AUDITORIAS/F04_F10_20261009/extremadura/derived-receipt.json
10	0	docs/AUDITORIAS/F04_F10_20261009/extremadura/original/bundle/decision_adquisicion.json
34	0	docs/AUDITORIAS/F04_F10_20261009/extremadura/original/bundle/declaracion_materializacion.json
78	0	docs/AUDITORIAS/F04_F10_20261009/extremadura/original/bundle/inventario_fuentes.json
39	0	docs/AUDITORIAS/F04_F10_20261009/extremadura/original/bundle/manifiesto_procedencia.json
-	-	docs/AUDITORIAS/F04_F10_20261009/extremadura/original/bundle/materialized/inputs/65034.csv.zip
-	-	docs/AUDITORIAS/F04_F10_20261009/extremadura/original/bundle/materialized/inputs/seccionado_2025.zip
12	0	docs/AUDITORIAS/F04_F10_20261009/extremadura/original/manifest.json
-	-	docs/AUDITORIAS/F04_F10_20261009/extremadura/original/prepared_sources.zip
25	0	docs/AUDITORIAS/F04_F10_20261009/extremadura/recovery-receipt.json
25	0	docs/AUDITORIAS/F04_F10_20261009/extremadura/result.json
57	0	docs/AUDITORIAS/F04_F10_20261009/extremadura/temporal-provenance.json
16	0	docs/AUDITORIAS/F04_F10_20261009/extremadura/transformations.json
37	0	docs/AUDITORIAS/F04_F10_20261009/informes_diagnosticos.py
517	0	docs/AUDITORIAS/F04_F10_20261009/inventario-local.json
37	0	docs/AUDITORIAS/F04_F10_20261009/localizar_material.py
0	0	docs/AUDITORIAS/F04_F10_20261009/logs/candidatos-v2.stderr
5	0	docs/AUDITORIAS/F04_F10_20261009/logs/candidatos-v2.stdout
4	0	docs/AUDITORIAS/F04_F10_20261009/logs/candidatos.stderr
0	0	docs/AUDITORIAS/F04_F10_20261009/logs/candidatos.stdout
50	0	docs/AUDITORIAS/F04_F10_20261009/logs/completar.stderr
5	0	docs/AUDITORIAS/F04_F10_20261009/logs/completar.stdout
0	0	docs/AUDITORIAS/F04_F10_20261009/logs/contrato-almacen.stderr.log
8	0	docs/AUDITORIAS/F04_F10_20261009/logs/contrato-almacen.stdout.log
0	0	docs/AUDITORIAS/F04_F10_20261009/logs/correccion-v3.stderr.log
5	0	docs/AUDITORIAS/F04_F10_20261009/logs/correccion-v3.stdout.log
0	0	docs/AUDITORIAS/F04_F10_20261009/logs/diagnosticos-v2.stderr
5	0	docs/AUDITORIAS/F04_F10_20261009/logs/diagnosticos-v2.stdout
4	0	docs/AUDITORIAS/F04_F10_20261009/logs/diagnosticos.stderr
0	0	docs/AUDITORIAS/F04_F10_20261009/logs/diagnosticos.stdout
0	0	docs/AUDITORIAS/F04_F10_20261009/logs/diff-check.stderr.log
0	0	docs/AUDITORIAS/F04_F10_20261009/logs/diff-check.stdout.log
0	0	docs/AUDITORIAS/F04_F10_20261009/logs/identidades.stderr.log
1	0	docs/AUDITORIAS/F04_F10_20261009/logs/identidades.stdout.log
0	0	docs/AUDITORIAS/F04_F10_20261009/logs/inventario.stderr
39	0	docs/AUDITORIAS/F04_F10_20261009/logs/inventario.stdout
0	0	docs/AUDITORIAS/F04_F10_20261009/logs/offline-nuevas.stderr.log
5	0	docs/AUDITORIAS/F04_F10_20261009/logs/offline-nuevas.stdout.log
332	0	docs/AUDITORIAS/F04_F10_20261009/matriz-19-v3.json
326	0	docs/AUDITORIAS/F04_F10_20261009/matriz-19.json
-	-	docs/AUDITORIAS/F04_F10_20261009/originales/artifact-10645871597.zip
-	-	docs/AUDITORIAS/F04_F10_20261009/originales/artifact-10695433906.zip
-	-	docs/AUDITORIAS/F04_F10_20261009/originales/artifact-10710105975.zip
-	-	docs/AUDITORIAS/F04_F10_20261009/originales/artifact-10819721995.zip
-	-	docs/AUDITORIAS/F04_F10_20261009/originales/artifact-10917135113.zip
133	0	docs/AUDITORIAS/F04_F10_20261009/resultados-cinco.json
