territory,district_id,province_code,province_name,dominant_municipality_code,dominant_municipality_name,dominant_population,district_population,dominant_population_share,naming_rule,base_name,district_name
aragon,0,22,Huesca,22125,Huesca,18345,18345,1.0,DOMINANT_MUNICIPALITY,Huesca — Huesca,Huesca — Huesca I
aragon,1,22,Huesca,22125,Huesca,18549,18549,1.0,DOMINANT_MUNICIPALITY,Huesca — Huesca,Huesca — Huesca II
aragon,2,22,Huesca,22199,Sabiñánigo,9665,21469,0.450183986213,RURAL_REFERENCE_MUNICIPALITY,Huesca — Entorno de Sabiñánigo,Huesca — Entorno de Sabiñánigo
aragon,3,22,Huesca,22158,Monzón,18465,21230,0.869759773905,DOMINANT_MUNICIPALITY,Huesca — Monzón,Huesca — Monzón
aragon,4,22,Huesca,22213,Sariñena,4119,21542,0.191207872992,RURAL_REFERENCE_MUNICIPALITY,Huesca — Entorno de Sariñena,Huesca — Entorno de Sariñena
aragon,5,22,Huesca,22112,Fraga,15400,21516,0.715746421268,DOMINANT_MUNICIPALITY,Huesca — Fraga,Huesca — Fraga
aragon,6,22,Huesca,22061,Binéfar,10169,21169,0.48037224243,RURAL_REFERENCE_MUNICIPALITY,Huesca — Entorno de Binéfar,Huesca — Entorno de Binéfar
aragon,7,22,Huesca,22125,Huesca,18139,21752,0.833900331004,DOMINANT_MUNICIPALITY,Huesca — Huesca,Huesca — Huesca III
aragon,8,22,Huesca,22117,Graus,3401,21474,0.158377572879,RURAL_REFERENCE_MUNICIPALITY,Huesca — Entorno de Graus,Huesca — Entorno de Graus
aragon,9,22,Huesca,22130,Jaca,14012,21572,0.649545707398,DOMINANT_MUNICIPALITY,Huesca — Jaca,Huesca — Jaca
aragon,10,22,Huesca,22048,Barbastro,17799,21469,0.829055847967,DOMINANT_MUNICIPALITY,Huesca — Barbastro,Huesca — Barbastro
aragon,11,44,Teruel,44216,Teruel,18367,18367,1.0,DOMINANT_MUNICIPALITY,Teruel — Teruel,Teruel — Teruel I
aragon,12,44,Teruel,44025,Andorra,7192,19552,0.367839607201,RURAL_REFERENCE_MUNICIPALITY,Teruel — Entorno de Andorra,Teruel — Entorno de Andorra
aragon,13,44,Teruel,44216,Teruel,18154,19569,0.927691757371,DOMINANT_MUNICIPALITY,Teruel — Teruel,Teruel — Teruel II
aragon,14,44,Teruel,44013,Alcañiz,16447,19785,0.831286328026,DOMINANT_MUNICIPALITY,Teruel — Alcañiz,Teruel — Alcañiz
aragon,15,44,Teruel,44076,Cella,2694,19556,0.137758232767,RURAL_REFERENCE_MUNICIPALITY,Teruel — Entorno de Cella,Teruel — Entorno de Cella
aragon,16,44,Teruel,44050,Calamocha,4628,19537,0.236883861391,RURAL_REFERENCE_MUNICIPALITY,Teruel — Entorno de Calamocha,Teruel — Entorno de Calamocha
aragon,17,44,Teruel,44051,Calanda,3803,19725,0.192801013942,RURAL_REFERENCE_MUNICIPALITY,Teruel — Entorno de Calanda,Teruel — Entorno de Calanda
aragon,18,50,Zaragoza,50297,Zaragoza,19337,19337,1.0,DOMINANT_MUNICIPALITY,Zaragoza — Zaragoza,Zaragoza — Zaragoza I
aragon,19,50,Zaragoza,50297,Zaragoza,19343,19343,1.0,DOMINANT_MUNICIPALITY,Zaragoza — Zaragoza,Zaragoza — Zaragoza II
aragon,20,50,Zaragoza,50297,Zaragoza,19985,19985,1.0,DOMINANT_MUNICIPALITY,Zaragoza — Zaragoza,Zaragoza — Zaragoza III
aragon,21,50,Zaragoza,50297,Zaragoza,19989,19989,1.0,DOMINANT_MUNICIPALITY,Zaragoza — Zaragoza,Zaragoza — Zaragoza IV
aragon,22,50,Zaragoza,50297,Zaragoza,20434,20434,1.0,DOMINANT_MUNICIPALITY,Zaragoza — Zaragoza,Zaragoza — Zaragoza V
aragon,23,50,Zaragoza,50297,Zaragoza,19951,19951,1.0,DOMINANT_MUNICIPALITY,Zaragoza — Zaragoza,Zaragoza — Zaragoza VI
aragon,24,50,Zaragoza,50297,Zaragoza,20168,20168,1.0,DOMINANT_MUNICIPALITY,Zaragoza — Zaragoza,Zaragoza — Zaragoza VII
aragon,25,50,Zaragoza,50297,Zaragoza,20391,20391,1.0,DOMINANT_MUNICIPALITY,Zaragoza — Zaragoza,Zaragoza — Zaragoza VIII
aragon,26,50,Zaragoza,50297,Zaragoza,19873,19873,1.0,DOMINANT_MUNICIPALITY,Zaragoza — Zaragoza,Zaragoza — Zaragoza IX
aragon,27,50,Zaragoza,50297,Zaragoza,21099,21099,1.0,DOMINANT_MUNICIPALITY,Zaragoza — Zaragoza,Zaragoza — Zaragoza X
aragon,28,50,Zaragoza,50297,Zaragoza,19891,19891,1.0,DOMINANT_MUNICIPALITY,Zaragoza — Zaragoza,Zaragoza — Zaragoza XI
aragon,29,50,Zaragoza,50297,Zaragoza,20178,20178,1.0,DOMINANT_MUNICIPALITY,Zaragoza — Zaragoza,Zaragoza — Zaragoza XII
aragon,30,50,Zaragoza,50297,Zaragoza,20060,20060,1.0,DOMINANT_MUNICIPALITY,Zaragoza — Zaragoza,Zaragoza — Zaragoza XIII
aragon,31,50,Zaragoza,50297,Zaragoza,20082,20082,1.0,DOMINANT_MUNICIPALITY,Zaragoza — Zaragoza,Zaragoza — Zaragoza XIV
aragon,32,50,Zaragoza,50297,Zaragoza,19776,19776,1.0,DOMINANT_MUNICIPALITY,Zaragoza — Zaragoza,Zaragoza — Zaragoza XV
aragon,33,50,Zaragoza,50297,Zaragoza,20003,20003,1.0,DOMINANT_MUNICIPALITY,Zaragoza — Zaragoza,Zaragoza — Zaragoza XVI
aragon,34,50,Zaragoza,50297,Zaragoza,20257,20257,1.0,DOMINANT_MUNICIPALITY,Zaragoza — Zaragoza,Zaragoza — Zaragoza XVII
aragon,35,50,Zaragoza,50297,Zaragoza,20263,20263,1.0,DOMINANT_MUNICIPALITY,Zaragoza — Zaragoza,Zaragoza — Zaragoza XVIII
aragon,36,50,Zaragoza,50297,Zaragoza,19471,19471,1.0,DOMINANT_MUNICIPALITY,Zaragoza — Zaragoza,Zaragoza — Zaragoza XIX
aragon,37,50,Zaragoza,50297,Zaragoza,19100,19100,1.0,DOMINANT_MUNICIPALITY,Zaragoza — Zaragoza,Zaragoza — Zaragoza XX
aragon,38,50,Zaragoza,50297,Zaragoza,19710,19710,1.0,DOMINANT_MUNICIPALITY,Zaragoza — Zaragoza,Zaragoza — Zaragoza XXI
aragon,39,50,Zaragoza,50297,Zaragoza,19910,19910,1.0,DOMINANT_MUNICIPALITY,Zaragoza — Zaragoza,Zaragoza — Zaragoza XXII
aragon,40,50,Zaragoza,50297,Zaragoza,19861,19861,1.0,DOMINANT_MUNICIPALITY,Zaragoza — Zaragoza,Zaragoza — Zaragoza XXIII
aragon,41,50,Zaragoza,50297,Zaragoza,18955,18955,1.0,DOMINANT_MUNICIPALITY,Zaragoza — Zaragoza,Zaragoza — Zaragoza XXIV
aragon,42,50,Zaragoza,50297,Zaragoza,20821,20821,1.0,DOMINANT_MUNICIPALITY,Zaragoza — Zaragoza,Zaragoza — Zaragoza XXV
aragon,43,50,Zaragoza,50297,Zaragoza,20187,20187,1.0,DOMINANT_MUNICIPALITY,Zaragoza — Zaragoza,Zaragoza — Zaragoza XXVI
aragon,44,50,Zaragoza,50297,Zaragoza,20387,20387,1.0,DOMINANT_MUNICIPALITY,Zaragoza — Zaragoza,Zaragoza — Zaragoza XXVII
aragon,45,50,Zaragoza,50297,Zaragoza,19672,19672,1.0,DOMINANT_MUNICIPALITY,Zaragoza — Zaragoza,Zaragoza — Zaragoza XXVIII
aragon,46,50,Zaragoza,50297,Zaragoza,19492,19492,1.0,DOMINANT_MUNICIPALITY,Zaragoza — Zaragoza,Zaragoza — Zaragoza XXIX
aragon,47,50,Zaragoza,50297,Zaragoza,19873,19873,1.0,DOMINANT_MUNICIPALITY,Zaragoza — Zaragoza,Zaragoza — Zaragoza XXX
aragon,48,50,Zaragoza,50297,Zaragoza,21132,21132,1.0,DOMINANT_MUNICIPALITY,Zaragoza — Zaragoza,Zaragoza — Zaragoza XXXI
aragon,49,50,Zaragoza,50297,Zaragoza,19220,19220,1.0,DOMINANT_MUNICIPALITY,Zaragoza — Zaragoza,Zaragoza — Zaragoza XXXII
aragon,50,50,Zaragoza,50297,Zaragoza,20092,20092,1.0,DOMINANT_MUNICIPALITY,Zaragoza — Zaragoza,Zaragoza — Zaragoza XXXIII
aragon,51,50,Zaragoza,50297,Zaragoza,18965,18965,1.0,DOMINANT_MUNICIPALITY,Zaragoza — Zaragoza,Zaragoza — Zaragoza XXXIV
aragon,52,50,Zaragoza,50095,Ejea de los Caballeros,17219,19427,0.886343748391,DOMINANT_MUNICIPALITY,Zaragoza — Ejea de los Caballeros,Zaragoza — Ejea de los Caballeros
aragon,53,50,Zaragoza,50067,Calatayud,20152,21358,0.943534038768,DOMINANT_MUNICIPALITY,Zaragoza — Calatayud,Zaragoza — Calatayud
aragon,54,50,Zaragoza,50204,Pedrola,3843,22150,0.173498871332,RURAL_REFERENCE_MUNICIPALITY,Zaragoza — Entorno de Pedrola,Zaragoza — Entorno de Pedrola
aragon,55,50,Zaragoza,50251,Tarazona,10872,21833,0.497961800944,RURAL_REFERENCE_MUNICIPALITY,Zaragoza — Entorno de Tarazona,Zaragoza — Entorno de Tarazona
aragon,56,50,Zaragoza,50008,Alagón,7520,21400,0.351401869159,RURAL_REFERENCE_MUNICIPALITY,Zaragoza — Entorno de Alagón,Zaragoza — Entorno de Alagón
aragon,57,50,Zaragoza,50298,Zuera,8714,19834,0.439346576586,RURAL_REFERENCE_MUNICIPALITY,Zaragoza — Entorno de Zuera,Zaragoza — Entorno de Zuera
aragon,58,50,Zaragoza,50219,"Puebla de Alfindén, La",6664,21905,0.304222780187,RURAL_REFERENCE_MUNICIPALITY,"Zaragoza — Entorno de Puebla de Alfindén, La","Zaragoza — Entorno de Puebla de Alfindén, La"
aragon,59,50,Zaragoza,50025,"Almunia de Doña Godina, La",8044,21405,0.375800046718,RURAL_REFERENCE_MUNICIPALITY,"Zaragoza — Entorno de Almunia de Doña Godina, La","Zaragoza — Entorno de Almunia de Doña Godina, La"
aragon,60,50,Zaragoza,50089,Cuarte de Huerva,15380,20044,0.76731191379,DOMINANT_MUNICIPALITY,Zaragoza — Cuarte de Huerva,Zaragoza — Cuarte de Huerva
aragon,61,50,Zaragoza,50074,Caspe,10405,21703,0.479426807354,RURAL_REFERENCE_MUNICIPALITY,Zaragoza — Entorno de Caspe,Zaragoza — Entorno de Caspe
aragon,62,50,Zaragoza,50272,Utebo,19135,21764,0.879204190406,DOMINANT_MUNICIPALITY,Zaragoza — Utebo,Zaragoza — Utebo
aragon,63,50,Zaragoza,50297,Zaragoza,21079,22229,0.948265778937,DOMINANT_MUNICIPALITY,Zaragoza — Zaragoza,Zaragoza — Zaragoza XXXV
aragon,64,50,Zaragoza,50073,Cariñena,3601,21897,0.164451751381,RURAL_REFERENCE_MUNICIPALITY,Zaragoza — Entorno de Cariñena,Zaragoza — Entorno de Cariñena
aragon,65,50,Zaragoza,50115,Fuentes de Ebro,4674,21921,0.213220199808,RURAL_REFERENCE_MUNICIPALITY,Zaragoza — Entorno de Fuentes de Ebro,Zaragoza — Entorno de Fuentes de Ebro
aragon,66,50,Zaragoza,50182,"Muela, La",6725,21645,0.310695310695,RURAL_REFERENCE_MUNICIPALITY,"Zaragoza — Entorno de Muela, La","Zaragoza — Entorno de Muela, La"
castilla_y_leon,0,05,Ávila,05019,Ávila,29958,29958,1.0,DOMINANT_MUNICIPALITY,Ávila — Ávila,Ávila — Ávila I
castilla_y_leon,1,05,Ávila,05014,Arenas de San Pedro,6480,25774,0.251416155816,RURAL_REFERENCE_MUNICIPALITY,Ávila — Entorno de Arenas de San Pedro,Ávila — Entorno de Arenas de San Pedro
castilla_y_leon,2,05,Ávila,05019,Ávila,27604,27604,1.0,DOMINANT_MUNICIPALITY,Ávila — Ávila,Ávila — Ávila II
castilla_y_leon,3,05,Ávila,05021,"Barco de Ávila, El",2317,25810,0.089771406432,RURAL_REFERENCE_MUNICIPALITY,"Ávila — Entorno de Barco de Ávila, El","Ávila — Entorno de Barco de Ávila, El"
castilla_y_leon,4,05,Ávila,05016,Arévalo,7875,25815,0.305055200465,RURAL_REFERENCE_MUNICIPALITY,Ávila — Entorno de Arévalo,Ávila — Entorno de Arévalo
castilla_y_leon,5,05,Ávila,05240,Sotillo de la Adrada,5046,25777,0.195755906428,RURAL_REFERENCE_MUNICIPALITY,Ávila — Entorno de Sotillo de la Adrada,Ávila — Entorno de Sotillo de la Adrada
castilla_y_leon,6,09,Burgos,09018,Aranda de Duero,28924,28924,1.0,DOMINANT_MUNICIPALITY,Burgos — Aranda de Duero,Burgos — Aranda de Duero
castilla_y_leon,7,09,Burgos,09059,Burgos,30436,30436,1.0,DOMINANT_MUNICIPALITY,Burgos — Burgos,Burgos — Burgos I
castilla_y_leon,8,09,Burgos,09059,Burgos,29736,29736,1.0,DOMINANT_MUNICIPALITY,Burgos — Burgos,Burgos — Burgos II
castilla_y_leon,9,09,Burgos,09059,Burgos,29053,29053,1.0,DOMINANT_MUNICIPALITY,Burgos — Burgos,Burgos — Burgos III
castilla_y_leon,10,09,Burgos,09059,Burgos,29672,29672,1.0,DOMINANT_MUNICIPALITY,Burgos — Burgos,Burgos — Burgos IV
castilla_y_leon,11,09,Burgos,09059,Burgos,29644,29644,1.0,DOMINANT_MUNICIPALITY,Burgos — Burgos,Burgos — Burgos V
castilla_y_leon,12,09,Burgos,09219,Miranda de Ebro,29274,29274,1.0,DOMINANT_MUNICIPALITY,Burgos — Miranda de Ebro,Burgos — Miranda de Ebro
castilla_y_leon,13,09,Burgos,09018,Aranda de Duero,4980,31338,0.158912502393,RURAL_REFERENCE_MUNICIPALITY,Burgos — Entorno de Aranda de Duero,Burgos — Entorno de Aranda de Duero
castilla_y_leon,14,09,Burgos,09059,Burgos,29829,30564,0.97595210051,DOMINANT_MUNICIPALITY,Burgos — Burgos,Burgos — Burgos VI
castilla_y_leon,15,09,Burgos,09194,Lerma,2648,31339,0.084495357223,RURAL_REFERENCE_MUNICIPALITY,Burgos — Entorno de Lerma,Burgos — Entorno de Lerma
castilla_y_leon,16,09,Burgos,09219,Miranda de Ebro,7343,31350,0.234226475279,RURAL_REFERENCE_MUNICIPALITY,Burgos — Entorno de Miranda de Ebro,Burgos — Entorno de Miranda de Ebro
castilla_y_leon,17,09,Burgos,09056,Briviesca,6711,31333,0.214183129608,RURAL_REFERENCE_MUNICIPALITY,Burgos — Entorno de Briviesca,Burgos — Entorno de Briviesca
castilla_y_leon,18,24,León,24089,León,31097,31097,1.0,DOMINANT_MUNICIPALITY,León — León,León — León I
castilla_y_leon,19,24,León,24089,León,30646,30646,1.0,DOMINANT_MUNICIPALITY,León — León,León — León II
castilla_y_leon,20,24,León,24089,León,31056,31056,1.0,DOMINANT_MUNICIPALITY,León — León,León — León III
castilla_y_leon,21,24,León,24115,Ponferrada,31391,31391,1.0,DOMINANT_MUNICIPALITY,León — Ponferrada,León — Ponferrada I
castilla_y_leon,22,24,León,24188,Valencia de Don Juan,5139,28776,0.178586321935,RURAL_REFERENCE_MUNICIPALITY,León — Entorno de Valencia de Don Juan,León — Entorno de Valencia de Don Juan
castilla_y_leon,23,24,León,24010,"Bañeza, La",10326,28794,0.358616378412,RURAL_REFERENCE_MUNICIPALITY,"León — Entorno de Bañeza, La","León — Entorno de Bañeza, La"
castilla_y_leon,24,24,León,24189,Valverde de la Virgen,7943,28821,0.275597654488,RURAL_REFERENCE_MUNICIPALITY,León — Entorno de Valverde de la Virgen,León — Entorno de Valverde de la Virgen
castilla_y_leon,25,24,León,24222,Villaquilambre,18968,29123,0.651306527487,DOMINANT_MUNICIPALITY,León — Villaquilambre,León — Villaquilambre
castilla_y_leon,26,24,León,24030,Cacabelos,4738,28834,0.164319900118,RURAL_REFERENCE_MUNICIPALITY,León — Entorno de Cacabelos,León — Entorno de Cacabelos
castilla_y_leon,27,24,León,24089,León,31292,31292,1.0,DOMINANT_MUNICIPALITY,León — León,León — León IV
castilla_y_leon,28,24,León,24163,Sariegos,5482,28823,0.190195330118,RURAL_REFERENCE_MUNICIPALITY,León — Entorno de Sariegos,León — Entorno de Sariegos
castilla_y_leon,29,24,León,24115,Ponferrada,31721,31721,1.0,DOMINANT_MUNICIPALITY,León — Ponferrada,León — Ponferrada II
castilla_y_leon,30,24,León,24142,San Andrés del Rabanedo,29996,29996,1.0,DOMINANT_MUNICIPALITY,León — San Andrés del Rabanedo,León — San Andrés del Rabanedo
castilla_y_leon,31,24,León,24008,Astorga,10300,28736,0.358435412027,RURAL_REFERENCE_MUNICIPALITY,León — Entorno de Astorga,León — Entorno de Astorga
castilla_y_leon,32,24,León,24014,Bembibre,8075,28924,0.27917991979,RURAL_REFERENCE_MUNICIPALITY,León — Entorno de Bembibre,León — Entorno de Bembibre
castilla_y_leon,33,34,Palencia,34120,Palencia,27499,27499,1.0,DOMINANT_MUNICIPALITY,Palencia — Palencia,Palencia — Palencia I
castilla_y_leon,34,34,Palencia,34120,Palencia,27860,27860,1.0,DOMINANT_MUNICIPALITY,Palencia — Palencia,Palencia — Palencia II
castilla_y_leon,35,34,Palencia,34120,Palencia,22010,25848,0.851516558341,DOMINANT_MUNICIPALITY,Palencia — Palencia,Palencia — Palencia III
castilla_y_leon,36,34,Palencia,34080,Guardo,5500,25818,0.213029669223,RURAL_REFERENCE_MUNICIPALITY,Palencia — Entorno de Guardo,Palencia — Entorno de Guardo
castilla_y_leon,37,34,Palencia,34225,Villamuriel de Cerrato,6496,25837,0.251422378759,RURAL_REFERENCE_MUNICIPALITY,Palencia — Entorno de Villamuriel de Cerrato,Palencia — Entorno de Villamuriel de Cerrato
castilla_y_leon,38,34,Palencia,34004,Aguilar de Campoo,6932,25840,0.26826625387,RURAL_REFERENCE_MUNICIPALITY,Palencia — Entorno de Aguilar de Campoo,Palencia — Entorno de Aguilar de Campoo
castilla_y_leon,39,37,Salamanca,37274,Salamanca,29128,29128,1.0,DOMINANT_MUNICIPALITY,Salamanca — Salamanca,Salamanca — Salamanca I
castilla_y_leon,40,37,Salamanca,37274,Salamanca,29635,29635,1.0,DOMINANT_MUNICIPALITY,Salamanca — Salamanca,Salamanca — Salamanca II
castilla_y_leon,41,37,Salamanca,37274,Salamanca,29084,29084,1.0,DOMINANT_MUNICIPALITY,Salamanca — Salamanca,Salamanca — Salamanca III
castilla_y_leon,42,37,Salamanca,37274,Salamanca,28557,28557,1.0,DOMINANT_MUNICIPALITY,Salamanca — Salamanca,Salamanca — Salamanca IV
castilla_y_leon,43,37,Salamanca,37107,Ciudad Rodrigo,11733,30441,0.385434118459,RURAL_REFERENCE_MUNICIPALITY,Salamanca — Entorno de Ciudad Rodrigo,Salamanca — Entorno de Ciudad Rodrigo
castilla_y_leon,44,37,Salamanca,37046,Béjar,11990,30497,0.393153424927,RURAL_REFERENCE_MUNICIPALITY,Salamanca — Entorno de Béjar,Salamanca — Entorno de Béjar
castilla_y_leon,45,37,Salamanca,37294,Santa Marta de Tormes,14949,30506,0.490034747263,RURAL_REFERENCE_MUNICIPALITY,Salamanca — Entorno de Santa Marta de Tormes,Salamanca — Entorno de Santa Marta de Tormes
castilla_y_leon,46,37,Salamanca,37274,Salamanca,29179,29179,1.0,DOMINANT_MUNICIPALITY,Salamanca — Salamanca,Salamanca — Salamanca V
castilla_y_leon,47,37,Salamanca,37354,Villamayor,7740,30437,0.254295758452,RURAL_REFERENCE_MUNICIPALITY,Salamanca — Entorno de Villamayor,Salamanca — Entorno de Villamayor
castilla_y_leon,48,37,Salamanca,37246,Peñaranda de Bracamonte,6164,30535,0.201866710332,RURAL_REFERENCE_MUNICIPALITY,Salamanca — Entorno de Peñaranda de Bracamonte,Salamanca — Entorno de Peñaranda de Bracamonte
castilla_y_leon,49,37,Salamanca,37085,Carbajosa de la Sagrada,7785,30447,0.255690215785,RURAL_REFERENCE_MUNICIPALITY,Salamanca — Entorno de Carbajosa de la Sagrada,Salamanca — Entorno de Carbajosa de la Sagrada
castilla_y_leon,50,40,Segovia,40194,Segovia,27134,27134,1.0,DOMINANT_MUNICIPALITY,Segovia — Segovia,Segovia — Segovia I
castilla_y_leon,51,40,Segovia,40194,Segovia,25055,32792,0.764058306904,DOMINANT_MUNICIPALITY,Segovia — Segovia,Segovia — Segovia II
castilla_y_leon,52,40,Segovia,40155,Palazuelos de Eresma,6114,32771,0.186567391901,RURAL_REFERENCE_MUNICIPALITY,Segovia — Entorno de Palazuelos de Eresma,Segovia — Entorno de Palazuelos de Eresma
castilla_y_leon,53,40,Segovia,40063,Cuéllar,9451,32776,0.288351232609,RURAL_REFERENCE_MUNICIPALITY,Segovia — Entorno de Cuéllar,Segovia — Entorno de Cuéllar
castilla_y_leon,54,40,Segovia,40076,"Espinar, El",10410,32778,0.317591067179,RURAL_REFERENCE_MUNICIPALITY,"Segovia — Entorno de Espinar, El","Segovia — Entorno de Espinar, El"
castilla_y_leon,55,42,Soria,42173,Soria,29364,29364,1.0,DOMINANT_MUNICIPALITY,Soria — Soria,Soria — Soria
castilla_y_leon,56,42,Soria,42173,Soria,11577,30409,0.380709658325,RURAL_REFERENCE_MUNICIPALITY,Soria — Entorno de Soria,Soria — Entorno de Soria
castilla_y_leon,57,42,Soria,42020,Almazán,5534,30410,0.18197961197,RURAL_REFERENCE_MUNICIPALITY,Soria — Entorno de Almazán,Soria — Entorno de Almazán
castilla_y_leon,58,47,Valladolid,47186,Valladolid,30182,30182,1.0,DOMINANT_MUNICIPALITY,Valladolid — Valladolid,Valladolid — Valladolid I
castilla_y_leon,59,47,Valladolid,47186,Valladolid,30149,30149,1.0,DOMINANT_MUNICIPALITY,Valladolid — Valladolid,Valladolid — Valladolid II
castilla_y_leon,60,47,Valladolid,47186,Valladolid,30140,30140,1.0,DOMINANT_MUNICIPALITY,Valladolid — Valladolid,Valladolid — Valladolid III
castilla_y_leon,61,47,Valladolid,47186,Valladolid,30336,30336,1.0,DOMINANT_MUNICIPALITY,Valladolid — Valladolid,Valladolid — Valladolid IV
castilla_y_leon,62,47,Valladolid,47186,Valladolid,30430,30430,1.0,DOMINANT_MUNICIPALITY,Valladolid — Valladolid,Valladolid — Valladolid V
castilla_y_leon,63,47,Valladolid,47186,Valladolid,29990,29990,1.0,DOMINANT_MUNICIPALITY,Valladolid — Valladolid,Valladolid — Valladolid VI
castilla_y_leon,64,47,Valladolid,47186,Valladolid,30048,30048,1.0,DOMINANT_MUNICIPALITY,Valladolid — Valladolid,Valladolid — Valladolid VII
castilla_y_leon,65,47,Valladolid,47186,Valladolid,30272,30272,1.0,DOMINANT_MUNICIPALITY,Valladolid — Valladolid,Valladolid — Valladolid VIII
castilla_y_leon,66,47,Valladolid,47186,Valladolid,30181,30181,1.0,DOMINANT_MUNICIPALITY,Valladolid — Valladolid,Valladolid — Valladolid IX
castilla_y_leon,67,47,Valladolid,47165,Tordesillas,8801,28373,0.310189264442,RURAL_REFERENCE_MUNICIPALITY,Valladolid — Entorno de Tordesillas,Valladolid — Entorno de Tordesillas
castilla_y_leon,68,47,Valladolid,47052,Cistérniga,9483,28712,0.33028002229,RURAL_REFERENCE_MUNICIPALITY,Valladolid — Entorno de Cistérniga,Valladolid — Entorno de Cistérniga
castilla_y_leon,69,47,Valladolid,47076,Laguna de Duero,22999,27444,0.838033814313,DOMINANT_MUNICIPALITY,Valladolid — Laguna de Duero,Valladolid — Laguna de Duero
castilla_y_leon,70,47,Valladolid,47010,Arroyo de la Encomienda,22778,29162,0.781084973596,DOMINANT_MUNICIPALITY,Valladolid — Arroyo de la Encomienda,Valladolid — Arroyo de la Encomienda
castilla_y_leon,71,47,Valladolid,47085,Medina del Campo,20238,28205,0.71753235242,DOMINANT_MUNICIPALITY,Valladolid — Medina del Campo,Valladolid — Medina del Campo
castilla_y_leon,72,47,Valladolid,47186,Valladolid,30070,30070,1.0,DOMINANT_MUNICIPALITY,Valladolid — Valladolid,Valladolid — Valladolid X
castilla_y_leon,73,47,Valladolid,47075,Íscar,6554,28293,0.231647403952,RURAL_REFERENCE_MUNICIPALITY,Valladolid — Entorno de Íscar,Valladolid — Entorno de Íscar
castilla_y_leon,74,47,Valladolid,47114,Peñafiel,5163,28284,0.182541366143,RURAL_REFERENCE_MUNICIPALITY,Valladolid — Entorno de Peñafiel,Valladolid — Entorno de Peñafiel
castilla_y_leon,75,47,Valladolid,47050,Cigales,5456,28373,0.192295492193,RURAL_REFERENCE_MUNICIPALITY,Valladolid — Entorno de Cigales,Valladolid — Entorno de Cigales
castilla_y_leon,76,49,Zamora,49275,Zamora,30093,30093,1.0,DOMINANT_MUNICIPALITY,Zamora — Zamora,Zamora — Zamora I
castilla_y_leon,77,49,Zamora,49021,Benavente,17276,26450,0.653156899811,DOMINANT_MUNICIPALITY,Zamora — Benavente,Zamora — Benavente
castilla_y_leon,78,49,Zamora,49275,Zamora,29764,29764,1.0,DOMINANT_MUNICIPALITY,Zamora — Zamora,Zamora — Zamora II
castilla_y_leon,79,49,Zamora,49127,Morales del Vino,3042,26458,0.114974676846,RURAL_REFERENCE_MUNICIPALITY,Zamora — Entorno de Morales del Vino,Zamora — Entorno de Morales del Vino
castilla_y_leon,80,49,Zamora,49166,Puebla de Sanabria,1388,26379,0.052617612495,RURAL_REFERENCE_MUNICIPALITY,Zamora — Entorno de Puebla de Sanabria,Zamora — Entorno de Puebla de Sanabria
castilla_y_leon,81,49,Zamora,49219,Toro,8349,26420,0.316010598032,RURAL_REFERENCE_MUNICIPALITY,Zamora — Entorno de Toro,Zamora — Entorno de Toro
extremadura,0,06,Badajoz,06036,Castuera,5453,17139,0.318163253399,RURAL_REFERENCE_MUNICIPALITY,Badajoz — Entorno de Castuera,Badajoz — Entorno de Castuera
extremadura,1,06,Badajoz,06015,Badajoz,16196,16196,1.0,DOMINANT_MUNICIPALITY,Badajoz — Badajoz,Badajoz — Badajoz I
extremadura,2,06,Badajoz,06014,Azuaga,7594,16750,0.453373134328,RURAL_REFERENCE_MUNICIPALITY,Badajoz — Entorno de Azuaga,Badajoz — Entorno de Azuaga
extremadura,3,06,Badajoz,06015,Badajoz,16167,16167,1.0,DOMINANT_MUNICIPALITY,Badajoz — Badajoz,Badajoz — Badajoz II
extremadura,4,06,Badajoz,06052,Fuente de Cantos,4584,16680,0.274820143885,RURAL_REFERENCE_MUNICIPALITY,Badajoz — Entorno de Fuente de Cantos,Badajoz — Entorno de Fuente de Cantos
extremadura,5,06,Badajoz,06015,Badajoz,15354,15354,1.0,DOMINANT_MUNICIPALITY,Badajoz — Badajoz,Badajoz — Badajoz III
extremadura,6,06,Badajoz,06015,Badajoz,16403,16403,1.0,DOMINANT_MUNICIPALITY,Badajoz — Badajoz,Badajoz — Badajoz IV
extremadura,7,06,Badajoz,06015,Badajoz,16195,16195,1.0,DOMINANT_MUNICIPALITY,Badajoz — Badajoz,Badajoz — Badajoz V
extremadura,8,06,Badajoz,06095,Olivenza,11775,16010,0.735477826359,DOMINANT_MUNICIPALITY,Badajoz — Olivenza,Badajoz — Olivenza
extremadura,9,06,Badajoz,06044,Don Benito,15831,16572,0.95528602462,DOMINANT_MUNICIPALITY,Badajoz — Don Benito,Badajoz — Don Benito I
extremadura,10,06,Badajoz,06153,Villanueva de la Serena,15904,16406,0.969401438498,DOMINANT_MUNICIPALITY,Badajoz — Villanueva de la Serena,Badajoz — Villanueva de la Serena
extremadura,11,06,Badajoz,06063,Herrera del Duque,3389,16733,0.202533915018,RURAL_REFERENCE_MUNICIPALITY,Badajoz — Entorno de Herrera del Duque,Badajoz — Entorno de Herrera del Duque
extremadura,12,06,Badajoz,06028,Campanario,4700,16320,0.287990196078,RURAL_REFERENCE_MUNICIPALITY,Badajoz — Entorno de Campanario,Badajoz — Entorno de Campanario
extremadura,13,06,Badajoz,06158,Zafra,16708,17006,0.982476772904,DOMINANT_MUNICIPALITY,Badajoz — Zafra,Badajoz — Zafra
extremadura,14,06,Badajoz,06103,Puebla de la Calzada,5809,14050,0.413451957295,RURAL_REFERENCE_MUNICIPALITY,Badajoz — Entorno de Puebla de la Calzada,Badajoz — Entorno de Puebla de la Calzada
extremadura,15,06,Badajoz,06083,Mérida,15998,15998,1.0,DOMINANT_MUNICIPALITY,Badajoz — Mérida,Badajoz — Mérida I
extremadura,16,06,Badajoz,06011,Almendralejo,17572,17572,1.0,DOMINANT_MUNICIPALITY,Badajoz — Almendralejo,Badajoz — Almendralejo I
extremadura,17,06,Badajoz,06015,Badajoz,15052,15052,1.0,DOMINANT_MUNICIPALITY,Badajoz — Badajoz,Badajoz — Badajoz VI
extremadura,18,06,Badajoz,06044,Don Benito,15631,15631,1.0,DOMINANT_MUNICIPALITY,Badajoz — Don Benito,Badajoz — Don Benito II
extremadura,19,06,Badajoz,06083,Mérida,16261,16261,1.0,DOMINANT_MUNICIPALITY,Badajoz — Mérida,Badajoz — Mérida II
extremadura,20,06,Badajoz,06122,"Santos de Maimona, Los",8101,16436,0.492881479679,RURAL_REFERENCE_MUNICIPALITY,"Badajoz — Entorno de Santos de Maimona, Los","Badajoz — Entorno de Santos de Maimona, Los"
extremadura,21,06,Badajoz,06120,Santa Amalia,3885,16909,0.229759299781,RURAL_REFERENCE_MUNICIPALITY,Badajoz — Entorno de Santa Amalia,Badajoz — Entorno de Santa Amalia
extremadura,22,06,Badajoz,06088,Montijo,15195,16190,0.938542310068,DOMINANT_MUNICIPALITY,Badajoz — Montijo,Badajoz — Montijo
extremadura,23,06,Badajoz,06054,Fuente del Maestre,6553,16466,0.397971577797,RURAL_REFERENCE_MUNICIPALITY,Badajoz — Entorno de Fuente del Maestre,Badajoz — Entorno de Fuente del Maestre
extremadura,24,06,Badajoz,06074,Llerena,5663,16549,0.342195903076,RURAL_REFERENCE_MUNICIPALITY,Badajoz — Entorno de Llerena,Badajoz — Entorno de Llerena
extremadura,25,06,Badajoz,06123,San Vicente de Alcántara,5235,14212,0.368350689558,RURAL_REFERENCE_MUNICIPALITY,Badajoz — Entorno de San Vicente de Alcántara,Badajoz — Entorno de San Vicente de Alcántara
extremadura,26,06,Badajoz,06011,Almendralejo,16972,16972,1.0,DOMINANT_MUNICIPALITY,Badajoz — Almendralejo,Badajoz — Almendralejo II
extremadura,27,06,Badajoz,06149,Villafranca de los Barros,12285,17434,0.704657565676,DOMINANT_MUNICIPALITY,Badajoz — Villafranca de los Barros,Badajoz — Villafranca de los Barros
extremadura,28,06,Badajoz,06050,Fregenal de la Sierra,4712,16575,0.284283559578,RURAL_REFERENCE_MUNICIPALITY,Badajoz — Entorno de Fregenal de la Sierra,Badajoz — Entorno de Fregenal de la Sierra
extremadura,29,06,Badajoz,06153,Villanueva de la Serena,6639,16658,0.398547244567,RURAL_REFERENCE_MUNICIPALITY,Badajoz — Entorno de Villanueva de la Serena,Badajoz — Entorno de Villanueva de la Serena
extremadura,30,06,Badajoz,06070,Jerez de los Caballeros,9104,15436,0.589790101062,DOMINANT_MUNICIPALITY,Badajoz — Jerez de los Caballeros,Badajoz — Jerez de los Caballeros
extremadura,31,06,Badajoz,06016,Barcarrota,3464,15456,0.224120082816,RURAL_REFERENCE_MUNICIPALITY,Badajoz — Entorno de Barcarrota,Badajoz — Entorno de Barcarrota
extremadura,32,06,Badajoz,06015,Badajoz,15185,15185,1.0,DOMINANT_MUNICIPALITY,Badajoz — Badajoz,Badajoz — Badajoz VII
extremadura,33,06,Badajoz,06015,Badajoz,15439,15439,1.0,DOMINANT_MUNICIPALITY,Badajoz — Badajoz,Badajoz — Badajoz VIII
extremadura,34,06,Badajoz,06015,Badajoz,6860,16347,0.419648865235,RURAL_REFERENCE_MUNICIPALITY,Badajoz — Entorno de Badajoz,Badajoz — Entorno de Badajoz I
extremadura,35,06,Badajoz,06060,Guareña,6661,16758,0.397481799737,RURAL_REFERENCE_MUNICIPALITY,Badajoz — Entorno de Guareña,Badajoz — Entorno de Guareña
extremadura,36,06,Badajoz,06015,Badajoz,9553,16735,0.570839557813,DOMINANT_MUNICIPALITY,Badajoz — Badajoz,Badajoz — Badajoz IX
extremadura,37,06,Badajoz,06083,Mérida,13167,16238,0.810875723611,DOMINANT_MUNICIPALITY,Badajoz — Mérida,Badajoz — Mérida III
extremadura,38,06,Badajoz,06083,Mérida,7412,16913,0.438242771832,RURAL_REFERENCE_MUNICIPALITY,Badajoz — Entorno de Mérida,Badajoz — Entorno de Mérida
extremadura,39,06,Badajoz,06025,Calamonte,6134,16242,0.377662849403,RURAL_REFERENCE_MUNICIPALITY,Badajoz — Entorno de Calamonte,Badajoz — Entorno de Calamonte
extremadura,40,06,Badajoz,06015,Badajoz,6913,15510,0.445712443585,RURAL_REFERENCE_MUNICIPALITY,Badajoz — Entorno de Badajoz,Badajoz — Entorno de Badajoz II
extremadura,41,10,Cáceres,10109,Logrosán,1856,16424,0.113005358013,RURAL_REFERENCE_MUNICIPALITY,Cáceres — Entorno de Logrosán,Cáceres — Entorno de Logrosán
extremadura,42,10,Cáceres,10121,Miajadas,9393,16129,0.582367164734,DOMINANT_MUNICIPALITY,Cáceres — Miajadas,Cáceres — Miajadas
extremadura,43,10,Cáceres,10128,Moraleja,6566,16009,0.410144293835,RURAL_REFERENCE_MUNICIPALITY,Cáceres — Entorno de Moraleja,Cáceres — Entorno de Moraleja
extremadura,44,10,Cáceres,10067,Coria,12004,16019,0.74936013484,DOMINANT_MUNICIPALITY,Cáceres — Coria,Cáceres — Coria
extremadura,45,10,Cáceres,10127,Montehermoso,5571,16192,0.344058794466,RURAL_REFERENCE_MUNICIPALITY,Cáceres — Entorno de Montehermoso,Cáceres — Entorno de Montehermoso
extremadura,46,10,Cáceres,10096,Hervás,3900,16656,0.234149855908,RURAL_REFERENCE_MUNICIPALITY,Cáceres — Entorno de Hervás,Cáceres — Entorno de Hervás
extremadura,47,10,Cáceres,10104,Jaraíz de la Vera,6835,16391,0.416997132573,RURAL_REFERENCE_MUNICIPALITY,Cáceres — Entorno de Jaraíz de la Vera,Cáceres — Entorno de Jaraíz de la Vera
extremadura,48,10,Cáceres,10037,Cáceres,14384,15704,0.91594498217,DOMINANT_MUNICIPALITY,Cáceres — Cáceres,Cáceres — Cáceres I
extremadura,49,10,Cáceres,10037,Cáceres,16428,16428,1.0,DOMINANT_MUNICIPALITY,Cáceres — Cáceres,Cáceres — Cáceres II
extremadura,50,10,Cáceres,10037,Cáceres,11342,16375,0.692641221374,DOMINANT_MUNICIPALITY,Cáceres — Cáceres,Cáceres — Cáceres III
extremadura,51,10,Cáceres,10195,Trujillo,8660,16043,0.53979928941,DOMINANT_MUNICIPALITY,Cáceres — Trujillo,Cáceres — Trujillo
extremadura,52,10,Cáceres,10037,Cáceres,16383,16383,1.0,DOMINANT_MUNICIPALITY,Cáceres — Cáceres,Cáceres — Cáceres IV
extremadura,53,10,Cáceres,10037,Cáceres,16679,16679,1.0,DOMINANT_MUNICIPALITY,Cáceres — Cáceres,Cáceres — Cáceres V
extremadura,54,10,Cáceres,10148,Plasencia,15272,15272,1.0,DOMINANT_MUNICIPALITY,Cáceres — Plasencia,Cáceres — Plasencia I
extremadura,55,10,Cáceres,10131,Navalmoral de la Mata,17297,17297,1.0,DOMINANT_MUNICIPALITY,Cáceres — Navalmoral de la Mata,Cáceres — Navalmoral de la Mata
extremadura,56,10,Cáceres,10037,Cáceres,13185,17699,0.744957342223,DOMINANT_MUNICIPALITY,Cáceres — Cáceres,Cáceres — Cáceres VI
extremadura,57,10,Cáceres,10021,Arroyo de la Luz,5495,15711,0.349754948762,RURAL_REFERENCE_MUNICIPALITY,Cáceres — Entorno de Arroyo de la Luz,Cáceres — Entorno de Arroyo de la Luz
extremadura,58,10,Cáceres,10037,Cáceres,8197,16771,0.488760360145,RURAL_REFERENCE_MUNICIPALITY,Cáceres — Entorno de Cáceres,Cáceres — Entorno de Cáceres
extremadura,59,10,Cáceres,10148,Plasencia,15078,15078,1.0,DOMINANT_MUNICIPALITY,Cáceres — Plasencia,Cáceres — Plasencia II
extremadura,60,10,Cáceres,10180,Talayuela,7425,16353,0.454045129334,RURAL_REFERENCE_MUNICIPALITY,Cáceres — Entorno de Talayuela,Cáceres — Entorno de Talayuela
extremadura,61,10,Cáceres,10203,Valencia de Alcántara,5140,16088,0.319492789657,RURAL_REFERENCE_MUNICIPALITY,Cáceres — Entorno de Valencia de Alcántara,Cáceres — Entorno de Valencia de Alcántara
extremadura,62,10,Cáceres,10130,Navaconcejo,2039,15778,0.129230574217,RURAL_REFERENCE_MUNICIPALITY,Cáceres — Entorno de Navaconcejo,Cáceres — Entorno de Navaconcejo
extremadura,63,10,Cáceres,10116,Malpartida de Plasencia,4664,15868,0.293924880262,RURAL_REFERENCE_MUNICIPALITY,Cáceres — Entorno de Malpartida de Plasencia,Cáceres — Entorno de Malpartida de Plasencia
extremadura,64,10,Cáceres,10148,Plasencia,9874,14843,0.665229401064,DOMINANT_MUNICIPALITY,Cáceres — Plasencia,Cáceres — Plasencia III
