district_id,party,votes,bloc
0,PP,2352,derecha
0,PSOE,2133,izquierda
0,VOX,1425,derecha
0,CHA,821,izquierda
0,IU- MOVIMIENTO SUMAR,243,izquierda
0,SALF,191,derecha
0,EXISTE,162,otros
0,ESCAÑOS EN BLANCO,66,
0,PODEMOS -AV,61,izquierda
0,PAR,60,centro
0,PACMA,52,
0,MUNDO+JUSTO,11,
0,COALICIÓN ARAGONESA,7,
0,ETXSBC,3,
1,PP,2909,derecha
1,PSOE,2157,izquierda
1,VOX,1484,derecha
1,CHA,939,izquierda
1,IU- MOVIMIENTO SUMAR,274,izquierda
1,SALF,199,derecha
1,EXISTE,185,otros
1,PAR,86,centro
1,ESCAÑOS EN BLANCO,62,
1,PODEMOS -AV,59,izquierda
1,PACMA,51,
1,MUNDO+JUSTO,9,
1,COALICIÓN ARAGONESA,8,
1,ETXSBC,3,
2,PP,3369,derecha
2,PSOE,2643,izquierda
2,VOX,1769,derecha
2,CHA,1215,izquierda
2,IU- MOVIMIENTO SUMAR,353,izquierda
2,SALF,263,derecha
2,EXISTE,258,otros
2,PAR,141,centro
2,PODEMOS -AV,133,izquierda
2,ESCAÑOS EN BLANCO,70,
2,PACMA,43,
2,MUNDO+JUSTO,8,
2,COALICIÓN ARAGONESA,7,
2,ETXSBC,3,
3,PP,2885,derecha
3,PSOE,2240,izquierda
3,VOX,2139,derecha
3,CHA,808,izquierda
3,IU- MOVIMIENTO SUMAR,310,izquierda
3,SALF,224,derecha
3,EXISTE,168,otros
3,PAR,75,centro
3,ESCAÑOS EN BLANCO,45,
3,PODEMOS -AV,44,izquierda
3,PACMA,34,
3,COALICIÓN ARAGONESA,4,
3,ETXSBC,4,
3,MUNDO+JUSTO,3,
4,PP,3717,derecha
4,PSOE,3117,izquierda
4,VOX,2167,derecha
4,CHA,764,izquierda
4,SALF,249,derecha
4,EXISTE,205,otros
4,IU- MOVIMIENTO SUMAR,167,izquierda
4,PAR,157,centro
4,PODEMOS -AV,61,izquierda
4,ESCAÑOS EN BLANCO,52,
4,PACMA,36,
4,MUNDO+JUSTO,11,
4,COALICIÓN ARAGONESA,7,
4,ETXSBC,3,
5,PP,2918,derecha
5,PSOE,2051,izquierda
5,VOX,1813,derecha
5,CHA,363,izquierda
5,SALF,212,derecha
5,ETXSBC,186,
5,EXISTE,156,otros
5,IU- MOVIMIENTO SUMAR,87,izquierda
5,PAR,64,centro
5,PODEMOS -AV,40,izquierda
5,ESCAÑOS EN BLANCO,35,
5,PACMA,21,
5,MUNDO+JUSTO,6,
5,COALICIÓN ARAGONESA,4,
6,PP,2980,derecha
6,PSOE,2677,izquierda
6,VOX,1848,derecha
6,CHA,651,izquierda
6,EXISTE,175,otros
6,SALF,175,derecha
6,IU- MOVIMIENTO SUMAR,134,izquierda
6,PAR,87,centro
6,PODEMOS -AV,59,izquierda
6,ESCAÑOS EN BLANCO,49,
6,COALICIÓN ARAGONESA,34,
6,PACMA,18,
6,ETXSBC,8,
6,MUNDO+JUSTO,6,
7,PP,3859,derecha
7,PSOE,3089,izquierda
7,VOX,1822,derecha
7,CHA,1199,izquierda
7,IU- MOVIMIENTO SUMAR,330,izquierda
7,EXISTE,261,otros
7,SALF,233,derecha
7,PAR,99,centro
7,ESCAÑOS EN BLANCO,85,
7,PODEMOS -AV,73,izquierda
7,PACMA,44,
7,MUNDO+JUSTO,11,
7,COALICIÓN ARAGONESA,8,
7,ETXSBC,3,
8,PP,3195,derecha
8,PSOE,2880,izquierda
8,VOX,1622,derecha
8,CHA,1221,izquierda
8,IU- MOVIMIENTO SUMAR,300,izquierda
8,EXISTE,286,otros
8,PAR,266,centro
8,SALF,203,derecha
8,PODEMOS -AV,137,izquierda
8,ESCAÑOS EN BLANCO,70,
8,PACMA,37,
8,MUNDO+JUSTO,9,
8,COALICIÓN ARAGONESA,8,
8,ETXSBC,6,
9,PP,3031,derecha
9,PSOE,2435,izquierda
9,VOX,1540,derecha
9,CHA,1317,izquierda
9,SALF,274,derecha
9,IU- MOVIMIENTO SUMAR,267,izquierda
9,EXISTE,193,otros
9,PAR,154,centro
9,PODEMOS -AV,95,izquierda
9,ESCAÑOS EN BLANCO,67,
9,PACMA,41,
9,MUNDO+JUSTO,12,
9,COALICIÓN ARAGONESA,6,
9,ETXSBC,2,
10,PP,3326,derecha
10,PSOE,2644,izquierda
10,VOX,2092,derecha
10,CHA,1056,izquierda
10,EXISTE,262,otros
10,IU- MOVIMIENTO SUMAR,198,izquierda
10,SALF,181,derecha
10,PAR,165,centro
10,PODEMOS -AV,62,izquierda
10,ESCAÑOS EN BLANCO,53,
10,PACMA,38,
10,COALICIÓN ARAGONESA,6,
10,MUNDO+JUSTO,6,
10,ETXSBC,4,
11,PP,2984,derecha
11,VOX,2124,derecha
11,EXISTE,1669,otros
11,PSOE,1587,izquierda
11,CHA,311,izquierda
11,SALF,254,derecha
11,PAR,164,centro
11,IU- MOVIMIENTO SUMAR,127,izquierda
11,ESCAÑOS EN BLANCO,74,
11,PODEMOS -AV,31,izquierda
11,PACMA,28,
11,COALICIÓN ARAGONESA,4,
12,PSOE,2907,izquierda
12,PP,2301,derecha
12,VOX,1901,derecha
12,EXISTE,1390,otros
12,CHA,451,izquierda
12,IU- MOVIMIENTO SUMAR,300,izquierda
12,PAR,245,centro
12,SALF,158,derecha
12,PODEMOS -AV,74,izquierda
12,ESCAÑOS EN BLANCO,33,
12,PACMA,30,
12,COALICIÓN ARAGONESA,5,
13,PP,2616,derecha
13,VOX,2188,derecha
13,PSOE,1654,izquierda
13,EXISTE,1367,otros
13,CHA,357,izquierda
13,PAR,249,centro
13,SALF,239,derecha
13,IU- MOVIMIENTO SUMAR,134,izquierda
13,ESCAÑOS EN BLANCO,44,
13,PODEMOS -AV,29,izquierda
13,PACMA,28,
13,COALICIÓN ARAGONESA,6,
14,PP,2560,derecha
14,PSOE,2303,izquierda
14,VOX,1987,derecha
14,EXISTE,898,otros
14,CHA,340,izquierda
14,IU- MOVIMIENTO SUMAR,258,izquierda
14,SALF,235,derecha
14,PAR,214,centro
14,PODEMOS -AV,72,izquierda
14,ESCAÑOS EN BLANCO,34,
14,PACMA,23,
14,COALICIÓN ARAGONESA,3,
15,PP,2807,derecha
15,PSOE,2548,izquierda
15,VOX,1951,derecha
15,EXISTE,1114,otros
15,PAR,779,centro
15,CHA,324,izquierda
15,SALF,228,derecha
15,IU- MOVIMIENTO SUMAR,138,izquierda
15,ESCAÑOS EN BLANCO,51,
15,PODEMOS -AV,47,izquierda
15,PACMA,21,
15,COALICIÓN ARAGONESA,1,
16,PP,2954,derecha
16,PSOE,2235,izquierda
16,VOX,1882,derecha
16,EXISTE,1117,otros
16,PAR,877,centro
16,CHA,349,izquierda
16,SALF,158,derecha
16,IU- MOVIMIENTO SUMAR,78,izquierda
16,ESCAÑOS EN BLANCO,27,
16,PODEMOS -AV,24,izquierda
16,COALICIÓN ARAGONESA,8,
16,PACMA,8,
17,PP,3065,derecha
17,PSOE,2604,izquierda
17,VOX,1600,derecha
17,EXISTE,1077,otros
17,CHA,467,izquierda
17,PAR,371,centro
17,IU- MOVIMIENTO SUMAR,168,izquierda
17,SALF,166,derecha
17,PODEMOS -AV,50,izquierda
17,ESCAÑOS EN BLANCO,30,
17,PACMA,29,
17,COALICIÓN ARAGONESA,6,
18,PP,2688,derecha
18,PSOE,2383,izquierda
18,VOX,1536,derecha
18,CHA,1233,izquierda
18,IU- MOVIMIENTO SUMAR,333,izquierda
18,SALF,300,derecha
18,EXISTE,257,otros
18,PODEMOS -AV,125,izquierda
18,PAR,80,centro
18,ESCAÑOS EN BLANCO,63,
18,PACMA,35,
18,MUNDO+JUSTO,12,
18,PCTE,9,
18,COALICIÓN ARAGONESA,6,
19,PP,3147,derecha
19,PSOE,2856,izquierda
19,CHA,1590,izquierda
19,VOX,1588,derecha
19,IU- MOVIMIENTO SUMAR,464,izquierda
19,EXISTE,320,otros
19,SALF,266,derecha
19,PODEMOS -AV,176,izquierda
19,PAR,81,centro
19,ESCAÑOS EN BLANCO,68,
19,PACMA,50,
19,PCTE,11,
19,MUNDO+JUSTO,9,
19,COALICIÓN ARAGONESA,5,
20,PP,3930,derecha
20,PSOE,3176,izquierda
20,VOX,1835,derecha
20,CHA,1576,izquierda
20,IU- MOVIMIENTO SUMAR,437,izquierda
20,EXISTE,315,otros
20,SALF,303,derecha
20,PODEMOS -AV,168,izquierda
20,ESCAÑOS EN BLANCO,85,
20,PAR,77,centro
20,PACMA,51,
20,MUNDO+JUSTO,11,
20,COALICIÓN ARAGONESA,6,
20,PCTE,6,
21,PP,5586,derecha
21,PSOE,2047,izquierda
21,VOX,1656,derecha
21,CHA,876,izquierda
21,EXISTE,256,otros
21,IU- MOVIMIENTO SUMAR,245,izquierda
21,SALF,211,derecha
21,PAR,73,centro
21,PODEMOS -AV,60,izquierda
21,ESCAÑOS EN BLANCO,56,
21,PACMA,40,
21,COALICIÓN ARAGONESA,14,
21,MUNDO+JUSTO,9,
21,PCTE,7,
22,PP,4295,derecha
22,PSOE,1962,izquierda
22,VOX,1436,derecha
22,CHA,882,izquierda
22,IU- MOVIMIENTO SUMAR,300,izquierda
22,SALF,216,derecha
22,EXISTE,203,otros
22,ESCAÑOS EN BLANCO,83,
22,PODEMOS -AV,77,izquierda
22,PAR,70,centro
22,PACMA,39,
22,PCTE,14,
22,MUNDO+JUSTO,10,
22,COALICIÓN ARAGONESA,6,
23,PP,7128,derecha
23,VOX,2154,derecha
23,PSOE,1244,izquierda
23,CHA,644,izquierda
23,SALF,277,derecha
23,IU- MOVIMIENTO SUMAR,198,izquierda
23,EXISTE,186,otros
23,ESCAÑOS EN BLANCO,69,
23,PODEMOS -AV,57,izquierda
23,PAR,55,centro
23,PACMA,37,
23,MUNDO+JUSTO,16,
23,PCTE,10,
23,COALICIÓN ARAGONESA,1,
24,PP,4710,derecha
24,PSOE,2092,izquierda
24,VOX,1344,derecha
24,CHA,1025,izquierda
24,IU- MOVIMIENTO SUMAR,387,izquierda
24,EXISTE,295,otros
24,SALF,200,derecha
24,PODEMOS -AV,132,izquierda
24,ESCAÑOS EN BLANCO,73,
24,PAR,69,centro
24,PACMA,35,
24,MUNDO+JUSTO,11,
24,COALICIÓN ARAGONESA,6,
24,PCTE,4,
25,PP,4357,derecha
25,PSOE,1828,izquierda
25,VOX,1767,derecha
25,CHA,1041,izquierda
25,SALF,363,derecha
25,IU- MOVIMIENTO SUMAR,304,izquierda
25,EXISTE,260,otros
25,PODEMOS -AV,107,izquierda
25,ESCAÑOS EN BLANCO,74,
25,PAR,71,centro
25,PACMA,45,
25,MUNDO+JUSTO,22,
25,PCTE,13,
25,COALICIÓN ARAGONESA,7,
26,PP,4624,derecha
26,PSOE,2410,izquierda
26,VOX,1674,derecha
26,CHA,1107,izquierda
26,SALF,312,derecha
26,IU- MOVIMIENTO SUMAR,306,izquierda
26,EXISTE,280,otros
26,PODEMOS -AV,94,izquierda
26,PAR,79,centro
26,ESCAÑOS EN BLANCO,74,
26,PACMA,48,
26,MUNDO+JUSTO,10,
26,PCTE,8,
26,COALICIÓN ARAGONESA,7,
27,PP,3945,derecha
27,PSOE,2399,izquierda
27,VOX,1380,derecha
27,CHA,1153,izquierda
27,IU- MOVIMIENTO SUMAR,412,izquierda
27,EXISTE,260,otros
27,SALF,212,derecha
27,PODEMOS -AV,134,izquierda
27,ESCAÑOS EN BLANCO,72,
27,PAR,67,centro
27,PACMA,37,
27,PCTE,12,
27,COALICIÓN ARAGONESA,9,
27,MUNDO+JUSTO,7,
28,PSOE,2278,izquierda
28,PP,2030,derecha
28,VOX,1166,derecha
28,CHA,783,izquierda
28,IU- MOVIMIENTO SUMAR,202,izquierda
28,SALF,198,derecha
28,EXISTE,190,otros
28,PODEMOS -AV,101,izquierda
28,PACMA,44,
28,PAR,36,centro
28,ESCAÑOS EN BLANCO,32,
28,PCTE,13,
28,MUNDO+JUSTO,9,
28,COALICIÓN ARAGONESA,3,
29,PP,2463,derecha
29,PSOE,2193,izquierda
29,VOX,1263,derecha
29,CHA,867,izquierda
29,IU- MOVIMIENTO SUMAR,231,izquierda
29,EXISTE,196,otros
29,SALF,180,derecha
29,PODEMOS -AV,103,izquierda
29,PAR,56,centro
29,ESCAÑOS EN BLANCO,53,
29,PACMA,33,
29,PCTE,10,
29,COALICIÓN ARAGONESA,9,
29,MUNDO+JUSTO,6,
30,PSOE,2319,izquierda
30,PP,1749,derecha
30,VOX,1284,derecha
30,CHA,1107,izquierda
30,IU- MOVIMIENTO SUMAR,539,izquierda
30,SALF,296,derecha
30,EXISTE,198,otros
30,PODEMOS -AV,137,izquierda
30,ESCAÑOS EN BLANCO,64,
30,PACMA,62,
30,PAR,55,centro
30,PCTE,11,
30,COALICIÓN ARAGONESA,9,
30,MUNDO+JUSTO,3,
31,PP,2512,derecha
31,PSOE,2119,izquierda
31,VOX,1190,derecha
31,CHA,1025,izquierda
31,IU- MOVIMIENTO SUMAR,347,izquierda
31,EXISTE,203,otros
31,SALF,160,derecha
31,PODEMOS -AV,126,izquierda
31,ESCAÑOS EN BLANCO,61,
31,PAR,44,centro
31,PACMA,39,
31,COALICIÓN ARAGONESA,10,
31,PCTE,8,
31,MUNDO+JUSTO,6,
32,PP,2490,derecha
32,PSOE,1835,izquierda
32,VOX,1724,derecha
32,CHA,905,izquierda
32,SALF,306,derecha
32,EXISTE,218,otros
32,IU- MOVIMIENTO SUMAR,191,izquierda
32,PODEMOS -AV,85,izquierda
32,ESCAÑOS EN BLANCO,58,
32,PAR,58,centro
32,PACMA,28,
32,COALICIÓN ARAGONESA,7,
32,PCTE,5,
32,MUNDO+JUSTO,4,
33,PP,2993,derecha
33,PSOE,1785,izquierda
33,VOX,1233,derecha
33,CHA,864,izquierda
33,IU- MOVIMIENTO SUMAR,533,izquierda
33,SALF,190,derecha
33,EXISTE,158,otros
33,PODEMOS -AV,140,izquierda
33,ESCAÑOS EN BLANCO,69,
33,PAR,39,centro
33,PACMA,36,
33,MUNDO+JUSTO,11,
33,COALICIÓN ARAGONESA,7,
33,PCTE,2,
34,PP,4899,derecha
34,PSOE,2012,izquierda
34,VOX,1532,derecha
34,CHA,1069,izquierda
34,IU- MOVIMIENTO SUMAR,385,izquierda
34,SALF,257,derecha
34,EXISTE,220,otros
34,PODEMOS -AV,116,izquierda
34,ESCAÑOS EN BLANCO,77,
34,PAR,66,centro
34,PACMA,38,
34,PCTE,16,
34,MUNDO+JUSTO,8,
34,COALICIÓN ARAGONESA,7,
35,PP,2402,derecha
35,PSOE,2321,izquierda
35,VOX,1287,derecha
35,CHA,980,izquierda
35,IU- MOVIMIENTO SUMAR,338,izquierda
35,EXISTE,214,otros
35,SALF,190,derecha
35,PODEMOS -AV,115,izquierda
35,ESCAÑOS EN BLANCO,55,
35,PACMA,52,
35,PAR,36,centro
35,PCTE,17,
35,MUNDO+JUSTO,9,
35,COALICIÓN ARAGONESA,7,
36,PP,3419,derecha
36,PSOE,2260,izquierda
36,VOX,1316,derecha
36,CHA,1053,izquierda
36,IU- MOVIMIENTO SUMAR,489,izquierda
36,EXISTE,232,otros
36,SALF,209,derecha
36,PODEMOS -AV,124,izquierda
36,ESCAÑOS EN BLANCO,66,
36,PAR,50,centro
36,PACMA,44,
36,COALICIÓN ARAGONESA,10,
36,PCTE,9,
36,MUNDO+JUSTO,6,
37,PP,3183,derecha
37,PSOE,2518,izquierda
37,CHA,1427,izquierda
37,VOX,1365,derecha
37,IU- MOVIMIENTO SUMAR,498,izquierda
37,EXISTE,258,otros
37,SALF,229,derecha
37,PODEMOS -AV,126,izquierda
37,ESCAÑOS EN BLANCO,80,
37,PAR,65,centro
37,PACMA,44,
37,PCTE,15,
37,MUNDO+JUSTO,13,
37,COALICIÓN ARAGONESA,2,
38,PP,2840,derecha
38,PSOE,2811,izquierda
38,VOX,1520,derecha
38,CHA,1344,izquierda
38,IU- MOVIMIENTO SUMAR,409,izquierda
38,EXISTE,271,otros
38,SALF,263,derecha
38,PODEMOS -AV,128,izquierda
38,ESCAÑOS EN BLANCO,74,
38,PAR,66,centro
38,PACMA,42,
38,PCTE,8,
38,COALICIÓN ARAGONESA,6,
38,MUNDO+JUSTO,5,
39,PSOE,2647,izquierda
39,PP,2371,derecha
39,VOX,1362,derecha
39,CHA,978,izquierda
39,IU- MOVIMIENTO SUMAR,280,izquierda
39,EXISTE,226,otros
39,SALF,193,derecha
39,PODEMOS -AV,98,izquierda
39,PAR,54,centro
39,PACMA,48,
39,ESCAÑOS EN BLANCO,43,
39,PCTE,15,
39,COALICIÓN ARAGONESA,6,
39,MUNDO+JUSTO,5,
40,PP,3328,derecha
40,PSOE,2642,izquierda
40,VOX,1421,derecha
40,CHA,1133,izquierda
40,IU- MOVIMIENTO SUMAR,313,izquierda
40,EXISTE,293,otros
40,SALF,247,derecha
40,PODEMOS -AV,111,izquierda
40,PAR,96,centro
40,ESCAÑOS EN BLANCO,72,
40,PACMA,49,
40,PCTE,19,
40,MUNDO+JUSTO,10,
40,COALICIÓN ARAGONESA,6,
41,PP,4424,derecha
41,PSOE,2663,izquierda
41,VOX,1645,derecha
41,CHA,1283,izquierda
41,IU- MOVIMIENTO SUMAR,322,izquierda
41,EXISTE,309,otros
41,SALF,300,derecha
41,PAR,101,centro
41,PODEMOS -AV,97,izquierda
41,ESCAÑOS EN BLANCO,78,
41,PACMA,52,
41,COALICIÓN ARAGONESA,7,
41,MUNDO+JUSTO,7,
41,PCTE,5,
42,PP,3490,derecha
42,PSOE,2824,izquierda
42,VOX,1584,derecha
42,CHA,1120,izquierda
42,IU- MOVIMIENTO SUMAR,349,izquierda
42,EXISTE,271,otros
42,SALF,264,derecha
42,PODEMOS -AV,119,izquierda
42,PAR,65,centro
42,ESCAÑOS EN BLANCO,57,
42,PACMA,51,
42,MUNDO+JUSTO,20,
42,COALICIÓN ARAGONESA,11,
42,PCTE,11,
43,PP,5479,derecha
43,PSOE,2394,izquierda
43,VOX,1627,derecha
43,CHA,1154,izquierda
43,IU- MOVIMIENTO SUMAR,358,izquierda
43,EXISTE,308,otros
43,SALF,245,derecha
43,ESCAÑOS EN BLANCO,91,
43,PODEMOS -AV,91,izquierda
43,PAR,74,centro
43,PACMA,43,
43,MUNDO+JUSTO,9,
43,PCTE,7,
43,COALICIÓN ARAGONESA,5,
44,PP,3380,derecha
44,PSOE,1996,izquierda
44,VOX,1807,derecha
44,CHA,1509,izquierda
44,SALF,534,derecha
44,IU- MOVIMIENTO SUMAR,430,izquierda
44,EXISTE,310,otros
44,PODEMOS -AV,121,izquierda
44,ESCAÑOS EN BLANCO,120,
44,PAR,107,centro
44,PACMA,68,
44,PCTE,11,
44,MUNDO+JUSTO,9,
44,COALICIÓN ARAGONESA,7,
45,PP,3487,derecha
45,PSOE,2082,izquierda
45,VOX,1468,derecha
45,CHA,923,izquierda
45,IU- MOVIMIENTO SUMAR,354,izquierda
45,EXISTE,231,otros
45,SALF,228,derecha
45,PODEMOS -AV,112,izquierda
45,PAR,53,centro
45,ESCAÑOS EN BLANCO,45,
45,PACMA,43,
45,PCTE,13,
45,MUNDO+JUSTO,9,
45,COALICIÓN ARAGONESA,7,
46,PP,3480,derecha
46,PSOE,2101,izquierda
46,VOX,1221,derecha
46,CHA,849,izquierda
46,IU- MOVIMIENTO SUMAR,252,izquierda
46,EXISTE,212,otros
46,SALF,167,derecha
46,PODEMOS -AV,102,izquierda
46,PAR,61,centro
46,ESCAÑOS EN BLANCO,51,
46,PACMA,29,
46,PCTE,14,
46,MUNDO+JUSTO,9,
46,COALICIÓN ARAGONESA,5,
47,PP,3343,derecha
47,PSOE,3173,izquierda
47,VOX,1708,derecha
47,CHA,1508,izquierda
47,IU- MOVIMIENTO SUMAR,347,izquierda
47,EXISTE,290,otros
47,SALF,265,derecha
47,PODEMOS -AV,133,izquierda
47,PAR,82,centro
47,ESCAÑOS EN BLANCO,64,
47,PACMA,59,
47,PCTE,11,
47,MUNDO+JUSTO,10,
47,COALICIÓN ARAGONESA,3,
48,PP,3174,derecha
48,PSOE,2216,izquierda
48,VOX,1743,derecha
48,CHA,1360,izquierda
48,IU- MOVIMIENTO SUMAR,450,izquierda
48,SALF,394,derecha
48,EXISTE,308,otros
48,PODEMOS -AV,117,izquierda
48,ESCAÑOS EN BLANCO,92,
48,PAR,84,centro
48,PACMA,54,
48,MUNDO+JUSTO,9,
48,COALICIÓN ARAGONESA,8,
48,PCTE,5,
49,PP,4137,derecha
49,VOX,1927,derecha
49,PSOE,1707,izquierda
49,CHA,1049,izquierda
49,SALF,380,derecha
49,IU- MOVIMIENTO SUMAR,242,izquierda
49,EXISTE,236,otros
49,PODEMOS -AV,82,izquierda
49,PAR,73,centro
49,ESCAÑOS EN BLANCO,72,
49,PACMA,42,
49,MUNDO+JUSTO,9,
49,COALICIÓN ARAGONESA,8,
49,PCTE,8,
50,PP,3369,derecha
50,PSOE,2233,izquierda
50,VOX,2124,derecha
50,CHA,1293,izquierda
50,SALF,402,derecha
50,IU- MOVIMIENTO SUMAR,398,izquierda
50,EXISTE,265,otros
50,PODEMOS -AV,96,izquierda
50,PAR,94,centro
50,ESCAÑOS EN BLANCO,82,
50,PACMA,58,
50,MUNDO+JUSTO,20,
50,PCTE,14,
50,COALICIÓN ARAGONESA,9,
51,PP,3101,derecha
51,PSOE,2133,izquierda
51,VOX,1894,derecha
51,CHA,1252,izquierda
51,IU- MOVIMIENTO SUMAR,423,izquierda
51,SALF,371,derecha
51,EXISTE,244,otros
51,PODEMOS -AV,98,izquierda
51,ESCAÑOS EN BLANCO,80,
51,PAR,64,centro
51,PACMA,53,
51,PCTE,11,
51,MUNDO+JUSTO,7,
51,COALICIÓN ARAGONESA,6,
52,PSOE,2733,izquierda
52,PP,2504,derecha
52,VOX,1810,derecha
52,CHA,671,izquierda
52,IU- MOVIMIENTO SUMAR,314,izquierda
52,EXISTE,294,otros
52,SALF,182,derecha
52,PODEMOS -AV,77,izquierda
52,PAR,51,centro
52,ESCAÑOS EN BLANCO,49,
52,PACMA,20,
52,PCTE,8,
52,MUNDO+JUSTO,6,
52,COALICIÓN ARAGONESA,4,
53,PP,2998,derecha
53,PSOE,2087,izquierda
53,VOX,1843,derecha
53,CHA,702,izquierda
53,EXISTE,261,otros
53,SALF,219,derecha
53,PAR,134,centro
53,IU- MOVIMIENTO SUMAR,95,izquierda
53,PODEMOS -AV,55,izquierda
53,ESCAÑOS EN BLANCO,53,
53,PACMA,28,
53,PCTE,6,
53,MUNDO+JUSTO,4,
53,COALICIÓN ARAGONESA,2,
54,PP,3768,derecha
54,PSOE,3758,izquierda
54,VOX,1930,derecha
54,CHA,832,izquierda
54,EXISTE,288,otros
54,SALF,234,derecha
54,IU- MOVIMIENTO SUMAR,225,izquierda
54,PAR,137,centro
54,PODEMOS -AV,66,izquierda
54,ESCAÑOS EN BLANCO,55,
54,PACMA,24,
54,PCTE,12,
54,COALICIÓN ARAGONESA,8,
54,MUNDO+JUSTO,6,
55,PP,3212,derecha
55,PSOE,2855,izquierda
55,VOX,2074,derecha
55,CHA,945,izquierda
55,IU- MOVIMIENTO SUMAR,258,izquierda
55,SALF,216,derecha
55,EXISTE,202,otros
55,PODEMOS -AV,87,izquierda
55,PAR,83,centro
55,ESCAÑOS EN BLANCO,52,
55,PACMA,31,
55,PCTE,12,
55,MUNDO+JUSTO,3,
55,COALICIÓN ARAGONESA,2,
56,PP,3088,derecha
56,PSOE,2511,izquierda
56,VOX,1878,derecha
56,CHA,873,izquierda
56,SALF,355,derecha
56,IU- MOVIMIENTO SUMAR,291,izquierda
56,EXISTE,177,otros
56,PODEMOS -AV,65,izquierda
56,ESCAÑOS EN BLANCO,54,
56,PAR,54,centro
56,PACMA,33,
56,COALICIÓN ARAGONESA,6,
56,PCTE,5,
56,MUNDO+JUSTO,4,
57,PP,3333,derecha
57,PSOE,2409,izquierda
57,VOX,1925,derecha
57,CHA,884,izquierda
57,EXISTE,327,otros
57,SALF,305,derecha
57,IU- MOVIMIENTO SUMAR,297,izquierda
57,PAR,253,centro
57,PODEMOS -AV,133,izquierda
57,ESCAÑOS EN BLANCO,54,
57,PACMA,29,
57,MUNDO+JUSTO,10,
57,PCTE,10,
57,COALICIÓN ARAGONESA,4,
58,PP,3563,derecha
58,VOX,2487,derecha
58,PSOE,2435,izquierda
58,CHA,1122,izquierda
58,SALF,515,derecha
58,EXISTE,304,otros
58,IU- MOVIMIENTO SUMAR,270,izquierda
58,PODEMOS -AV,128,izquierda
58,PAR,98,centro
58,ESCAÑOS EN BLANCO,60,
58,PACMA,59,
58,COALICIÓN ARAGONESA,17,
58,PCTE,10,
58,MUNDO+JUSTO,6,
59,PP,2997,derecha
59,PSOE,1976,izquierda
59,VOX,1596,derecha
59,CHA,625,izquierda
59,SALF,162,derecha
59,EXISTE,136,otros
59,PAR,115,centro
59,IU- MOVIMIENTO SUMAR,112,izquierda
59,PODEMOS -AV,76,izquierda
59,ESCAÑOS EN BLANCO,22,
59,PACMA,15,
59,MUNDO+JUSTO,5,
59,PCTE,2,
59,COALICIÓN ARAGONESA,1,
60,PP,3366,derecha
60,VOX,2444,derecha
60,PSOE,1453,izquierda
60,CHA,935,izquierda
60,SALF,522,derecha
60,EXISTE,212,otros
60,IU- MOVIMIENTO SUMAR,157,izquierda
60,ESCAÑOS EN BLANCO,75,
60,PODEMOS -AV,67,izquierda
60,PAR,59,centro
60,PACMA,52,
60,PCTE,6,
60,MUNDO+JUSTO,4,
60,COALICIÓN ARAGONESA,3,
61,PSOE,3040,izquierda
61,PP,2607,derecha
61,VOX,1832,derecha
61,CHA,703,izquierda
61,SALF,256,derecha
61,EXISTE,236,otros
61,PAR,105,centro
61,IU- MOVIMIENTO SUMAR,104,izquierda
61,PODEMOS -AV,63,izquierda
61,ESCAÑOS EN BLANCO,45,
61,PACMA,19,
61,PCTE,9,
61,COALICIÓN ARAGONESA,7,
61,MUNDO+JUSTO,3,
62,PP,3248,derecha
62,VOX,2430,derecha
62,PSOE,2427,izquierda
62,CHA,950,izquierda
62,SALF,527,derecha
62,IU- MOVIMIENTO SUMAR,424,izquierda
62,EXISTE,185,otros
62,ESCAÑOS EN BLANCO,92,
62,PODEMOS -AV,78,izquierda
62,PAR,67,centro
62,PACMA,44,
62,PCTE,13,
62,MUNDO+JUSTO,4,
62,COALICIÓN ARAGONESA,3,
63,PP,3371,derecha
63,VOX,2271,derecha
63,PSOE,2156,izquierda
63,CHA,1052,izquierda
63,SALF,488,derecha
63,IU- MOVIMIENTO SUMAR,228,izquierda
63,EXISTE,218,otros
63,PODEMOS -AV,147,izquierda
63,ESCAÑOS EN BLANCO,75,
63,PAR,71,centro
63,PACMA,65,
63,PCTE,18,
63,MUNDO+JUSTO,11,
63,COALICIÓN ARAGONESA,8,
64,PP,3936,derecha
64,PSOE,2875,izquierda
64,VOX,2001,derecha
64,CHA,758,izquierda
64,EXISTE,555,otros
64,SALF,230,derecha
64,IU- MOVIMIENTO SUMAR,215,izquierda
64,PAR,190,centro
64,ESCAÑOS EN BLANCO,50,
64,PODEMOS -AV,47,izquierda
64,PACMA,26,
64,PCTE,15,
64,MUNDO+JUSTO,6,
64,COALICIÓN ARAGONESA,3,
65,PP,3829,derecha
65,PSOE,3007,izquierda
65,VOX,2215,derecha
65,CHA,810,izquierda
65,SALF,319,derecha
65,EXISTE,258,otros
65,IU- MOVIMIENTO SUMAR,148,izquierda
65,PAR,119,centro
65,ESCAÑOS EN BLANCO,60,
65,PODEMOS -AV,60,izquierda
65,PACMA,32,
65,COALICIÓN ARAGONESA,6,
65,MUNDO+JUSTO,5,
65,PCTE,3,
66,PP,2951,derecha
66,VOX,2363,derecha
66,PSOE,1933,izquierda
66,CHA,1032,izquierda
66,SALF,471,derecha
66,EXISTE,218,otros
66,IU- MOVIMIENTO SUMAR,218,izquierda
66,PODEMOS -AV,94,izquierda
66,PAR,71,centro
66,ESCAÑOS EN BLANCO,50,
66,PACMA,50,
66,PCTE,12,
66,MUNDO+JUSTO,10,
66,COALICIÓN ARAGONESA,1,
