district_id,district_pop,target,difference,abs_difference,relative_deviation,population_target_ratio,population_floor,population_cap,within_hard_bounds,within_target_tolerance,section_count,municipality_count,municipality_codes,municipality_names,province_count,province_codes,province_names,area_km2,perimeter_km,polsby_popper,centroid_x,centroid_y,bbox_minx,bbox_miny,bbox_maxx,bbox_maxy,metric_crs
0,29958,29283.182926829268,674.8170731707323,674.8170731707323,0.023044526097347997,1.023044526097348,23426.546341463414,51245.57012195122,True,True,20,1,05019,Ávila,1,05,Ávila,78.4588857943849,104.92520123361552,0.08955552388214624,3078080.0136233326,2071630.6951439474,3072472.322577093,2061420.1137934367,3083008.626645556,2084010.6171444678,EPSG:3035
1,25774,29283.182926829268,-3509.1829268292677,3509.1829268292677,-0.11983611670895764,0.8801638832910423,23426.546341463414,51245.57012195122,True,True,63,58,05007 | 05013 | 05014 | 05018 | 05025 | 05038 | 05047 | 05052 | 05054 | 05058 | 05063 | 05066 | 05081 | 05082 | 05089 | 05100 | 05101 | 05103 | 05104 | 05105 | 05106 | 05110 | 05113 | 05116 | 05126 | 05127 | 05132 | 05151 | 05154 | 05155 | 05157 | 05160 | 05162 | 05164 | 05165 | 05166 | 05167 | 05169 | 05181 | 05182 | 05189 | 05200 | 05207 | 05212 | 05214 | 05215 | 05216 | 05217 | 05221 | 05226 | 05233 | 05244 | 05246 | 05257 | 05262 | 05267 | 05904 | 05905,"Aldeanueva de Santa Cruz | Arenal, El | Arenas de San Pedro | Avellaneda | Becedillas | Bonilla de la Sierra | Candeleda | Casas del Puerto | Casavieja | Cepeda la Mora | Collado del Mirón | Cuevas del Valle | Garganta del Villar | Gavilanes | Guisando | Hornillo, El | Hoyocasero | Hoyorredondo | Hoyos de Miguel Muñoz | Hoyos del Collado | Hoyos del Espino | Lanzahíta | Llanos de Tormes, Los | Malpartida de Corneja | Mesegar de Corneja | Mijares | Mombeltrán | Navacepedilla de Corneja | Navadijos | Navaescurial | Navalacruz | Navalosa | Navalperal de Tormes | Navaquesera | Navarredonda de Gredos | Navarredondilla | Navarrevisca | Navatalgordo | Pascualcobo | Pedro Bernardo | Poyales del Hoyo | San Bartolomé de Corneja | San Esteban del Valle | San Juan del Molinillo | San Lorenzo de Tormes | San Martín de la Vega del Alberche | San Martín del Pimpollar | San Miguel de Corneja | Santa Cruz del Valle | Santa María de los Caballeros | Santiago del Tormes | Serranillos | Tormellas | Tórtoles | Villafranca de la Sierra | Villanueva de Ávila | Villarejo del Valle | Zapardiel de la Ribera",1,05,Ávila,2073.8393649531617,418.9342090817125,0.14848867349073006,3039551.419000919,2043305.6766095122,3004939.1621871553,2017325.1864824528,3071003.1242536306,2082639.8509974396,EPSG:3035
2,27604,29283.182926829268,-1679.1829268292677,1679.1829268292677,-0.05734291012780579,0.9426570898721942,23426.546341463414,51245.57012195122,True,True,17,1,05019,Ávila,1,05,Ávila,136.48471765200728,116.3015417266487,0.12680107804709992,3089632.7947647017,2071743.4700244258,3079565.071563959,2064212.8389829034,3101530.642745064,2080158.6261990839,EPSG:3035
3,25810,29283.182926829268,-3473.1829268292677,3473.1829268292677,-0.11860674215326285,0.8813932578467372,23426.546341463414,51245.57012195122,True,True,139,137,05005 | 05008 | 05010 | 05012 | 05015 | 05017 | 05021 | 05023 | 05024 | 05026 | 05027 | 05029 | 05030 | 05033 | 05034 | 05035 | 05036 | 05037 | 05040 | 05042 | 05043 | 05044 | 05045 | 05046 | 05048 | 05049 | 05051 | 05056 | 05059 | 05060 | 05061 | 05062 | 05064 | 05065 | 05067 | 05069 | 05073 | 05074 | 05076 | 05077 | 05078 | 05080 | 05083 | 05084 | 05085 | 05086 | 05087 | 05088 | 05092 | 05094 | 05096 | 05097 | 05099 | 05108 | 05109 | 05112 | 05114 | 05117 | 05118 | 05121 | 05122 | 05123 | 05124 | 05128 | 05129 | 05130 | 05131 | 05133 | 05134 | 05135 | 05136 | 05138 | 05139 | 05140 | 05142 | 05143 | 05144 | 05147 | 05149 | 05152 | 05153 | 05159 | 05170 | 05171 | 05172 | 05173 | 05175 | 05176 | 05177 | 05179 | 05180 | 05183 | 05185 | 05186 | 05190 | 05191 | 05192 | 05193 | 05194 | 05196 | 05198 | 05199 | 05206 | 05208 | 05209 | 05210 | 05213 | 05218 | 05219 | 05220 | 05224 | 05225 | 05228 | 05229 | 05230 | 05231 | 05232 | 05234 | 05236 | 05237 | 05242 | 05243 | 05247 | 05249 | 05253 | 05254 | 05256 | 05258 | 05259 | 05260 | 05261 | 05263 | 05264 | 05265 | 05266 | 05901 | 05903,"Albornos | Aldeaseca | Aldehuela, La | Amavida | Arevalillo | Aveinte | Barco de Ávila, El | Barromán | Becedas | Bercial de Zapardiel | Berlanas, Las | Bernuy-Zapardiel | Berrocalejo de Aragona | Blascomillán | Blasconuño de Matacabras | Blascosancho | Bohodón, El | Bohoyo | Bularros | Cabezas de Alambre | Cabezas del Pozo | Cabezas del Villar | Cabizuela | Canales | Cantiveros | Cardeñosa | Carrera, La | Castellanos de Zapardiel | Chamartín | Cillán | Cisla | Colilla, La | Collado de Contreras | Constanzana | Crespos | Diego del Carpio | Donjimeno | Flores de Ávila | Fontiveros | Fresno, El | Fuente el Saúz | Fuentes de Año | Gallegos de Sobrinos | Gemuño | Gil García | Gilbuena | Gimialcón | Gotarrendura | Grandes y San Martín | Hernansancho | Herreros de Suso | Hija de Dios, La | Horcajada, La | Horcajo de las Torres | Junciana | Langa | Losar del Barco, El | Madrigal de las Altas Torres | Mamblas | Mancera de Arriba | Martiherrero | Martínez | Mediana de Voltoya | Medinilla | Mingorría | Mironcillo | Mirueña de los Infanzones | Mirón, El | Monsalupe | Moraleja de Matacabras | Muñana | Muñico | Muñogalindo | Muñogrande | Muñomer del Peco | Muñosancho | Muñotello | Narrillos del Álamo | Narros de Saldueña | Narros del Castillo | Nava de Arévalo | Nava del Barco | Navalonguilla | Navatejares | Neila de San Miguel | Niharra | Ojos-Albos | Oso, El | Padiernos | Pajares de Adaja | Papatrigo | Parral, El | Pedro-Rodríguez | Peñalba de Ávila | Piedrahíta | Pozanco | Pradosegar | Puerto Castilla | Rasueros | Riocabado | Rivilla de Barajas | Salvadiós | San Bartolomé de Béjar | San Esteban de Zapardiel | San Esteban de los Patos | San García de Ingelmos | San Juan de Gredos | San Juan de la Encinilla | San Juan del Olmo | San Miguel de Serrezuela | San Pascual | San Pedro del Arroyo | San Vicente de Arévalo | Santa María del Arroyo | Santa María del Berrocal | Santiago del Collado | Santo Domingo de las Posadas | Santo Tomé de Zabarcos | Serrada, La | Sigeres | Solana de Rioalmar | Solana de Ávila | Tiñosillos | Tolbaños | Torre, La | Umbrías | Vega de Santa María | Velayos | Villaflor | Villanueva de Gómez | Villanueva del Aceral | Villanueva del Campillo | Villar de Corneja | Villatoro | Vita | Viñegra de Moraña | Zapardiel de la Cañada",1,05,Ávila,3462.429032279546,995.9996433427114,0.04386037887154924,3051078.005392444,2083603.019674574,2987056.38556711,2035488.627732456,3102195.027897926,2132384.3649243526,EPSG:3035
4,25815,29283.182926829268,-3468.1829268292677,3468.1829268292677,-0.11843599568719412,0.8815640043128059,23426.546341463414,51245.57012195122,True,True,32,22,05001 | 05016 | 05019 | 05070 | 05072 | 05090 | 05093 | 05102 | 05115 | 05161 | 05163 | 05168 | 05174 | 05178 | 05184 | 05195 | 05201 | 05204 | 05211 | 05235 | 05245 | 05902,"Adanero | Arévalo | Donvidas | Espinosa de los Caballeros | Gutierre-Muñoz | Herradón de Pinares | Hoyo de Pinares, El | Maello | Navalperal de Pinares | Navaluenga | Navas del Marqués, Las | Orbita | Palacios de Goda | Peguerinos | Riofrío | San Bartolomé de Pinares | San Juan de la Nava | Sanchidrián | Santa María del Cubillo | Sinlabajos | Tornadizos de Ávila | Ávila",1,05,Ávila,1124.0273683918322,473.6552328271501,0.06295961599721507,3093810.854173677,2071912.5471565921,3067226.1781199086,2039089.4249815785,3126361.864987703,2126428.520401917,EPSG:3035
5,25777,29283.182926829268,-3506.1829268292677,3506.1829268292677,-0.1197336688293164,0.8802663311706836,23426.546341463414,51245.57012195122,True,True,37,31,05002 | 05022 | 05039 | 05041 | 05053 | 05055 | 05057 | 05075 | 05079 | 05095 | 05107 | 05119 | 05120 | 05125 | 05141 | 05145 | 05148 | 05156 | 05158 | 05187 | 05188 | 05197 | 05205 | 05222 | 05227 | 05238 | 05239 | 05240 | 05241 | 05251 | 05252,"Adrada, La | Barraco, El | Brabos | Burgohondo | Casasola | Casillas | Cebreros | Fresnedilla | Gallegos de Altamiros | Higuera de las Dueñas | Hurtumpascual | Manjabálago y Ortigosa de Rioalmar | Marlín | Mengamuñoz | Muñopepe | Narrillos del Rebollar | Narros del Puerto | Navahondilla | Navalmoral | Piedralaves | Poveda | Salobral | Sanchorreja | Santa Cruz de Pinares | Santa María del Tiétar | Solosancho | Sotalbo | Sotillo de la Adrada | Tiemblo, El | Vadillo de la Sierra | Valdecasa",1,05,Ávila,1174.5147981815055,543.4025632515421,0.049983307587735705,3076029.1229073443,2051227.2325545647,3039526.5167624024,2020715.6800738834,3108614.726937946,2089689.8547358192,EPSG:3035
6,28924,29283.182926829268,-359.18292682926767,359.18292682926767,-0.012265843085663482,0.9877341569143365,23426.546341463414,51245.57012195122,True,True,18,1,09018,Aranda de Duero,1,09,Burgos,62.692922468489655,52.39568491992215,0.2869705535914435,3180634.708309474,2169889.842674308,3174950.2994493833,2162822.3931833007,3185128.5865177903,2176361.5978293195,EPSG:3035
7,30436,29283.182926829268,1152.8170731707323,1152.8170731707323,0.03936788825351771,1.0393678882535178,23426.546341463414,51245.57012195122,True,True,20,1,09059,Burgos,1,09,Burgos,42.2496969311952,43.26438067275161,0.2836432674482268,3194126.577910137,2242702.57200904,3187955.45999104,2238255.1772516784,3199778.1204364924,2246246.5267942785,EPSG:3035
8,29736,29283.182926829268,452.81707317073233,452.81707317073233,0.01546338300389679,1.0154633830038968,23426.546341463414,51245.57012195122,True,True,24,1,09059,Burgos,1,09,Burgos,13.631640744429628,23.566064603358416,0.3084493562220894,3198323.214796831,2238585.1182878795,3195834.9890340907,2235856.14268393,3201393.209048019,2241543.301439766,EPSG:3035
9,29053,29283.182926829268,-230.18292682926767,230.18292682926767,-0.007860584261090483,0.9921394157389095,23426.546341463414,51245.57012195122,True,True,26,1,09059,Burgos,1,09,Burgos,20.081823340993562,33.20752257699861,0.2288442755228764,3201926.8747700322,2241335.886349658,3197446.5442307536,2238667.03123212,3205698.1294974536,2245371.88731339,EPSG:3035
10,29672,29283.182926829268,388.81707317073233,388.81707317073233,0.013277828238217161,1.013277828238217,23426.546341463414,51245.57012195122,True,True,30,1,09059,Burgos,1,09,Burgos,1.791001824655074,11.250836746166168,0.1778018381232873,3195487.3809480187,2240132.6412318093,3194266.1095582796,2239322.3616167516,3196905.8251634436,2241169.8618640616,EPSG:3035
11,29644,29283.182926829268,360.81707317073233,360.81707317073233,0.012321648028232325,1.0123216480282324,23426.546341463414,51245.57012195122,True,True,24,1,09059,Burgos,1,09,Burgos,11.147954119789231,29.504785211470722,0.1609237416631258,3200362.027704762,2242620.731602854,3195527.0002931687,2240021.6743382113,3203852.259018615,2244546.29265725,EPSG:3035
12,29274,29283.182926829268,-9.182926829267672,9.182926829267672,-0.0003135904608530198,0.999686409539147,23426.546341463414,51245.57012195122,True,True,22,1,09219,Miranda de Ebro,1,09,Burgos,4.534402880845359,17.26523002502606,0.19115481011138388,3262189.5674766167,2266979.785625458,3259922.1958821104,2265815.32727886,3264215.3582334174,2268170.5369081236,EPSG:3035
13,31338,29283.182926829268,2054.8170731707323,2054.8170731707323,0.07017055073231496,1.070170550732315,23426.546341463414,51245.57012195122,True,True,119,116,09018 | 09019 | 09020 | 09021 | 09022 | 09030 | 09033 | 09035 | 09037 | 09038 | 09039 | 09055 | 09062 | 09064 | 09065 | 09066 | 09067 | 09070 | 09072 | 09078 | 09084 | 09086 | 09094 | 09103 | 09104 | 09105 | 09110 | 09112 | 09113 | 09114 | 09119 | 09122 | 09127 | 09129 | 09131 | 09137 | 09141 | 09144 | 09151 | 09152 | 09154 | 09162 | 09163 | 09164 | 09169 | 09173 | 09174 | 09177 | 09183 | 09184 | 09191 | 09196 | 09200 | 09201 | 09208 | 09218 | 09221 | 09223 | 09225 | 09226 | 09231 | 09232 | 09239 | 09246 | 09248 | 09261 | 09266 | 09267 | 09268 | 09269 | 09270 | 09274 | 09277 | 09279 | 09281 | 09289 | 09295 | 09302 | 09309 | 09311 | 09312 | 09314 | 09315 | 09318 | 09330 | 09337 | 09340 | 09345 | 09346 | 09348 | 09352 | 09355 | 09356 | 09358 | 09366 | 09378 | 09381 | 09386 | 09388 | 09396 | 09400 | 09403 | 09407 | 09414 | 09421 | 09425 | 09430 | 09433 | 09440 | 09447 | 09450 | 09451 | 09476 | 09478 | 09483 | 09901,"Aranda de Duero | Arandilla | Arauzo de Miel | Arauzo de Salce | Arauzo de Torre | Ausines, Los | Bahabón de Esgueva | Barbadillo de Herreros | Barbadillo del Mercado | Barbadillo del Pez | Baños de Valdearados | Brazacorta | Cabezón de la Sierra | Caleruega | Campillo de Aranda | Campolara | Canicosa de la Sierra | Carazo | Carcedo de Burgos | Cascajares de la Sierra | Castrillo de la Reina | Castrillo del Val | Cebrecos | Cilleruelo de Abajo | Cilleruelo de Arriba | Ciruelos de Cervera | Contreras | Coruña del Conde | Covarrubias | Cubillo del Campo | Cuevas de San Clemente | Espinosa de Cervera | Fontioso | Fresneda de la Sierra Tirón | Fresnillo de las Dueñas | Fuentelcésped | Fuentespina | Gallega, La | Gumiel de Izán | Gumiel de Mercado | Hacinas | Hontoria de Valdearados | Hontoria de la Cantera | Hontoria del Pinar | Hortigüela | Huerta de Arriba | Huerta de Rey | Ibeas de Juarros | Jaramillo Quemado | Jaramillo de la Fuente | Jurisdicción de Lara | Madrigal del Monte | Mambrillas de Lara | Mamolar | Mecerreyes | Milagros | Modúbar de la Emparedada | Monasterio de la Sierra | Moncalvillo | Monterrubio de la Demanda | Nebreda | Neila | Oquillas | Palacios de la Sierra | Palazuelos de la Sierra | Peñaranda de Duero | Pineda Trasmonte | Pineda de la Sierra | Pinilla Trasmonte | Pinilla de los Barruecos | Pinilla de los Moros | Pradoluengo | Puentedura | Quemada | Quintana del Pidio | Quintanar de la Sierra | Quintanilla del Agua y Tordueles | Quintanilla del Coco | Rabanera del Pinar | Regumiel de la Sierra | Retuerta | Revilla del Campo | Revilla y Ahedo, La | Revillarruz | Riocavado de la Sierra | Salas de los Infantes | San Juan del Monte | San Millán de Lara | Santa Cruz de la Salceda | Santa Cruz del Valle Urbión | Santa Inés | Santa María del Mercadillo | Santibáñez de Esgueva | Santibáñez del Val | Santo Domingo de Silos | Solarana | Tejada | Tinieblas de la Sierra | Torrecilla del Monte | Torrelara | Tubilla del Lago | Vadocondes | Valdeande | Valle de Valdelaguna | Valmala | Vid y Barrios, La | Villaespasa | Villagalijo | Villalbilla de Gumiel | Villamiel de la Sierra | Villanueva de Carazo | Villanueva de Gumiel | Villoruebo | Vilviestre del Pinar | Vizcaínos | Zazuar",1,09,Burgos,3619.650101677403,810.83590883152,0.06918477096274765,3210762.597447073,2195767.6659014323,3170321.4805333726,2153380.165696874,3253706.268356371,2239026.876637959,EPSG:3035
14,30564,29283.182926829268,1280.8170731707323,1280.8170731707323,0.043738997784876964,1.043738997784877,23426.546341463414,51245.57012195122,True,True,22,2,09059 | 09458,Burgos | Villariezo,1,09,Burgos,28.66000915320988,44.893808088622166,0.1786953688799864,3193978.911008807,2235685.572163406,3190319.841032313,2229632.024808944,3198325.3036368797,2240504.113317821,EPSG:3035
15,31339,29283.182926829268,2055.8170731707323,2055.8170731707323,0.0702047000255287,1.0702047000255288,23426.546341463414,51245.57012195122,True,True,97,95,09003 | 09009 | 09017 | 09023 | 09032 | 09034 | 09041 | 09047 | 09051 | 09058 | 09061 | 09063 | 09079 | 09085 | 09093 | 09095 | 09101 | 09117 | 09125 | 09128 | 09136 | 09138 | 09139 | 09140 | 09155 | 09159 | 09160 | 09167 | 09168 | 09170 | 09176 | 09179 | 09180 | 09194 | 09198 | 09199 | 09206 | 09228 | 09229 | 09235 | 09236 | 09249 | 09250 | 09253 | 09256 | 09257 | 09259 | 09262 | 09275 | 09294 | 09297 | 09301 | 09304 | 09316 | 09321 | 09325 | 09338 | 09339 | 09343 | 09350 | 09363 | 09365 | 09369 | 09372 | 09375 | 09377 | 09380 | 09384 | 09387 | 09389 | 09390 | 09391 | 09405 | 09417 | 09418 | 09428 | 09432 | 09434 | 09437 | 09438 | 09439 | 09441 | 09442 | 09443 | 09448 | 09455 | 09456 | 09464 | 09466 | 09467 | 09471 | 09472 | 09480 | 09902 | 09907,"Adrada de Haza | Albillos | Alfoz de Quintanadueñas | Anguix | Arcos | Avellanosa de Muñó | Balbases, Los | Barrio de Muñó | Belbimbre | Berlangas de Roa | Buniel | Cabañes de Esgueva | Castellanos de Castro | Castrillo de la Vega | Cavia | Cayuela | Celada del Camino | Ciadoncha | Cueva de Roa, La | Estépar | Frandovínez | Fuentecén | Fuentelisendo | Fuentemolinos | Fuentenebro | Haza | Hontanas | Hontangas | Hornillos del Camino | Horra, La | Hoyales de Roa | Hurones | Iglesiarrubia | Iglesias | Lerma | Mahamud | Mambrilla de Castrejón | Mazuela | Moradillo de Roa | Nava de Roa | Olmedillo de Roa | Olmillos de Muñó | Palazuelos de Muñó | Pampliega | Pardilla | Pedrosa de Duero | Pedrosa de Río Úrbel | Pedrosa del Páramo | Peral de Arlanza | Presencio | Quintanilla Vivar | Quintanilla de la Mata | Quintanillas, Las | Rabé de las Calzadas | Revilla Vallejera | Roa | Royuela de Río Franco | San Mamés de Burgos | San Martín de Rubiales | Santa Cecilia | Santa María del Campo | Sasamón | Sequera de Haza, La | Sotillo de la Ribera | Sotragero | Tamarón | Tardajos | Terradillos de Esgueva | Tordómar | Torregalindo | Torrepadre | Torresandino | Tórtoles de Esgueva | Valdezate | Valle de Santibáñez | Vallejera | Valles de Palenzuela | Villaescusa de Roa | Villafruela | Villagonzalo Pedernales | Villahoz | Villalba de Duero | Villalbilla de Burgos | Villaldemiro | Villalmanzo | Villamayor de los Montes | Villangómez | Villaquirán de la Puebla | Villaquirán de los Infantes | Villatuelda | Villaverde del Monte | Villaverde-Mogina | Villayerno Morquillas | Villazopeque | Zael",1,09,Burgos,2649.5082929747755,619.9839344635982,0.08661922137736142,3173887.1809602045,2209882.735204184,3152150.55266626,2143369.7931372505,3206343.0719211693,2263910.782300765,EPSG:3035
16,31350,29283.182926829268,2066.8170731707323,2066.8170731707323,0.07058034225087989,1.07058034225088,23426.546341463414,51245.57012195122,True,True,52,39,09006 | 09007 | 09013 | 09016 | 09025 | 09050 | 09054 | 09057 | 09071 | 09102 | 09109 | 09120 | 09124 | 09135 | 09149 | 09192 | 09195 | 09209 | 09214 | 09215 | 09216 | 09219 | 09238 | 09244 | 09251 | 09265 | 09276 | 09280 | 09283 | 09298 | 09327 | 09334 | 09347 | 09410 | 09412 | 09413 | 09419 | 09485 | 09903,"Aguas Cándidas | Aguilar de Bureba | Altable | Ameyugo | Arija | Berberana | Bozoó | Bugedo | Carcedo de Bureba | Cillaperlata | Condado de Treviño | Encío | Espinosa de los Monteros | Fuentebureba | Grisaleña | Jurisdicción de San Zadornil | Llano de Bureba | Medina de Pomar | Merindad de Montija | Merindad de Sotoscueva | Merindad de Valdeporres | Miranda de Ebro | Oña | Padrones de Bureba | Pancorbo | Piérnigas | Puebla de Arganzón, La | Quintanabureba | Quintanaélez | Quintanilla San García | Rublacedo de Abajo | Salinillas de Bureba | Santa Gadea del Cid | Valle de Mena | Valle de Tobalina | Valle de Valdebezana | Valluércanes | Villarcayo de Merindad de Castilla la Vieja | Zuñeda",1,09,Burgos,2571.6935579359533,992.2783332797825,0.03282177500102368,3234537.8837771644,2292128.332412446,3185078.4095836934,2251669.735227066,3296812.500388016,2331271.7495810622,EPSG:3035
17,31333,29283.182926829268,2049.8170731707323,2049.8170731707323,0.06999980426624623,1.0699998042662462,23426.546341463414,51245.57012195122,True,True,123,119,09001 | 09010 | 09011 | 09012 | 09014 | 09024 | 09026 | 09027 | 09029 | 09036 | 09043 | 09044 | 09045 | 09046 | 09048 | 09052 | 09056 | 09060 | 09068 | 09073 | 09074 | 09075 | 09076 | 09077 | 09082 | 09083 | 09088 | 09090 | 09091 | 09098 | 09100 | 09108 | 09115 | 09123 | 09130 | 09132 | 09133 | 09134 | 09143 | 09148 | 09166 | 09172 | 09175 | 09178 | 09181 | 09182 | 09189 | 09190 | 09197 | 09202 | 09211 | 09213 | 09217 | 09220 | 09224 | 09227 | 09230 | 09241 | 09242 | 09243 | 09247 | 09255 | 09258 | 09272 | 09273 | 09287 | 09288 | 09292 | 09303 | 09306 | 09307 | 09308 | 09310 | 09317 | 09323 | 09326 | 09328 | 09329 | 09332 | 09335 | 09351 | 09353 | 09354 | 09360 | 09361 | 09362 | 09368 | 09373 | 09374 | 09382 | 09392 | 09394 | 09395 | 09398 | 09406 | 09408 | 09409 | 09411 | 09415 | 09416 | 09422 | 09423 | 09424 | 09427 | 09429 | 09431 | 09444 | 09445 | 09446 | 09449 | 09454 | 09460 | 09463 | 09473 | 09482 | 09904 | 09905 | 09906 | 09908,"Abajas | Alcocero de Mola | Alfoz de Bricia | Alfoz de Santa Gadea | Altos, Los | Arenillas de Riopisuerga | Arlanzón | Arraya de Oca | Atapuerca | Barrios de Bureba, Los | Barrios de Colina | Basconcillos del Tozo | Bascuñana | Bañuelos de Bureba | Belorado | Berzosa de Bureba | Briviesca | Busto de Bureba | Cantabrana | Cardeñadijo | Cardeñajimeno | Cardeñuela Riopico | Carrias | Cascajares de Bureba | Castil de Peones | Castildelgado | Castrillo Mota de Judíos | Castrillo de Riopisuerga | Castrojeriz | Cerezo de Río Tirón | Cerratón de Juarros | Cogollos | Cubo de Bureba | Espinosa del Camino | Fresneña | Fresno de Rodilla | Fresno de Río Tirón | Frías | Galbarros | Grijalba | Hormazas, Las | Humada | Huérmeces | Ibrillos | Isar | Itero del Castillo | Junta de Traslaloma | Junta de Villalba de Losa | Madrigalejo del Monte | Manciles | Melgar de Fernamental | Merindad de Cuesta-Urria | Merindad de Río Ubierna | Merindad de Valdivielso | Miraveche | Monasterio de Rodilla | Montorio | Navas de Bureba | Orbaneja Riopico | Padilla de Abajo | Padilla de Arriba | Palacios de Riopisuerga | Partido de la Sierra en Tobalina | Pedrosa del Príncipe | Poza de la Sal | Prádanos de Bureba | Quintanaortuño | Quintanapalla | Quintanavides | Rebolledo de la Torre | Redecilla del Camino | Redecilla del Campo | Reinoso | Rezmondo | Rojas | Rubena | Rucandio | Rábanos | Salas de Bureba | Saldaña de Burgos | San Adrián de Juarros | San Vicente del Valle | Santa María Ribarredonda | Santa María del Invierno | Santa Olalla de Bureba | Sargentes de la Lora | Sarracín | Sordillos | Sotresgudo | Susinos del Páramo | Tobar | Tosantos | Trespaderne | Tubilla del Agua | Valdorros | Vallarta de Bureba | Valle de Losa | Valle de Manzanedo | Valle de Oca | Valle de Sedano | Valle de Valdelucio | Valle de Zamanzas | Valle de las Navas | Vid de Bureba, La | Vileña | Villadiego | Villaescusa la Sombría | Villafranca Montes de Oca | Villamayor de Treviño | Villambistia | Villamedianilla | Villanueva de Argaño | Villanueva de Teba | Villasandino | Villasur de Herreros | Villegas | Viloria de Rioja | Zarzosa de Río Pisuerga | Úrbel del Castillo",1,09,Burgos,5016.473860675655,1298.54479857724,0.03738475541551592,3201717.7803485775,2267489.440351626,3145111.601509846,2215742.4669909505,3261585.580429822,2316884.2638649503,EPSG:3035
18,31097,29283.182926829268,1813.8170731707323,1813.8170731707323,0.06194057106780261,1.0619405710678027,23426.546341463414,51245.57012195122,True,True,25,1,24089,León,1,24,León,7.379826126712654,19.916307994321652,0.2337966727050946,3049481.8399202162,2300028.600908933,3047755.5108437026,2297729.7414410547,3051298.73843447,2303025.2900494924,EPSG:3035
19,30646,29283.182926829268,1362.8170731707323,1362.8170731707323,0.04653923982840399,1.046539239828404,23426.546341463414,51245.57012195122,True,True,24,1,24089,León,1,24,León,24.872410316571813,35.99084518436461,0.24129240199405966,3048485.09599387,2295739.9591287677,3044266.716434192,2292724.281283769,3052244.385293146,2298586.1637006146,EPSG:3035
20,31056,29283.182926829268,1772.8170731707323,1772.8170731707323,0.0605404500460391,1.0605404500460391,23426.546341463414,51245.57012195122,True,True,27,1,24089,León,1,24,León,2.6160321207263744,11.466127696879845,0.2500456985059303,3049957.127593603,2297634.7835232997,3048618.51525654,2296435.9083384937,3051147.5523622306,2298882.3536687065,EPSG:3035
21,31391,29283.182926829268,2107.8170731707323,2107.8170731707323,0.0719804632726434,1.0719804632726433,23426.546341463414,51245.57012195122,True,True,22,1,24115,Ponferrada,1,24,León,60.461414222462366,62.18625706658332,0.19647139542802722,2961584.585367376,2309895.0951866703,2955853.327228524,2303486.5713984347,2967719.6789718624,2316608.3638174115,EPSG:3035
22,28776,29283.182926829268,-507.18292682926767,507.18292682926767,-0.01731993848129762,0.9826800615187024,23426.546341463414,51245.57012195122,True,True,54,51,24002 | 24005 | 24006 | 24017 | 24018 | 24024 | 24028 | 24032 | 24033 | 24042 | 24050 | 24054 | 24058 | 24062 | 24073 | 24074 | 24077 | 24078 | 24081 | 24084 | 24086 | 24088 | 24094 | 24095 | 24097 | 24099 | 24105 | 24107 | 24113 | 24141 | 24149 | 24153 | 24160 | 24168 | 24178 | 24180 | 24181 | 24187 | 24188 | 24190 | 24191 | 24197 | 24203 | 24207 | 24211 | 24212 | 24217 | 24218 | 24221 | 24227 | 24902,"Algadefe | Antigua, La | Ardón | Bercianos del Páramo | Bercianos del Real Camino | Burgo Ranero, El | Cabreros del Río | Campazas | Campo de Villavidel | Castilfalé | Castrotierra de Valmadrigal | Cimanes de la Vega | Corbillos de los Oteros | Cubillas de los Oteros | Fresno de la Vega | Fuentes de Carbajal | Gordaliza del Pino | Gordoncillo | Gusendos de los Oteros | Izagre | Joarilla de las Matas | Laguna de Negrillos | Mansilla Mayor | Mansilla de las Mulas | Matadeón de los Oteros | Matanza | Onzonilla | Pajares de los Oteros | Pobladura de Pelayo García | San Adrián del Valle | San Millán de los Caballeros | Santa Cristina de Valmadrigal | Santas Martas | Toral de los Guzmanes | Valdemora | Valdepolo | Valderas | Valdevimbre | Valencia de Don Juan | Vallecillo | Valverde-Enrique | Vega de Infanzones | Villabraz | Villademor de la Vega | Villamandos | Villamañán | Villamoratiel de las Matas | Villanueva de las Manzanas | Villaornate y Castro | Villaquejida | Villaturiel",1,24,León,2047.454517971303,356.9609648369757,0.20192155103789017,3054684.332222521,2266888.9714164464,3024569.2923166035,2233477.3900106032,3086316.2163491864,2294163.0158298877,EPSG:3035
23,28794,29283.182926829268,-489.18292682926767,489.18292682926767,-0.016705251203450223,0.9832947487965498,23426.546341463414,51245.57012195122,True,True,22,13,24010 | 24015 | 24053 | 24065 | 24082 | 24087 | 24150 | 24157 | 24159 | 24162 | 24176 | 24205 | 24223,"Bañeza, La | Benavides | Cebrones del Río | Chozas de Abajo | Hospital de Órbigo | Laguna Dalga | San Pedro Bercianos | Santa Marina del Rey | Santa María del Páramo | Santovenia de la Valdoncina | Valdefuentes del Páramo | Villadangos del Páramo | Villarejo de Órbigo",1,24,León,483.2307430671687,305.24049201717366,0.06517486352240343,3028254.0419481955,2285452.7004990517,3012753.14324293,2261284.1902813655,3049074.20792363,2304134.3842664333,EPSG:3035
24,28821,29283.182926829268,-462.18292682926767,462.18292682926767,-0.015783220286679132,0.9842167797133209,23426.546341463414,51245.57012195122,True,True,32,20,24023 | 24039 | 24055 | 24070 | 24083 | 24092 | 24093 | 24123 | 24132 | 24133 | 24148 | 24158 | 24169 | 24173 | 24184 | 24189 | 24196 | 24214 | 24219 | 24224,Brazuelo | Carrizo | Cimanes del Tejar | Fabero | Igüeña | Llamas de la Ribera | Magaz de Cepeda | Quintana del Castillo | Riello | Rioseco de Tapia | San Justo de la Vega | Santa María de Ordás | Toreno | Turcia | Valdesamario | Valverde de la Virgen | Vega de Espinareda | Villamejil | Villaobispo de Otero | Villares de Órbigo,1,24,León,1695.8175470194265,565.1618333770466,0.06671804902095467,3007408.140744413,2315554.995223694,2951356.688278434,2285687.2373352735,3044605.6512693996,2347050.9574328074,EPSG:3035
25,29123,29283.182926829268,-160.18292682926767,160.18292682926767,-0.00547013373612839,0.9945298662638716,23426.546341463414,51245.57012195122,True,True,21,11,24021 | 24079 | 24098 | 24151 | 24175 | 24179 | 24193 | 24199 | 24201 | 24222 | 24225,"Boñar | Gradefes | Matallana de Torío | Santa Colomba de Curueño | Valdefresno | Valdepiélago | Vecilla, La | Vegaquemada | Vegas del Condado | Villaquilambre | Villasabariego",1,24,León,1063.9790780340884,225.81978978974485,0.2621917091245381,3068106.1031860407,2310053.893741823,3048476.13482326,2284574.3889212376,3085344.3590386687,2336775.1631313832,EPSG:3035
26,28834,29283.182926829268,-449.18292682926767,449.18292682926767,-0.015339279474900457,0.9846607205250996,23426.546341463414,51245.57012195122,True,True,35,28,24007 | 24009 | 24011 | 24016 | 24022 | 24027 | 24030 | 24034 | 24038 | 24041 | 24043 | 24047 | 24059 | 24067 | 24090 | 24091 | 24103 | 24119 | 24122 | 24125 | 24143 | 24165 | 24171 | 24172 | 24198 | 24206 | 24209 | 24216,Arganza | Balboa | Barjas | Benuza | Borrenes | Cabañas Raras | Cacabelos | Camponaraya | Carracedelo | Carucedo | Castrillo de Cabrera | Castrocontrigo | Corullón | Encinedo | Lucillo | Luyego | Oencia | Priaranza del Bierzo | Puente de Domingo Flórez | Quintana y Congosto | Sancedo | Sobrado | Toral de los Vados | Trabadelo | Truchas | Vega de Valcarce | Villafranca del Bierzo | Villamontán de la Valduerna,1,24,León,2437.203949895146,421.98404360341823,0.17199256705515412,2964654.6016865373,2296980.8012529067,2926544.001458409,2258975.543920397,3012599.2287753094,2343818.228649821,EPSG:3035
27,31292,29283.182926829268,2008.8170731707323,2008.8170731707323,0.06859968324448272,1.0685996832444826,23426.546341463414,51245.57012195122,True,True,25,1,24089,León,1,24,León,4.150891533885186,18.44111986455332,0.15338280217003838,3048144.958721559,2299771.9938663775,3047321.260792411,2296799.3551686453,3049499.689815997,2302997.926632181,EPSG:3035
28,28823,29283.182926829268,-460.18292682926767,460.18292682926767,-0.01571492170025164,0.9842850782997483,23426.546341463414,51245.57012195122,True,True,45,36,24001 | 24004 | 24020 | 24025 | 24031 | 24037 | 24051 | 24052 | 24056 | 24060 | 24063 | 24068 | 24069 | 24076 | 24080 | 24096 | 24106 | 24114 | 24116 | 24118 | 24120 | 24121 | 24129 | 24130 | 24134 | 24137 | 24139 | 24156 | 24163 | 24177 | 24183 | 24194 | 24213 | 24215 | 24226 | 24229,"Acebedo | Almanza | Boca de Huérgano | Burón | Calzada del Coto | Cea | Cebanico | Cistierna | Crémenes | Cubillas de Rueda | Cármenes | Ercina, La | Escobar de Campos | Garrafe de Torío | Grajal de Campos | Maraña | Oseja de Sajambre | Pola de Gordón, La | Posada de Valdeón | Prado de la Guzpeña | Prioro | Puebla de Lillo | Reyero | Riaño | Robla, La | Sabero | Sahagún | Santa María del Monte de Cea | Sariegos | Valdelugueros | Valderrueda | Vegacervera | Villamartín de Don Sancho | Villamol | Villaselán | Villazanzo de Valderaduey",1,24,León,3436.080367715282,616.6052246671351,0.11356873191321691,3087586.5074398085,2315774.34113346,3035327.905631817,2252286.087295356,3125756.197707455,2356884.454832013,EPSG:3035
29,31721,29283.182926829268,2437.8170731707323,2437.8170731707323,0.08324973003317898,1.083249730033179,23426.546341463414,51245.57012195122,True,True,24,1,24115,Ponferrada,1,24,León,222.57528767268494,98.04493002060117,0.290962169056674,2968998.6866482203,2302964.751060654,2960507.5888933735,2290951.248925006,2979406.2522766963,2317677.884518481,EPSG:3035
30,29996,29283.182926829268,712.8170731707323,712.8170731707323,0.024342199239470275,1.0243421992394703,23426.546341463414,51245.57012195122,True,True,19,1,24142,San Andrés del Rabanedo,1,24,León,64.2282019105898,43.129094643466814,0.4339052898313557,3041526.4696438913,2302907.7717461395,3036229.3140463345,2297571.256965883,3048071.813548752,2309438.334730396,EPSG:3035
31,28736,29283.182926829268,-547.1829268292677,547.1829268292677,-0.018685910209847386,0.9813140897901527,23426.546341463414,51245.57012195122,True,True,36,29,24003 | 24008 | 24026 | 24044 | 24046 | 24049 | 24066 | 24071 | 24100 | 24108 | 24117 | 24124 | 24127 | 24131 | 24136 | 24144 | 24146 | 24152 | 24154 | 24155 | 24161 | 24166 | 24170 | 24174 | 24182 | 24185 | 24210 | 24228 | 24230,Alija del Infantado | Astorga | Bustillo del Páramo | Castrillo de la Valduerna | Castrocalbón | Castropodame | Destriana | Folgoso de la Ribera | Molinaseca | Palacios de la Valduerna | Pozuelo del Páramo | Quintana del Marco | Regueras de Arriba | Riego de la Vega | Roperuelos del Páramo | San Cristóbal de la Polantera | San Esteban de Nogales | Santa Colomba de Somoza | Santa Elena de Jamuz | Santa María de la Isla | Santiago Millas | Soto de la Vega | Torre del Bierzo | Urdiales del Páramo | Val de San Lorenzo | Valderrey | Villagatón | Villazala | Zotes del Páramo,1,24,León,1632.001932734301,487.7329238938471,0.08621173522287337,3003902.7004130785,2287008.2511221957,2969653.0337244887,2249646.636936864,3033300.990341892,2322616.678162461,EPSG:3035
32,28924,29283.182926829268,-359.18292682926767,359.18292682926767,-0.012265843085663482,0.9877341569143365,23426.546341463414,51245.57012195122,True,True,33,20,24012 | 24014 | 24019 | 24029 | 24036 | 24040 | 24057 | 24061 | 24064 | 24101 | 24102 | 24104 | 24109 | 24110 | 24112 | 24145 | 24164 | 24167 | 24202 | 24901,"Barrios de Luna, Los | Bembibre | Berlanga del Bierzo | Cabrillanes | Carrocera | Congosto | Cuadros | Cubillos del Sil | Murias de Paredes | Noceda del Bierzo | Omañas, Las | Palacios del Sil | Peranzanes | Páramo del Sil | San Emiliano | Sena de Luna | Soto y Amío | Valle de Ancares | Villablino | Villamanín",1,24,León,2390.906009370813,621.6006814122416,0.07775877387115596,3004831.195549923,2337844.7934594797,2951500.561555447,2305548.6339113237,3053983.308543957,2361962.1851034868,EPSG:3035
33,27499,29283.182926829268,-1784.1829268292677,1784.1829268292677,-0.06092858591524893,0.939071414084751,23426.546341463414,51245.57012195122,True,True,20,1,34120,Palencia,1,34,Palencia,13.12923039721409,21.530100745466864,0.35592378367517064,3121133.465756793,2219498.99789068,3119136.1959251272,2216707.947610072,3123253.0550229847,2223708.9176220144,EPSG:3035
34,27860,29283.182926829268,-1423.1829268292677,1423.1829268292677,-0.048600691065087284,0.9513993089349128,23426.546341463414,51245.57012195122,True,True,23,1,34120,Palencia,1,34,Palencia,9.049367779278391,17.423636255049658,0.37458511099462344,3123156.9286284302,2215479.958619159,3121396.206039395,2212994.749438662,3125356.770417355,2217467.0516755017,EPSG:3035
35,25848,29283.182926829268,-3435.1829268292677,3435.1829268292677,-0.11730906901114056,0.8826909309888594,23426.546341463414,51245.57012195122,True,True,28,12,34001 | 34010 | 34031 | 34033 | 34048 | 34053 | 34069 | 34106 | 34120 | 34167 | 34184 | 34240,Abarca de Campos | Ampudia | Belmonte de Campos | Boada de Campos | Castil de Vela | Castromocho | Dueñas | Meneses de Campos | Palencia | Santa Cecilia del Alcor | Torremormojón | Villerías de Campos,1,34,Palencia,547.644278653555,197.363063907749,0.17667563530316904,3103816.388250133,2211666.354184119,3081375.17992409,2195792.481887525,3123184.6052003764,2228424.5787803424,EPSG:3035
36,25818,29283.182926829268,-3465.1829268292677,3465.1829268292677,-0.11833354780755288,0.8816664521924471,23426.546341463414,51245.57012195122,True,True,106,99,34003 | 34009 | 34011 | 34015 | 34020 | 34025 | 34027 | 34028 | 34034 | 34035 | 34037 | 34038 | 34039 | 34041 | 34042 | 34046 | 34049 | 34052 | 34055 | 34056 | 34059 | 34061 | 34062 | 34067 | 34068 | 34071 | 34073 | 34080 | 34091 | 34093 | 34094 | 34096 | 34100 | 34101 | 34107 | 34109 | 34110 | 34112 | 34113 | 34114 | 34122 | 34124 | 34126 | 34129 | 34130 | 34131 | 34132 | 34134 | 34136 | 34137 | 34139 | 34140 | 34143 | 34147 | 34149 | 34151 | 34152 | 34154 | 34156 | 34157 | 34158 | 34160 | 34161 | 34163 | 34165 | 34168 | 34169 | 34170 | 34171 | 34175 | 34176 | 34179 | 34180 | 34185 | 34190 | 34192 | 34199 | 34202 | 34204 | 34208 | 34211 | 34214 | 34215 | 34218 | 34222 | 34223 | 34224 | 34227 | 34228 | 34229 | 34230 | 34231 | 34233 | 34234 | 34236 | 34245 | 34246 | 34903 | 34904,"Abia de las Torres | Amayuelas de Arriba | Amusco | Arconada | Ayuela | Barruelo de Santullán | Boadilla de Rioseco | Boadilla del Camino | Buenavista de Valdavia | Bustillo de la Vega | Bustillo del Páramo de Carrión | Bárcena de Campos | Báscones de Ojeda | Calahorra de Boedo | Calzada de los Molinos | Cardeñosa de Volpejera | Castrejón de la Peña | Castrillo de Villavega | Cervatos de la Cueza | Cervera de Pisuerga | Cisneros | Collazos de Boedo | Congosto de Valdavia | Dehesa de Montejo | Dehesa de Romanos | Espinosa de Villagonzalo | Fresno del Río | Guardo | Lagartos | Ledigos | Loma de Ucieza | Lomas | Mantinos | Marcilla de Campos | Micieces de Ojeda | Moratinos | Mudá | Nogal de las Huertas | Olea de Boedo | Olmos de Ojeda | Payo de Ojeda | Pedrosa de la Vega | Pernía, La | Pino del Río | Piña de Campos | Población de Arroyo | Población de Campos | Polentinos | Poza de la Vega | Pozo de Urama | Prádanos de Ojeda | Puebla de Valdavia, La | Páramo de Boedo | Quintanilla de Onsoña | Renedo de la Vega | Requena de Campos | Respenda de la Peña | Revenga de Campos | Revilla de Collazos | Riberos de la Cueza | Saldaña | Salinas de Pisuerga | San Cebrián de Mudá | San Cristóbal de Boedo | San Mamés de Campos | San Román de la Cuba | Santa Cruz de Boedo | Santervás de la Vega | Santibáñez de Ecla | Santibáñez de la Peña | Serna, La | Sotobañado y Priorato | Tabanera de Valdavia | Triollo | Támara de Campos | Valde-Ucieza | Valderrábano | Velilla del Río Carrión | Vid de Ojeda, La | Villabasta de Valdavia | Villacidaler | Villaeles de Valdavia | Villaherreros | Villalba de Guardo | Villalcázar de Sirga | Villaluenga de la Vega | Villameriel | Villamoronta | Villamuera de la Cueza | Villanueva del Rebollar | Villanuño de Valdavia | Villaprovedo | Villarmentero de Campos | Villarrabé | Villasarracino | Villasila de Valdavia | Villaturde | Villota del Páramo | Villovieco",1,34,Palencia,3978.054832117254,592.25282521243,0.14251689334164064,3125678.090526889,2283286.46301207,3083989.0571319982,2222816.523814331,3161557.5616691867,2330499.1285679056,EPSG:3035
37,25837,29283.182926829268,-3446.1829268292677,3446.1829268292677,-0.11768471123649175,0.8823152887635083,23426.546341463414,51245.57012195122,True,True,34,25,34018 | 34019 | 34023 | 34024 | 34045 | 34072 | 34076 | 34077 | 34079 | 34081 | 34088 | 34098 | 34102 | 34103 | 34123 | 34125 | 34146 | 34206 | 34216 | 34217 | 34220 | 34225 | 34232 | 34237 | 34902,Autilla del Pino | Autillo de Campos | Baquerín de Campos | Capillas | Frechilla | Fuentes de Nava | Fuentes de Valdepero | Grijota | Guaza de Campos | Husillos | Magaz de Pisuerga | Mazariegos | Mazuecos de Valdeginate | Paredes de Nava | Pedraza de Campos | Reinoso de Cerrato | Valle del Retortillo | Venta de Baños | Villada | Villalcón | Villalobón | Villamartín de Campos | Villamuriel de Cerrato | Villarramiel | Villaumbrales,1,34,Palencia,912.2685108723407,345.1177248703105,0.09624939734930422,3108592.440013476,2229059.328704823,3086695.899678611,2204632.885386695,3135908.865351593,2257761.7838218813,EPSG:3035
38,25840,29283.182926829268,-3443.1829268292677,3443.1829268292677,-0.11758226335685051,0.8824177366431495,23426.546341463414,51245.57012195122,True,True,62,55,34004 | 34005 | 34006 | 34012 | 34017 | 34022 | 34029 | 34032 | 34036 | 34047 | 34050 | 34051 | 34057 | 34058 | 34060 | 34063 | 34066 | 34070 | 34074 | 34082 | 34083 | 34084 | 34086 | 34087 | 34089 | 34092 | 34099 | 34104 | 34108 | 34116 | 34121 | 34127 | 34133 | 34135 | 34141 | 34155 | 34159 | 34174 | 34177 | 34178 | 34181 | 34182 | 34186 | 34189 | 34196 | 34201 | 34205 | 34210 | 34213 | 34221 | 34238 | 34241 | 34242 | 34243 | 34901,Aguilar de Campoo | Alar del Rey | Alba de Cerrato | Antigüedad | Astudillo | Baltanás | Becerril de Campos | Berzosilla | Brañosera | Carrión de los Condes | Castrillo de Don Juan | Castrillo de Onielo | Cevico Navero | Cevico de la Torre | Cobos de Cerrato | Cordovilla la Real | Cubillas de Cerrato | Espinosa de Cerrato | Frómista | Herrera de Pisuerga | Herrera de Valdecañas | Hontoria de Cerrato | Hornillos de Cerrato | Hérmedes de Cerrato | Itero de la Vega | Lantadilla | Manquillos | Melgar de Yuso | Monzón de Campos | Osornillo | Osorno la Mayor | Palenzuela | Perales | Población de Cerrato | Pomar de Valdivia | Quintana del Puente | Ribas de Campos | San Cebrián de Campos | Santoyo | Soto de Cerrato | Tabanera de Cerrato | Tariego de Cerrato | Torquemada | Valbuena de Pisuerga | Valdeolmillos | Valle de Cerrato | Vertavillo | Villaconancio | Villahán | Villalaco | Villamediana | Villaviudas | Villodre | Villodrigo | Villoldo,1,34,Palencia,2591.9512915712507,883.3853419820116,0.041738450522130904,3144103.8540363307,2233858.732397993,3108009.0301863635,2182693.7391074263,3180215.9860488838,2320620.2378262253,EPSG:3035
39,29128,29283.182926829268,-155.18292682926767,155.18292682926767,-0.005299387270059669,0.9947006127299404,23426.546341463414,51245.57012195122,True,True,22,1,37274,Salamanca,1,37,Salamanca,4.090257731427721,11.745973538760955,0.3725482279399489,3009405.342459335,2122572.272402644,3007496.7809157292,2121714.039239476,3010826.664833813,2124029.7262451146,EPSG:3035
40,29635,29283.182926829268,351.81707317073233,351.81707317073233,0.012014304389308627,1.0120143043893086,23426.546341463414,51245.57012195122,True,True,27,1,37274,Salamanca,1,37,Salamanca,4.412259501380687,18.074830059482846,0.16971587422206189,3008228.2867106334,2121448.6409225767,3005669.669096001,2119794.3716321737,3010761.976092415,2122799.032838948,EPSG:3035
41,29084,29283.182926829268,-199.18292682926767,199.18292682926767,-0.0068019561714644135,0.9931980438285356,23426.546341463414,51245.57012195122,True,True,27,1,37274,Salamanca,1,37,Salamanca,1.5130616548777147,13.186326079363546,0.10935002008740588,3007974.7056065807,2122811.5755981696,3006292.1209471878,2121948.122555963,3009206.1849278896,2123960.4677679874,EPSG:3035
42,28557,29283.182926829268,-726.1829268292677,726.1829268292677,-0.024798633695107593,0.9752013663048924,23426.546341463414,51245.57012195122,True,True,20,1,37274,Salamanca,1,37,Salamanca,4.817312566102032,13.395390868651814,0.33736801734068783,3007376.788429295,2123707.8622499965,3005763.674970587,2122132.4682395356,3009170.2451470206,2124860.246950209,EPSG:3035
43,30441,29283.182926829268,1157.8170731707323,1157.8170731707323,0.039538634719586435,1.0395386347195865,23426.546341463414,51245.57012195122,True,True,84,72,37003 | 37009 | 37014 | 37026 | 37042 | 37044 | 37049 | 37052 | 37054 | 37055 | 37056 | 37058 | 37065 | 37068 | 37088 | 37091 | 37096 | 37097 | 37100 | 37101 | 37106 | 37107 | 37113 | 37115 | 37123 | 37132 | 37136 | 37137 | 37145 | 37154 | 37160 | 37173 | 37177 | 37184 | 37190 | 37191 | 37204 | 37208 | 37211 | 37223 | 37243 | 37250 | 37257 | 37264 | 37266 | 37267 | 37272 | 37275 | 37280 | 37289 | 37302 | 37304 | 37311 | 37316 | 37321 | 37337 | 37340 | 37344 | 37346 | 37349 | 37350 | 37356 | 37359 | 37360 | 37361 | 37363 | 37364 | 37367 | 37373 | 37376 | 37377 | 37381,"Ahigal de los Aceiteros | Alba de Yeltes | Aldeadávila de la Ribera | Aldehuela de Yeltes | Barceo | Barruecopardo | Bermellar | Boada | Bodón, El | Bogajo | Bouza, La | Brincones | Cabeza del Caballo | Cabrillas | Carrascal del Obispo | Casillas de Flores | Castillejo de Martín Viejo | Castraz | Cerezal de Peñahorcada | Cerralbo | Cipérez | Ciudad Rodrigo | Cubo de Don Sancho, El | Dios le Guarde | Encinasola de los Comendadores | Fregeneda, La | Fuenteguinaldo | Fuenteliante | Gallegos de Argañán | Guadramiro | Hinojosa de Duero | Lumbrales | Masueco | Maíllo, El | Mieza | Milano, El | Morasverdes | Moronta | Narros de Matalayegua | Olmedo de Camaces | Pereña de la Ribera | Peña, La | Pozos de Hinojo | Puerto Seguro | Redonda, La | Retortillo | Saelices el Chico | Saldeana | San Muñoz | Sanchón de la Ribera | Saucelle | Sepulcro-Hilario | Sobradillo | Tamames | Tenebrón | Valderrodrigo | Valsalabroso | Vecinos | Veguillas, Las | Villar de Argañán | Villar de Peralonso | Villar de Samaniego | Villar de la Yegua | Villares de Yeltes | Villarino de los Aires | Villasbuenas | Villavieja de Yeltes | Vilvestre | Vitigudino | Vídola, La | Yecla de Yeltes | Zarza de Pumareda, La",1,37,Salamanca,3463.3750667161394,906.9348922016383,0.052912364427954155,2937998.942484445,2124201.8823943185,2900261.1532951044,2072120.3329461063,2992852.858116143,2172120.9696382917,EPSG:3035
44,30497,29283.182926829268,1213.8170731707323,1213.8170731707323,0.04145099513955611,1.041450995139556,23426.546341463414,51245.57012195122,True,True,77,64,37013 | 37024 | 37035 | 37036 | 37046 | 37063 | 37071 | 37078 | 37080 | 37102 | 37103 | 37109 | 37112 | 37124 | 37133 | 37134 | 37138 | 37139 | 37146 | 37147 | 37155 | 37156 | 37158 | 37161 | 37162 | 37163 | 37168 | 37171 | 37172 | 37188 | 37193 | 37195 | 37200 | 37201 | 37212 | 37213 | 37217 | 37218 | 37242 | 37244 | 37251 | 37252 | 37259 | 37261 | 37263 | 37277 | 37282 | 37284 | 37287 | 37297 | 37298 | 37300 | 37312 | 37313 | 37315 | 37319 | 37331 | 37332 | 37333 | 37334 | 37339 | 37341 | 37343 | 37355,"Aldeacipreste | Aldeavieja de Tormes | Armenteros | Béjar | Cabeza de Béjar, La | Calzada de Béjar, La | Candelario | Cantagallo | Cerro, El | Cespedosa de Tormes | Colmenar de Montemayor | Cristóbal | Endrinal | Fresnedoso | Fresno Alhándiga | Fuenterroble de Salvatierra | Fuentes de Béjar | Gallegos de Solmirón | Garcibuey | Guijo de Ávila | Guijuelo | Herguijuela de la Sierra | Horcajo Medianero | Horcajo de Montemayor | Hoya, La | Lagunilla | Ledrada | Linares de Riofrío | Maya, La | Miranda del Castañar | Molinillo | Montejo | Montemayor del Río | Nava de Béjar | Navacarros | Navalmoral de Béjar | Navamorales | Pelayos | Peromingo | Peñacaballera | Pinedas | Puebla de San Medel | Puente del Congosto | Puerto de Béjar | Salvatierra de Tormes | San Esteban de la Sierra | San Miguel de Valero | San Miguel del Robledo | Sanchotello | Santibáñez de Béjar | Santibáñez de la Sierra | Santos, Los | Sorihuela | Sotoserrano | Tala, La | Tejado, El | Valdefuentes de Sangusín | Valdehijaderos | Valdelacasa | Valdelageve | Valero | Vallejera de Riofrío | Valverde de Valdelacasa | Villanueva del Conde",1,37,Salamanca,1476.4065992349524,390.6908617379844,0.1215484249039471,2989057.352225104,2071818.3344142875,2957117.5148777273,2049055.9843383925,3023802.519444489,2095621.4960631174,EPSG:3035
45,30506,29283.182926829268,1222.8170731707323,1222.8170731707323,0.0417583387784798,1.04175833877848,23426.546341463414,51245.57012195122,True,True,33,22,37016 | 37017 | 37033 | 37067 | 37073 | 37092 | 37130 | 37185 | 37202 | 37207 | 37222 | 37225 | 37229 | 37238 | 37278 | 37294 | 37318 | 37323 | 37335 | 37338 | 37347 | 37372,"Aldealengua | Aldeanueva de Figueroa | Arcediano | Cabrerizos | Calzada de Valdunciel | Castellanos de Moriscos | Castellanos de Villiquera | Forfoleda | Monterrubio de Armuña | Moriscos | Negrilla de Palencia | Pajares de la Laguna | Palencia de Negrilla | Pedrosillo el Ralo | San Cristóbal de la Cuesta | Santa Marta de Tormes | Tardáguila | Topas | Valdelosa | Valdunciel | Vellés, La | Villaverde de Guareña",1,37,Salamanca,552.8949379360324,175.70907626090946,0.2250422631129584,3012274.390414037,2138201.243610118,2996150.1793211084,2116373.7803310566,3026967.8439526446,2152898.676576418,EPSG:3035
46,29179,29283.182926829268,-104.18292682926767,104.18292682926767,-0.0035577733161587166,0.9964422266838413,23426.546341463414,51245.57012195122,True,True,21,1,37274,Salamanca,1,37,Salamanca,24.65774919155378,41.09371924908778,0.1834899979383205,3004452.538067336,2121083.439870155,3001141.580678045,2116593.412243549,3008746.693533414,2124168.508462538,EPSG:3035
47,30437,29283.182926829268,1153.8170731707323,1153.8170731707323,0.03940203754673145,1.0394020375467314,23426.546341463414,51245.57012195122,True,True,53,46,37002 | 37005 | 37006 | 37010 | 37011 | 37015 | 37023 | 37025 | 37027 | 37037 | 37039 | 37074 | 37086 | 37087 | 37098 | 37119 | 37127 | 37135 | 37140 | 37157 | 37166 | 37176 | 37181 | 37183 | 37187 | 37196 | 37199 | 37221 | 37233 | 37234 | 37245 | 37253 | 37258 | 37269 | 37279 | 37285 | 37303 | 37306 | 37307 | 37342 | 37354 | 37357 | 37362 | 37371 | 37378 | 37380,"Agallas | Alameda de Gardón, La | Alamedilla, La | Alberca, La | Alberguería de Argañán, La | Aldea del Obispo | Aldeatejada | Aldehuela de la Bóveda | Almenara de Tormes | Atalaya, La | Bañobárez | Campillo de Azaba | Carpio de Azaba | Carrascal de Barregas | Cepeda | Encina, La | Espeja | Fuente de San Esteban, La | Fuentes de Oñoro | Herguijuela de Ciudad Rodrigo | Ituero de Azaba | Madroñal | Martiago | Martín de Yeltes | Matilla de los Caños del Río | Monforte de la Sierra | Monsagro | Navasfrías | Pastores | Payo, El | Peñaparda | Pino de Tormes, El | Puebla de Azaba | Robleda | Sahugo, El | San Felices de los Gallegos | Sancti-Spíritus | Serradilla del Arroyo | Serradilla del Llano | Valverdón | Villamayor | Villar de Ciervo | Villares de la Reina | Villasrubias | Zamarra | Zarapicos",1,37,Salamanca,2120.9059539892587,974.074928086014,0.02808966405121242,2936395.8977324315,2096879.6041140032,2892676.5934747,2061742.1605876554,3012446.4142624084,2138923.707128387,EPSG:3035
48,30535,29283.182926829268,1251.8170731707323,1251.8170731707323,0.042748668281678386,1.0427486682816784,23426.546341463414,51245.57012195122,True,True,66,62,37007 | 37012 | 37020 | 37022 | 37029 | 37031 | 37038 | 37047 | 37057 | 37062 | 37069 | 37070 | 37077 | 37081 | 37082 | 37083 | 37108 | 37110 | 37114 | 37121 | 37122 | 37128 | 37141 | 37143 | 37144 | 37148 | 37152 | 37164 | 37169 | 37174 | 37175 | 37178 | 37179 | 37206 | 37215 | 37224 | 37228 | 37231 | 37232 | 37235 | 37237 | 37239 | 37240 | 37246 | 37247 | 37254 | 37256 | 37265 | 37276 | 37288 | 37296 | 37310 | 37317 | 37322 | 37324 | 37348 | 37351 | 37352 | 37358 | 37374 | 37375 | 37382,"Alaraz | Alconada | Aldearrubia | Aldeaseca de la Frontera | Anaya de Alba | Arabayona de Mógica | Babilafuente | Beleña | Bóveda del Río Almar | Cabezabellosa de la Calzada | Calvarrasa de Abajo | Calvarrasa de Arriba | Campo de Peñaranda, El | Cantalapiedra | Cantalpino | Cantaracillo | Chagarcía Medianero | Coca de Alba | Cordovilla | Encinas de Abajo | Encinas de Arriba | Espino de la Orbada | Gajates | Galinduste | Galisancho | Garcihernández | Gomecello | Huerta | Larrodrigo | Machacón | Macotera | Malpartida | Mancera de Abajo | Moríñigo | Nava de Sotrobal | Orbada, La | Palaciosrubios | Parada de Rubiales | Paradinas de San Juan | Pedraza de Alba | Pedrosillo de los Aires | Pedroso de la Armuña, El | Pelabravo | Peñaranda de Bracamonte | Peñarandilla | Pitiegua | Poveda de las Cintas | Rágama | Salmoral | San Morales | Santiago de la Puebla | Sieteiglesias de Tormes | Tarazona de Guareña | Terradillos | Tordillos | Ventosa del Río Almar | Villaflores | Villagonzalo de Tormes | Villar de Gallimazo | Villoria | Villoruela | Zorita de la Frontera",1,37,Salamanca,1777.2592727351794,445.12678677175654,0.11271797886509984,3030444.491971405,2111898.746585883,2992679.5286704283,2080468.434181641,3055310.6171363536,2141921.078190246,EPSG:3035
49,30447,29283.182926829268,1163.8170731707323,1163.8170731707323,0.039743530478868895,1.039743530478869,23426.546341463414,51245.57012195122,True,True,100,95,37001 | 37004 | 37008 | 37018 | 37019 | 37021 | 37028 | 37030 | 37032 | 37034 | 37040 | 37041 | 37045 | 37050 | 37051 | 37059 | 37060 | 37061 | 37072 | 37079 | 37085 | 37089 | 37090 | 37099 | 37104 | 37116 | 37117 | 37118 | 37120 | 37125 | 37126 | 37129 | 37131 | 37142 | 37149 | 37150 | 37151 | 37159 | 37165 | 37167 | 37170 | 37180 | 37182 | 37186 | 37189 | 37192 | 37194 | 37197 | 37198 | 37203 | 37205 | 37209 | 37214 | 37216 | 37219 | 37226 | 37230 | 37236 | 37241 | 37248 | 37249 | 37255 | 37260 | 37262 | 37268 | 37270 | 37271 | 37273 | 37281 | 37283 | 37286 | 37290 | 37291 | 37292 | 37293 | 37299 | 37301 | 37305 | 37309 | 37314 | 37320 | 37325 | 37327 | 37328 | 37329 | 37330 | 37336 | 37345 | 37353 | 37365 | 37366 | 37368 | 37369 | 37370 | 37379,"Abusejo | Ahigal de Villarino | Alba de Tormes | Aldeanueva de la Sierra | Aldearrodrigo | Aldeaseca de Alba | Almendra | Arapiles | Arco, El | Añover de Tormes | Barbadillo | Barbalos | Bastida, La | Berrocal de Huebra | Berrocal de Salvatierra | Buenamadre | Buenavista | Cabaco, El | Calzada de Don Diego | Canillas de Abajo | Carbajosa de la Sagrada | Casafranca | Casas del Conde, Las | Cereceda de la Sierra | Cilleros de la Bastida | Doñinos de Ledesma | Doñinos de Salamanca | Encina de San Silvestre | Escurial de la Sierra | Espadaña | Florida de Liébana | Frades de la Sierra | Galindo y Perahuy | Garcirrey | Gejuelo del Barro | Golpejas | Herguijuela del Campo | Iruelos | Juzbado | Ledesma | Manzano, El | Martinamor | Mata de Ledesma, La | Membribe de la Sierra | Miranda de Azán | Mogarraz | Monleras | Monleón | Monterrubio de la Sierra | Morille | Mozárbez | Nava de Francia | Navales | Navarredonda de la Rinconada | Palacios del Arzobispo | Parada de Arriba | Pedrosillo de Alba | Pelarrodríguez | Peralejos de Abajo | Peralejos de Arriba | Pizarral | Puebla de Yeltes | Puertas | Rinconada de la Sierra, La | Robliza de Cojos | Rollán | Sagrada, La | San Martín del Castañar | San Pedro de Rozados | San Pedro del Valle | San Pelayo de Guareña | Sanchón de la Sagrada | Sando | Santa María de Sando | Santiz | Sardón de los Frailes | Sequeros | Sierpe, La | Tabera de Abajo | Tejeda y Segoyuela | Tornadizo, El | Torresmenudas | Trabanca | Tremedal de Tormes | Valdecarros | Valdemierque | Vega de Tirados | Villalba de los Llanos | Villarmayor | Villarmuerto | Villasdardo | Villaseco de los Gamitos | Villaseco de los Reyes | Zamayón | Éjeme",1,37,Salamanca,2918.574344422058,981.9628918174034,0.03803561757137762,2980192.1562202284,2121479.2415352412,2947550.270096246,2076499.5316567477,3029397.3797696736,2169417.523811784,EPSG:3035
50,27134,29283.182926829268,-2149.1829268292677,2149.1829268292677,-0.07339307793826555,0.9266069220617345,23426.546341463414,51245.57012195122,True,True,22,1,40194,Segovia,1,40,Segovia,3.323363336444919,12.244854769430463,0.27853540795406057,3135304.5605736994,2093116.176355855,3134173.479820493,2091687.9719374047,3136288.2769158985,2094629.3070454746,EPSG:3035
51,32792,29283.182926829268,3508.8170731707323,3508.8170731707323,0.11982362306509899,1.119823623065099,23426.546341463414,51245.57012195122,True,True,31,10,40001 | 40111 | 40131 | 40181 | 40194 | 40211 | 40223 | 40901 | 40903 | 40904,Abades | Lastras del Pozo | Marazoleja | Monterrubio | Navas de Riofrío | Ortigosa del Monte | Real Sitio de San Ildefonso | Segovia | Valdeprados | Vegas de Matute,1,40,Segovia,493.190373019749,231.7421537652473,0.115402276717677,3128946.194888763,2086938.6349576714,3108233.7584167495,2074273.0893396696,3148229.28187692,2101088.524247382,EPSG:3035
52,32771,29283.182926829268,3487.8170731707323,3487.8170731707323,0.11910648790761036,1.1191064879076105,23426.546341463414,51245.57012195122,True,True,103,98,40002 | 40005 | 40006 | 40007 | 40008 | 40009 | 40014 | 40016 | 40019 | 40020 | 40021 | 40024 | 40025 | 40026 | 40029 | 40031 | 40032 | 40033 | 40034 | 40035 | 40039 | 40044 | 40045 | 40046 | 40047 | 40048 | 40049 | 40051 | 40052 | 40053 | 40054 | 40055 | 40059 | 40060 | 40061 | 40062 | 40070 | 40071 | 40077 | 40079 | 40080 | 40088 | 40091 | 40093 | 40097 | 40099 | 40109 | 40112 | 40115 | 40123 | 40125 | 40130 | 40132 | 40136 | 40139 | 40140 | 40142 | 40143 | 40144 | 40150 | 40154 | 40155 | 40156 | 40157 | 40161 | 40162 | 40163 | 40165 | 40168 | 40170 | 40171 | 40172 | 40183 | 40184 | 40186 | 40188 | 40190 | 40191 | 40193 | 40196 | 40198 | 40199 | 40202 | 40203 | 40206 | 40207 | 40210 | 40212 | 40213 | 40214 | 40215 | 40218 | 40220 | 40221 | 40222 | 40224 | 40229 | 40906,"Adrada de Pirón | Alconada de Maderuelo | Aldealcorvo | Aldealengua de Pedraza | Aldealengua de Santa María | Aldeanueva de la Serrezuela | Aldehorno | Aldeonte | Arahuetes | Arcones | Arevalillo de Cega | Ayllón | Barbolla | Basardilla | Bercimuel | Bernuy de Porreros | Boceguillas | Brieva | Caballar | Cabañas de Polendos | Campo de San Pedro | Carabias | Carrascal del Río | Casla | Castillejo de Mesleón | Castro de Fuentidueña | Castrojimeno | Castroserna de Abajo | Castroserracín | Cedillo de la Torre | Cerezo de Abajo | Cerezo de Arriba | Cilleruelo de San Mamés | Collado Hermoso | Condado de Castilnovo | Corral de Ayllón | Cubillo | Duruelo | Encinas | Espirdo | Fresno de Cantespino | Fresno de la Fuente | Fuenterrebollo | Fuentesoto | Gallegos | Grajera | Honrubia de la Cuesta | Languilla | Lastrilla, La | Maderuelo | Matabuena | Matilla, La | Montejo de la Vega de la Serrezuela | Moral de Hornuez | Muñoveros | Navafría | Navalilla | Navares de Ayuso | Navares de Enmedio | Navares de las Cuevas | Orejana | Pajarejos | Palazuelos de Eresma | Pedraza | Pelayos del Arroyo | Prádena | Puebla de Pedraza | Rebollo | Riaguas de San Bartolomé | Riaza | Ribota | Riofrío de Riaza | San Cristóbal de Segovia | San Miguel de Bernuy | San Pedro de Gaíllos | Santa Marta del Cerro | Santiuste de Pedraza | Santo Domingo de Pirón | Santo Tomé del Puerto | Sebúlcor | Sequera de Fresno | Sotillo | Sotosalbos | Torre Val de San Pedro | Torreadrada | Torrecaballeros | Trescasas | Urueñas | Valdevacas de Montejo | Valdevacas y Guijar | Valle de Tabladillo | Valleruela de Pedraza | Valleruela de Sepúlveda | Valseca | Valtiendas | Veganzones | Ventosilla y Tejadilla | Villaverde de Montejo",1,40,Segovia,2532.0044985362765,601.9807786240974,0.08780294609409418,3174141.5060690125,2123030.2705688053,3127453.90349792,2086567.994543436,3216775.609909122,2155329.7767664166,EPSG:3035
53,32776,29283.182926829268,3492.8170731707323,3492.8170731707323,0.11927723437367908,1.119277234373679,23426.546341463414,51245.57012195122,True,True,78,71,40003 | 40010 | 40012 | 40013 | 40015 | 40017 | 40018 | 40022 | 40028 | 40041 | 40057 | 40058 | 40063 | 40065 | 40069 | 40072 | 40074 | 40075 | 40078 | 40081 | 40082 | 40083 | 40084 | 40087 | 40089 | 40094 | 40095 | 40100 | 40101 | 40103 | 40105 | 40106 | 40108 | 40110 | 40118 | 40119 | 40120 | 40121 | 40122 | 40124 | 40126 | 40127 | 40129 | 40145 | 40148 | 40149 | 40158 | 40159 | 40160 | 40164 | 40166 | 40173 | 40176 | 40177 | 40178 | 40179 | 40180 | 40182 | 40189 | 40192 | 40200 | 40201 | 40204 | 40205 | 40216 | 40219 | 40228 | 40230 | 40231 | 40234 | 40902,"Adrados | Aldea Real | Aldeanueva del Codonal | Aldeasoña | Aldehuela del Codonal | Anaya | Armuña | Añe | Bercial | Cantimpalos | Chañe | Coca | Codorniz | Cozuelos de Fuentidueña | Cuéllar | Donhierro | Encinillas | Escarabajosa de Cabezas | Escobar de Polendos | Fresneda de Cuéllar | Frumales | Fuente de Santa Cruz | Fuente el Olmo de Fuentidueña | Fuente el Olmo de Íscar | Fuentepiñel | Fuentesaúco de Fuentidueña | Garcillán | Gomezserracín | Hontalbilla | Hontanares de Eresma | Huertos, Los | Juarros de Riomoros | Juarros de Voltoya | Laguna de Contreras | Lastras de Cuéllar | Marazuela | Martín Miguel | Martín Muñoz de la Dehesa | Martín Muñoz de las Posadas | Marugán | Mata de Cuéllar | Melque de Cercos | Membibre de la Hoz | Montejo de Arévalo | Navas de Oro | Nieva | Olombrada | Perosillo | Pinarejos | Pinarnegrillo | Rapariegos | Remondo | Roda de Eresma | Samboal | San Cristóbal de Cuéllar | San Cristóbal de la Vega | San Martín y Mudrián | Sanchonuño | Sangarcía | Santiuste de San Juan Bautista | Sauquillo de Cabezas | Tabanera la Luenga | Tolocirio | Torrecilla del Pinar | Torreiglesias | Vallelado | Valverde del Majano | Villaverde de Íscar | Villeguillo | Yanguas de Eresma | Zarzuela del Pinar",1,40,Segovia,2079.660126071918,655.9965891915069,0.060729410642756575,3121985.3561670333,2126321.6289537805,3087622.953228153,2088371.1331753514,3156852.481882967,2155110.8604329457,EPSG:3035
54,32778,29283.182926829268,3494.8170731707323,3494.8170731707323,0.11934553296010657,1.1193455329601065,23426.546341463414,51245.57012195122,True,True,42,30,40004 | 40030 | 40036 | 40037 | 40040 | 40043 | 40056 | 40068 | 40073 | 40076 | 40086 | 40092 | 40104 | 40107 | 40113 | 40128 | 40134 | 40135 | 40138 | 40141 | 40146 | 40151 | 40152 | 40174 | 40185 | 40195 | 40208 | 40225 | 40233 | 40905,"Aguilafuente | Bernardos | Cabezuela | Calabazas de Fuentidueña | Cantalejo | Carbonero el Mayor | Cobos de Fuentidueña | Cuevas de Provanco | Domingo García | Escalona del Prado | Espinar, El | Fuentepelayo | Fuentidueña | Ituero y Lama | Labajos | Losa, La | Migueláñez | Mozoncillo | Muñopedro | Nava de la Asunción | Navalmanzano | Navas de San Antonio | Ortigosa de Pestaño | Otero de Herreros | Sacramenia | Santa María la Real de Nieva | Sepúlveda | Turégano | Villacastín | Zarzuela del Monte",1,40,Segovia,1687.1818761332086,768.1503036104144,0.03593183133779887,3129393.2227867558,2107216.350929396,3096112.124958215,2063764.9452193412,3179129.5607079566,2161630.4038641257,EPSG:3035
55,29364,29283.182926829268,80.81707317073233,80.81707317073233,0.002759845928383956,1.002759845928384,23426.546341463414,51245.57012195122,True,True,18,1,42173,Soria,1,42,Soria,66.36134867710349,70.72852678919587,0.1667000934528432,3294059.2644190216,2155119.493871698,3281131.3409299795,2142447.127176469,3330103.7327538836,2163183.1200698833,EPSG:3035
56,30409,29283.182926829268,1125.8170731707323,1125.8170731707323,0.03844585733674662,1.0384458573367465,23426.546341463414,51245.57012195122,True,True,104,95,42001 | 42006 | 42007 | 42010 | 42011 | 42012 | 42013 | 42014 | 42019 | 42022 | 42027 | 42028 | 42036 | 42042 | 42045 | 42046 | 42052 | 42053 | 42054 | 42055 | 42056 | 42058 | 42060 | 42061 | 42062 | 42065 | 42069 | 42070 | 42078 | 42080 | 42081 | 42082 | 42084 | 42085 | 42086 | 42087 | 42089 | 42092 | 42093 | 42094 | 42097 | 42098 | 42100 | 42103 | 42105 | 42106 | 42107 | 42116 | 42117 | 42120 | 42121 | 42124 | 42125 | 42127 | 42128 | 42129 | 42135 | 42139 | 42141 | 42142 | 42144 | 42149 | 42151 | 42152 | 42159 | 42160 | 42161 | 42162 | 42163 | 42164 | 42165 | 42166 | 42168 | 42173 | 42174 | 42175 | 42176 | 42185 | 42188 | 42190 | 42191 | 42192 | 42193 | 42196 | 42198 | 42201 | 42205 | 42206 | 42207 | 42208 | 42209 | 42211 | 42215 | 42216 | 42218,"Abejar | Alconaba | Alcubilla de Avellaneda | Aldealices | Aldealpozo | Aldealseñor | Aldehuela de Periáñez | Aldehuelas, Las | Almarza | Almenar de Soria | Arévalo de la Sierra | Ausejo de la Sierra | Blacos | Buitrago | Cabrejas del Pinar | Calatañazor | Caracena | Carrascosa de Abajo | Carrascosa de la Sierra | Casarejos | Castilfrío de la Sierra | Castillejo de Robledo | Cerbón | Cidones | Cigudosa | Cirujales del Río | Covaleda | Cubilla | Duruelo de la Sierra | Espeja de San Marcelino | Espejón | Estepa de San Juan | Fresno de Caracena | Fuentearmegil | Fuentecambrón | Fuentecantos | Fuentelsaz de Soria | Fuentes de Magaña | Fuentestrún | Garray | Gormaz | Herrera de Soria | Hinojosa del Campo | Langa de Duero | Liceras | Losilla, La | Magaña | Miño de San Esteban | Molinos de Duero | Montejo de Tiermes | Montenegro de Cameros | Muriel Viejo | Muriel de la Fuente | Nafría de Ucero | Narros | Navaleno | Oncala | Pinilla del Campo | Pozalmuro | Póveda de Soria, La | Quintana Redonda | Rebollar | Recuerda | Rollamienta | Royo, El | Rábanos, Los | Salduero | San Esteban de Gormaz | San Felices | San Leonardo de Yagüe | San Pedro Manrique | Santa Cruz de Yanguas | Santa María de las Hoyas | Soria | Sotillo del Rincón | Suellacabras | Tajahuerce | Torreblacos | Trévago | Vadillo | Valdeavellano de Tera | Valdegeña | Valdelagua del Cerro | Valdeprado | Valtajeros | Velilla de la Sierra | Villaciervos | Villanueva de Gormaz | Villar del Ala | Villar del Campo | Villar del Río | Villares de Soria, Los | Vinuesa | Vizmanos | Yanguas",1,42,Soria,4649.563199482505,888.0898099460778,0.07408124038945282,3262724.1180590526,2164719.454124785,3193705.1338355155,2117817.543650017,3328277.211673484,2202995.3809258523,EPSG:3035
57,30410,29283.182926829268,1126.8170731707323,1126.8170731707323,0.038480006629960366,1.0384800066299604,23426.546341463414,51245.57012195122,True,True,96,88,42003 | 42004 | 42008 | 42009 | 42015 | 42016 | 42017 | 42018 | 42020 | 42021 | 42023 | 42024 | 42025 | 42026 | 42029 | 42030 | 42031 | 42032 | 42033 | 42034 | 42035 | 42037 | 42038 | 42039 | 42041 | 42043 | 42044 | 42048 | 42049 | 42050 | 42051 | 42057 | 42059 | 42063 | 42064 | 42068 | 42071 | 42073 | 42075 | 42076 | 42079 | 42083 | 42088 | 42090 | 42095 | 42096 | 42108 | 42110 | 42111 | 42113 | 42115 | 42118 | 42119 | 42123 | 42130 | 42131 | 42132 | 42134 | 42140 | 42145 | 42148 | 42153 | 42154 | 42155 | 42156 | 42157 | 42158 | 42167 | 42171 | 42172 | 42177 | 42178 | 42181 | 42182 | 42183 | 42184 | 42187 | 42189 | 42194 | 42195 | 42197 | 42200 | 42202 | 42204 | 42212 | 42213 | 42217 | 42219,"Adradas | Alcubilla de las Peñas | Aldealafuente | Alentisque | Aliud | Almajano | Almaluez | Almazul | Almazán | Alpanseque | Arancón | Arcos de Jalón | Arenillas | Baraona | Barca | Barcones | Bayubas de Abajo | Bayubas de Arriba | Beratón | Berlanga de Duero | Bliecos | Borjabad | Borobia | Buberos | Burgo de Osma-Ciudad de Osma | Cabrejas del Campo | Caltojar | Candilichera | Carabantes | Castilruiz | Cañamaque | Centenera de Andaluz | Cihuela | Ciria | Coscurita | Cubo de la Solana | Cueva de Ágreda | Deza | Dévanos | Escobosa de Almazán | Frechilla de Almazán | Fuentelmonge | Fuentepinilla | Golmayo | Gómara | Maján | Matalebreras | Matamala de Almazán | Medinaceli | Miño de Medinaceli | Momblona | Monteagudo de las Vicarías | Morón de Almazán | Nepas | Nolay | Noviercas | Portillo de Soria | Quintanas de Gormaz | Quiñonería | Rello | Renieblas | Retortillo de Soria | Reznos | Riba de Escalote, La | Rioseco de Soria | Santa María de Huerta | Serón de Nágima | Soliedra | Tajueco | Talveila | Tardelcuende | Taroda | Tejado | Torlengua | Torrubia de Soria | Ucero | Valdemaluque | Valdenebro | Valderrodilla | Velamazán | Velilla de los Ajos | Viana de Duero | Villasayas | Villaseca de Arciel | Vozmediano | Yelo | Ágreda | Ólvega",1,42,Soria,5586.7122890663595,852.0543809481095,0.0967011285666431,3281764.8937199106,2128867.1246328186,3220048.0798264006,2077592.8906130719,3341959.609445466,2173249.3475468624,EPSG:3035
58,30182,29283.182926829268,898.8170731707323,898.8170731707323,0.030693967777226692,1.0306939677772267,23426.546341463414,51245.57012195122,True,True,26,1,47186,Valladolid,1,47,Valladolid,5.991934818757757,16.65268579197167,0.2715240913179177,3097122.7567612883,2178152.7316892915,3095719.273718103,2175971.140165397,3098678.4097874286,2180490.961784049,EPSG:3035
59,30149,29283.182926829268,865.8170731707323,865.8170731707323,0.029567041101173135,1.029567041101173,23426.546341463414,51245.57012195122,True,True,29,1,47186,Valladolid,1,47,Valladolid,1.0837509714063531,5.919921364371819,0.3886041980426558,3098831.304574439,2180302.595791694,3098277.3680886733,2179434.226741648,3099510.2150826883,2181141.3379659005,EPSG:3035
60,30140,29283.182926829268,856.8170731707323,856.8170731707323,0.029259697462249434,1.0292596974622494,23426.546341463414,51245.57012195122,True,True,28,1,47186,Valladolid,1,47,Valladolid,1.3402255086589936,6.911996013343055,0.35251758458037386,3098770.406330611,2181546.122067603,3097967.9320400055,2180651.1291523217,3099500.193914949,2182455.879080918,EPSG:3035
61,30336,29283.182926829268,1052.8170731707323,1052.8170731707323,0.03595295893214329,1.0359529589321432,23426.546341463414,51245.57012195122,True,True,25,1,47186,Valladolid,1,47,Valladolid,22.43104478700045,31.148613379574208,0.2905239431580381,3102226.046114294,2181507.702324123,3099074.633047142,2178763.759220806,3106867.1438247766,2184800.9275603783,EPSG:3035
62,30430,29283.182926829268,1146.8170731707323,1146.8170731707323,0.039162992494235244,1.0391629924942352,23426.546341463414,51245.57012195122,True,True,26,1,47186,Valladolid,1,47,Valladolid,1.8320650756636425,8.499954033510344,0.3186527022093344,3098764.03400401,2178888.2322226446,3097761.858770388,2177992.069991977,3099746.434028105,2179748.9237762424,EPSG:3035
63,29990,29283.182926829268,706.8170731707323,706.8170731707323,0.02413730348018781,1.0241373034801877,23426.546341463414,51245.57012195122,True,True,22,1,47186,Valladolid,1,47,Valladolid,67.91667310973101,77.92772477714776,0.1405407526076263,3094297.9378113025,2174056.493774997,3085298.099555926,2167816.3752970295,3104613.6589819677,2180411.1464616037,EPSG:3035
64,30048,29283.182926829268,764.8170731707323,764.8170731707323,0.026117962486584972,1.026117962486585,23426.546341463414,51245.57012195122,True,True,21,1,47186,Valladolid,1,47,Valladolid,3.9226880681704146,19.435843601919956,0.13049288928618324,3095429.6009254223,2178471.9717536173,3093960.6233602827,2176693.6365599995,3097161.3889582176,2180263.319280695,EPSG:3035
65,30272,29283.182926829268,988.8170731707323,988.8170731707323,0.03376740416646367,1.0337674041664637,23426.546341463414,51245.57012195122,True,True,29,1,47186,Valladolid,1,47,Valladolid,2.6984883407014233,12.56988441458543,0.2146188392135597,3097591.300651673,2181033.9229443683,3096412.655118827,2179872.513994561,3098534.9145610835,2182157.9593390375,EPSG:3035
66,30181,29283.182926829268,897.8170731707323,897.8170731707323,0.030659818484012946,1.030659818484013,23426.546341463414,51245.57012195122,True,True,21,1,47186,Valladolid,1,47,Valladolid,3.004285196289172,13.232865189279831,0.21559726418444147,3095876.6641511847,2179570.9213251835,3094299.438454919,2177993.846542229,3097082.972447684,2180820.538728869,EPSG:3035
67,28373,29283.182926829268,-910.1829268292677,910.1829268292677,-0.031082103646436522,0.9689178963535635,23426.546341463414,51245.57012195122,True,True,37,29,47004 | 47017 | 47041 | 47043 | 47045 | 47051 | 47071 | 47083 | 47097 | 47099 | 47101 | 47121 | 47135 | 47139 | 47146 | 47149 | 47159 | 47160 | 47161 | 47165 | 47166 | 47171 | 47190 | 47191 | 47197 | 47210 | 47216 | 47218 | 47230,"Alaejos | Bercero | Castrodeza | Castromonte | Castronuño | Ciguñuela | Geria | Matilla de los Caños | Mota del Marqués | Mudarra, La | Nava del Rey | Pollos | Robladillo | Rueda | San Miguel del Pino | San Pelayo | Serrada | Siete Iglesias de Trabancos | Simancas | Tordesillas | Torrecilla de la Abadesa | Torrelobatón | Velilla | Velliza | Villabrágima | Villalar de los Comuneros | Villanueva de Duero | Villán de Tordesillas | Wamba",1,47,Valladolid,1380.1185295533692,389.0537214944254,0.11457954754644306,3068132.9766466916,2171812.959715274,3042648.336681852,2144472.3526397427,3093145.728056671,2214297.3706403277,EPSG:3035
68,28712,29283.182926829268,-571.1829268292677,571.1829268292677,-0.019505493246977246,0.9804945067530227,23426.546341463414,51245.57012195122,True,True,19,4,47007 | 47052 | 47133 | 47175,Aldeamayor de San Martín | Cistérniga | Renedo de Esgueva | Tudela de Duero,1,47,Valladolid,174.94932812740345,77.58954229976356,0.3651873817578373,3105586.1037203926,2171438.4746932993,3097395.6750569628,2161616.3370692353,3114430.456857387,2183253.2142803846,EPSG:3035
69,27444,29283.182926829268,-1839.1829268292677,1839.1829268292677,-0.06280679704200486,0.9371932029579951,23426.546341463414,51245.57012195122,True,True,21,2,47023 | 47076,Boecillo | Laguna de Duero,1,47,Valladolid,53.27090473430157,34.468121145576525,0.5634621075885343,3097106.4672995335,2170449.471811828,3092468.753767439,2165143.130142251,3101295.9879483352,2174780.2840283033,EPSG:3035
70,29162,29283.182926829268,-121.18292682926767,121.18292682926767,-0.004138311300792367,0.9958616886992077,23426.546341463414,51245.57012195122,True,True,15,2,47010 | 47231,Arroyo de la Encomienda | Zaratán,1,47,Valladolid,31.928113953515155,27.793764925447853,0.5193837632760955,3092333.803788675,2181001.6034531086,3089458.416931331,2177072.3388452474,3095680.874378085,2185025.1685607205,EPSG:3035
71,28205,29283.182926829268,-1078.1829268292677,1078.1829268292677,-0.036819184906345545,0.9631808150936545,23426.546341463414,51245.57012195122,True,True,46,33,47002 | 47008 | 47011 | 47020 | 47021 | 47025 | 47031 | 47035 | 47037 | 47049 | 47065 | 47067 | 47068 | 47078 | 47079 | 47085 | 47095 | 47100 | 47102 | 47123 | 47124 | 47126 | 47132 | 47138 | 47141 | 47147 | 47156 | 47158 | 47167 | 47189 | 47192 | 47228 | 47232,"Aguasal | Almenara de Adaja | Ataquines | Bobadilla del Campo | Bocigas | Brahojos de Medina | Campillo, El | Carpio | Castrejón de Trabancos | Cervillego de la Cruz | Fresno el Viejo | Fuente el Sol | Fuente-Olmedo | Llano de Olmedo | Lomoviejo | Medina del Campo | Moraleja de las Panaderas | Muriel | Nueva Villa de las Torres | Pozal de Gallinas | Pozaldez | Puras | Ramiro | Rubí de Bracamonte | Salvador de Zapardiel | San Pablo de la Moraleja | San Vicente del Palacio | Seca, La | Torrecilla de la Orden | Velascálvaro | Ventosa de la Cuesta | Villaverde de Medina | Zarza, La",1,47,Valladolid,1129.656637679019,269.7210296469491,0.19513119522653863,3073203.710114671,2141088.973274775,3038669.588635467,2122208.4207312255,3103425.1170838973,2167283.3661960037,EPSG:3035
72,30070,29283.182926829268,786.8170731707323,786.8170731707323,0.026869246937287344,1.0268692469372873,23426.546341463414,51245.57012195122,True,True,25,1,47186,Valladolid,1,47,Valladolid,87.08831990279975,99.68209750838214,0.11013755741438153,3091809.122742811,2190618.9085214385,3082337.4774471605,2179561.0484957127,3102991.354522267,2200729.0936200772,EPSG:3035
73,28293,29283.182926829268,-990.1829268292677,990.1829268292677,-0.033814047103536055,0.9661859528964639,23426.546341463414,51245.57012195122,True,True,25,17,47005 | 47053 | 47054 | 47074 | 47075 | 47082 | 47087 | 47090 | 47093 | 47104 | 47111 | 47112 | 47129 | 47145 | 47157 | 47182 | 47193,"Alcazarén | Cogeces de Íscar | Cogeces del Monte | Hornillos de Eresma | Matapozuelos | Megeces | Mojados | Montemayor de Pililla | Olmedo | Pedraja de Portillo, La | Pedrajas de San Esteban | Quintanilla de Onésimo | San Miguel del Arroyo | Sardón de Duero | Valdestillas | Viana de Cega | Íscar",1,47,Valladolid,807.1472273166812,286.83436102550627,0.12328217032052334,3105138.442546399,2154551.0842375075,3085388.4880688633,2130585.1829890287,3134683.812595995,2173515.6448727967,EPSG:3035
74,28284,29283.182926829268,-999.1829268292677,999.1829268292677,-0.034121390742459755,0.9658786092575402,23426.546341463414,51245.57012195122,True,True,63,56,47006 | 47009 | 47012 | 47022 | 47027 | 47030 | 47032 | 47033 | 47034 | 47038 | 47039 | 47044 | 47047 | 47055 | 47056 | 47057 | 47059 | 47060 | 47061 | 47062 | 47063 | 47077 | 47080 | 47103 | 47105 | 47106 | 47110 | 47114 | 47116 | 47117 | 47118 | 47119 | 47122 | 47127 | 47130 | 47131 | 47137 | 47143 | 47144 | 47154 | 47155 | 47169 | 47170 | 47172 | 47173 | 47174 | 47179 | 47180 | 47184 | 47194 | 47195 | 47200 | 47206 | 47221 | 47224 | 47226,"Aldea de San Miguel | Amusquillo | Bahabón | Bocos de Duero | Cabezón de Pisuerga | Campaspero | Camporredondo | Canalejas de Peñafiel | Canillas de Esgueva | Castrillo de Duero | Castrillo-Tejeriego | Castronuevo de Esgueva | Castroverde de Cerrato | Corcos | Corrales de Duero | Cubillas de Santa Marta | Curiel de Duero | Encinas de Esgueva | Esguevillas de Esgueva | Fombellida | Fompedraza | Langayo | Manzanillo | Olivares de Duero | Olmos de Esgueva | Olmos de Peñafiel | Parrilla, La | Pesquera de Duero | Peñafiel | Piña de Esgueva | Piñel de Abajo | Piñel de Arriba | Portillo | Quintanilla de Arriba | Quintanilla de Trigueros | Roturas | Rábano | San Llorente | San Martín de Valvení | Santibáñez de Valcorba | Santovenia de Pisuerga | Torre de Esgueva | Torre de Peñafiel | Torrescárcela | Traspinedo | Trigueros del Valle | Valbuena de Duero | Valdearcos de la Vega | Valoria la Buena | Villabáñez | Villaco | Villafuerte | Villanueva de los Infantes | Villarmentero de Esgueva | Villavaquerín | Viloria",1,47,Valladolid,1708.3051951342059,386.43728967753344,0.1437531171402125,3129227.775772037,2174689.3597776657,3099228.6194863254,2151423.9677108573,3158121.8419295577,2207137.1431445144,EPSG:3035
75,28373,29283.182926829268,-910.1829268292677,910.1829268292677,-0.031082103646436522,0.9689178963535635,23426.546341463414,51245.57012195122,True,True,87,81,47001 | 47003 | 47013 | 47014 | 47015 | 47016 | 47018 | 47019 | 47024 | 47026 | 47028 | 47029 | 47036 | 47040 | 47042 | 47046 | 47048 | 47050 | 47058 | 47064 | 47066 | 47069 | 47070 | 47073 | 47081 | 47084 | 47086 | 47088 | 47089 | 47091 | 47092 | 47094 | 47096 | 47098 | 47109 | 47113 | 47115 | 47125 | 47128 | 47134 | 47140 | 47142 | 47148 | 47150 | 47151 | 47152 | 47153 | 47162 | 47163 | 47164 | 47168 | 47176 | 47177 | 47178 | 47181 | 47183 | 47185 | 47187 | 47188 | 47196 | 47198 | 47199 | 47203 | 47204 | 47205 | 47207 | 47208 | 47209 | 47211 | 47212 | 47213 | 47214 | 47215 | 47217 | 47219 | 47220 | 47222 | 47223 | 47225 | 47227 | 47229,"Adalia | Aguilar de Campos | Barcial de la Loma | Barruelo del Valle | Becilla de Valderaduey | Benafarces | Berceruelo | Berrueces | Bolaños de Campos | Bustillo de Chaves | Cabezón de Valderaduey | Cabreros del Monte | Casasola de Arión | Castrobol | Castromembibre | Castroponce | Ceinos de Campos | Cigales | Cuenca de Campos | Fontihoyuelo | Fuensaldaña | Gallegos de Hornija | Gatón de Campos | Herrín de Campos | Marzales | Mayorga | Medina de Rioseco | Melgar de Abajo | Melgar de Arriba | Monasterio de Vega | Montealegre de Campos | Moral de la Reina | Morales de Campos | Mucientes | Palazuelo de Vedija | Pedrosa del Rey | Peñaflor de Hornija | Pozuelo de la Orden | Quintanilla del Molar | Roales de Campos | Saelices de Mayorga | San Cebrián de Mazote | San Pedro de Latarce | San Román de Hornija | San Salvador | Santa Eufemia del Arroyo | Santervás de Campos | Tamariz de Campos | Tiedra | Tordehumos | Torrecilla de la Torre | Unión de Campos, La | Urones de Castroponce | Urueña | Valdenebro de los Valles | Valdunquillo | Valverde de Campos | Vega de Ruiponce | Vega de Valdetronco | Villabaruz de Campos | Villacarralón | Villacid de Campos | Villafrades de Campos | Villafranca de Duero | Villafrechós | Villagarcía de Campos | Villagómez la Nueva | Villalba de la Loma | Villalba de los Alcores | Villalbarba | Villalán de Campos | Villalón de Campos | Villamuriel de Campos | Villanubla | Villanueva de San Mancio | Villanueva de la Condesa | Villanueva de los Caballeros | Villardefrades | Villasexmir | Villavellid | Villavicencio de los Caballeros",1,47,Valladolid,2627.864710408483,682.3572048869643,0.07092336025836748,3071287.368242769,2215342.5918910326,3042702.2756777806,2164543.1818975518,3106779.2203731136,2259154.1774964817,EPSG:3035
76,30093,29283.182926829268,809.8170731707323,809.8170731707323,0.02765468068120346,1.0276546806812035,23426.546341463414,51245.57012195122,True,True,23,1,49275,Zamora,1,49,Zamora,28.137479629796417,45.913071316905196,0.1677344877069191,3015564.8738408783,2183388.3565409114,3009996.730457041,2180477.133389235,3021285.14807876,2185794.419907553,EPSG:3035
77,26450,29283.182926829268,-2833.1829268292677,2833.1829268292677,-0.09675119449646657,0.9032488055035335,23426.546341463414,51245.57012195122,True,True,43,31,49011 | 49021 | 49041 | 49043 | 49046 | 49075 | 49082 | 49105 | 49109 | 49113 | 49128 | 49159 | 49165 | 49169 | 49170 | 49175 | 49187 | 49188 | 49192 | 49199 | 49200 | 49203 | 49220 | 49229 | 49232 | 49238 | 49248 | 49252 | 49257 | 49260 | 49263,"Arcos de la Polvorosa | Benavente | Castrogonzalo | Castroverde de Campos | Cerecinos de Campos | Fresno de la Polvorosa | Fuentes de Ropel | Maire de Castroponce | Manganeses de la Polvorosa | Matilla de Arzón | Morales de Rey | Pobladura del Valle | Prado | Quintanilla de Urz | Quintanilla del Olmo | Revellinos | San Cristóbal de Entreviñas | San Esteban del Molar | San Miguel del Valle | Santa Colomba de las Monjas | Santa Cristina de la Polvorosa | Santa María de la Vega | Torre del Valle, La | Valdescorriel | Vega de Villalobos | Villabrázaro | Villalobos | Villamayor de Campos | Villanueva de Azoague | Villanueva del Campo | Villar de Fallaves",1,49,Zamora,754.2185795046478,223.1904229292952,0.1902637185319954,3036470.600731172,2232453.834459938,3012959.1461956073,2213345.6374870082,3061967.350280462,2251213.849282391,EPSG:3035
78,29764,29283.182926829268,480.81707317073233,480.81707317073233,0.016419563213881626,1.0164195632138817,23426.546341463414,51245.57012195122,True,True,24,1,49275,Zamora,1,49,Zamora,121.1477132902478,80.14422996327275,0.2370175824728608,3005357.97151644,2184445.4982628967,2994027.215222571,2177170.31692521,3015512.182118153,2193162.9779143156,EPSG:3035
79,26458,29283.182926829268,-2825.1829268292677,2825.1829268292677,-0.09647800015075661,0.9035219998492434,23426.546341463414,51245.57012195122,True,True,72,71,49005 | 49007 | 49008 | 49010 | 49012 | 49019 | 49028 | 49031 | 49036 | 49038 | 49039 | 49044 | 49052 | 49053 | 49054 | 49058 | 49059 | 49061 | 49064 | 49065 | 49077 | 49092 | 49099 | 49101 | 49103 | 49108 | 49111 | 49115 | 49117 | 49118 | 49122 | 49123 | 49125 | 49126 | 49127 | 49130 | 49132 | 49135 | 49137 | 49141 | 49142 | 49148 | 49149 | 49151 | 49152 | 49153 | 49164 | 49167 | 49171 | 49180 | 49183 | 49185 | 49186 | 49190 | 49194 | 49216 | 49221 | 49233 | 49236 | 49237 | 49242 | 49243 | 49256 | 49258 | 49259 | 49261 | 49264 | 49265 | 49266 | 49268 | 49271,"Alfaraz de Sayago | Almaraz de Duero | Almeida de Sayago | Arcenillas | Argañín | Barcial del Barco | Brime de Urz | Cabañas de Sayago | Carbajales de Alba | Casaseca de Campeán | Casaseca de las Chanas | Cazurra | Coomonte | Coreses | Corrales del Vino | Cubo de Tierra del Vino, El | Cuelgamures | Entrala | Fariza | Fermoselle | Fresno de Sayago | Granucillo | Losacio | Luelmo | Madridanos | Manganeses de la Lampreana | Manzanal del Barco | Mayalde | Micereces de Tera | Milles de la Polvorosa | Monfarracinos | Montamarta | Moraleja de Sayago | Moraleja del Vino | Morales de Valverde | Morales del Vino | Moreruela de los Infanzones | Muelas del Pan | Navianos de Valverde | Pajares de la Lampreana | Palacios del Pan | Peleas de Abajo | Perdigón, El | Pereruela | Perilla de Castro | Peñausende | Pozuelo de Tábara | Pueblica de Valverde | Quiruelas de Vidriales | Roelos de Sayago | Salce | San Agustín del Pozo | San Cebrián de Castro | San Martín de Valderaduey | San Pedro de la Nave-Almendra | Tapioles | Torregamones | Vegalatrave | Vidayanes | Videmala | Villaferrueña | Villafáfila | Villanueva de Campeán | Villanueva de las Peras | Villanázar | Villar del Buey | Villaralbo | Villardiegua de la Ribera | Villarrín de Campos | Villaveza del Agua | Villárdiga",1,49,Zamora,2647.839982802071,930.9115461820102,0.0383958924008122,2999814.5728574675,2187885.931443819,2947205.317669671,2145870.799650102,3043816.973665418,2251142.2188452603,EPSG:3035
80,26379,29283.182926829268,-2904.1829268292677,2904.1829268292677,-0.09917579431464241,0.9008242056853576,23426.546341463414,51245.57012195122,True,True,83,83,49003 | 49004 | 49015 | 49017 | 49018 | 49023 | 49025 | 49026 | 49027 | 49029 | 49032 | 49033 | 49037 | 49048 | 49050 | 49057 | 49062 | 49063 | 49066 | 49067 | 49068 | 49069 | 49071 | 49078 | 49079 | 49085 | 49087 | 49088 | 49091 | 49094 | 49097 | 49098 | 49100 | 49104 | 49110 | 49112 | 49116 | 49120 | 49121 | 49124 | 49131 | 49133 | 49134 | 49136 | 49138 | 49139 | 49143 | 49145 | 49150 | 49154 | 49157 | 49162 | 49166 | 49172 | 49173 | 49174 | 49176 | 49177 | 49179 | 49181 | 49184 | 49189 | 49193 | 49201 | 49202 | 49204 | 49205 | 49206 | 49207 | 49208 | 49209 | 49214 | 49223 | 49224 | 49225 | 49231 | 49240 | 49244 | 49247 | 49262 | 49269 | 49272 | 49273,Alcañices | Alcubilla de Nogales | Arrabalde | Asturianos | Ayoó de Vidriales | Bermillo de Sayago | Bretocino | Bretó | Brime de Sog | Burganes de Valverde | Calzadilla de Tera | Camarzana de Tera | Carbellino | Cernadilla | Cobreros | Cubo de Benavente | Espadañedo | Faramontanos de Tábara | Ferreras de Abajo | Ferreras de Arriba | Ferreruela | Figueruela de Arriba | Fonfría | Friera de Valverde | Fuente Encalada | Galende | Gallegos del Río | Gamones | Granja de Moreruela | Hermisende | Justel | Losacino | Lubián | Mahide | Manzanal de Arriba | Manzanal de los Infantes | Melgar de Tera | Molezuelas de la Carballeda | Mombuey | Moral de Sayago | Moralina | Moreruela de Tábara | Muelas de los Caballeros | Muga de Sayago | Olmillos de Castro | Otero de Bodas | Palacios de Sanabria | Pedralba de la Pradería | Peque | Pino del Oro | Porto | Puebla de Sanabria | Pías | Rabanales | Requejo | Riofrío de Aliste | Rionegro del Puente | Robleda-Cervantes | Rosinos de la Requejada | Rábano de Aliste | Samir de los Caños | San Justo | San Pedro de Ceque | San Vicente de la Cabeza | San Vitero | Santa Croya de Tera | Santa Eufemia del Barco | Santa María de Valverde | Santibáñez de Tera | Santibáñez de Vidriales | Santovenia | Trabazos | Trefacio | Tábara | Uña de Quintana | Vega de Tera | Villadepera | Villageriz | Villalcampo | Villardeciervos | Villaseco del Pan | Villaveza de Valverde | Viñas,1,49,Zamora,4867.089289492926,712.8952352443504,0.12034491752617577,2974718.4250237895,2233991.4359182073,2919881.1286852974,2154581.959378797,3027805.455604436,2282083.8272829154,EPSG:3035
81,26420,29283.182926829268,-2863.1829268292677,2863.1829268292677,-0.0977756732928789,0.902224326707121,23426.546341463414,51245.57012195122,True,True,70,62,49002 | 49006 | 49009 | 49013 | 49014 | 49016 | 49020 | 49022 | 49024 | 49030 | 49034 | 49035 | 49040 | 49042 | 49047 | 49055 | 49056 | 49076 | 49080 | 49081 | 49083 | 49084 | 49086 | 49090 | 49093 | 49095 | 49096 | 49102 | 49107 | 49114 | 49119 | 49129 | 49146 | 49147 | 49155 | 49156 | 49158 | 49160 | 49163 | 49168 | 49178 | 49191 | 49197 | 49210 | 49219 | 49222 | 49226 | 49227 | 49228 | 49230 | 49234 | 49235 | 49239 | 49241 | 49245 | 49246 | 49249 | 49250 | 49251 | 49255 | 49267 | 49270,"Abezames | Algodre | Andavías | Argujillo | Arquillinos | Aspariegos | Belver de los Montes | Benegiles | Bustillo del Oro | Bóveda de Toro, La | Castrillo de la Guareña | Castronuevo | Cañizal | Cañizo | Cerecinos del Carrizal | Cotanes del Monte | Cubillos | Fresno de la Ribera | Fuentelapeña | Fuentesaúco | Fuentesecas | Fuentespreadas | Gallegos del Pan | Gema | Guarrate | Hiniesta, La | Jambrina | Maderal, El | Malva | Matilla la Seca | Molacillos | Morales de Toro | Pego, El | Peleagonzalo | Piedrahita de Castro | Pinilla de Toro | Piñero, El | Pobladura de Valderaduey | Pozoantiguo | Quintanilla del Monte | Roales | San Miguel de la Ribera | Santa Clara de Avedillo | Sanzoles | Toro | Torres del Carrizal | Vadillo de la Guareña | Valcabado | Valdefinjas | Vallesa de la Guareña | Venialbo | Vezdemarbán | Villabuena del Puente | Villaescusa | Villalazán | Villalba de la Lampreana | Villalonso | Villalpando | Villalube | Villamor de los Escuderos | Villardondiego | Villavendimio",1,49,Zamora,2142.946637219372,424.20944821642973,0.14964442654426838,3032864.3006497035,2177687.1542447926,3002743.5260534887,2132540.985044323,3056868.8357117395,2219708.761037478,EPSG:3035
