district_id,CUSEC_KEY,CUSEC,CUMUN,NMUN,CPRO,NPRO,CUDIS,POP_2025
0,5029703036,5029703036,50297,Zaragoza,50,Zaragoza,5029703,1614
0,5029703038,5029703038,50297,Zaragoza,50,Zaragoza,5029703,1675
0,5029703039,5029703039,50297,Zaragoza,50,Zaragoza,5029703,1436
0,5029703053,5029703053,50297,Zaragoza,50,Zaragoza,5029703,1168
0,5029703054,5029703054,50297,Zaragoza,50,Zaragoza,5029703,2147
0,5029703055,5029703055,50297,Zaragoza,50,Zaragoza,5029703,1942
0,5029703056,5029703056,50297,Zaragoza,50,Zaragoza,5029703,1054
0,5029703057,5029703057,50297,Zaragoza,50,Zaragoza,5029703,1429
0,5029703062,5029703062,50297,Zaragoza,50,Zaragoza,5029703,1614
0,5029703066,5029703066,50297,Zaragoza,50,Zaragoza,5029703,1356
0,5029703069,5029703069,50297,Zaragoza,50,Zaragoza,5029703,1462
0,5029703074,5029703074,50297,Zaragoza,50,Zaragoza,5029703,1233
0,5029703075,5029703075,50297,Zaragoza,50,Zaragoza,5029703,1347
0,5029703089,5029703089,50297,Zaragoza,50,Zaragoza,5029703,1289
1,2200601001,2200601001,22006,Aisa,22,Huesca,2200601,327
1,2202801001,2202801001,22028,Ansó,22,Huesca,2202801,409
1,2203201001,2203201001,22032,Aragüés del Puerto,22,Huesca,2203201,123
1,2204401001,2204401001,22044,Bailo,22,Huesca,2204401,263
1,2205901001,2205901001,22059,Biescas,22,Huesca,2205901,1646
1,2207201001,2207201001,22072,Caldearenas,22,Huesca,2207201,222
1,2207601001,2207601001,22076,Canal de Berdún,22,Huesca,2207601,321
1,2207801001,2207801001,22078,Canfranc,22,Huesca,2207801,632
1,2208601001,2208601001,22086,Castiello de Jaca,22,Huesca,2208601,280
1,2210601001,2210601001,22106,Fago,22,Huesca,2210601,23
1,2212201001,2212201001,22122,Hoz de Jaca,22,Huesca,2212201,82
1,2213101001,2213101001,22131,Jasa,22,Huesca,2213101,90
1,2217001001,2217001001,22170,Panticosa,22,Huesca,2217001,919
1,2219901001,2219901001,22199,Sabiñánigo,22,Huesca,2219901,1427
1,2219901002,2219901002,22199,Sabiñánigo,22,Huesca,2219901,1593
1,2219901003,2219901003,22199,Sabiñánigo,22,Huesca,2219901,1243
1,2219901004,2219901004,22199,Sabiñánigo,22,Huesca,2219901,1945
1,2219901005,2219901005,22199,Sabiñánigo,22,Huesca,2219901,1200
1,2219901006,2219901006,22199,Sabiñánigo,22,Huesca,2219901,1005
1,2219901007,2219901007,22199,Sabiñánigo,22,Huesca,2219901,1252
1,2220401001,2220401001,22204,Sallent de Gállego,22,Huesca,2220401,1540
1,2220801001,2220801001,22208,Santa Cilia,22,Huesca,2220801,242
1,2220901001,2220901001,22209,Santa Cruz de la Serós,22,Huesca,2220901,194
1,2225001001,2225001001,22250,Villanúa,22,Huesca,2225001,569
1,2290101001,2290101001,22901,Valle de Hecho,22,Huesca,2290101,812
1,2290201001,2290201001,22902,Puente la Reina de Jaca,22,Huesca,2290201,270
1,5003501001,5003501001,50035,Artieda,50,Zaragoza,5003501,90
1,5004101001,5004101001,50041,Bagüés,50,Zaragoza,5004101,16
1,5012801001,5012801001,50128,Isuerre,50,Zaragoza,5012801,32
1,5016801001,5016801001,50168,Mianos,50,Zaragoza,5016801,25
1,5021001001,5021001001,50210,"Pintanos, Los",50,Zaragoza,5021001,36
1,5023201001,5023201001,50232,Salvatierra de Esca,50,Zaragoza,5023201,186
1,5024501001,5024501001,50245,Sigüés,50,Zaragoza,5024501,72
2,5029705003,5029705003,50297,Zaragoza,50,Zaragoza,5029705,963
2,5029705004,5029705004,50297,Zaragoza,50,Zaragoza,5029705,1509
2,5029705006,5029705006,50297,Zaragoza,50,Zaragoza,5029705,1231
2,5029705048,5029705048,50297,Zaragoza,50,Zaragoza,5029705,1187
2,5029706002,5029706002,50297,Zaragoza,50,Zaragoza,5029706,874
2,5029706010,5029706010,50297,Zaragoza,50,Zaragoza,5029706,2078
2,5029706013,5029706013,50297,Zaragoza,50,Zaragoza,5029706,830
2,5029706014,5029706014,50297,Zaragoza,50,Zaragoza,5029706,983
2,5029706016,5029706016,50297,Zaragoza,50,Zaragoza,5029706,951
2,5029706027,5029706027,50297,Zaragoza,50,Zaragoza,5029706,919
2,5029706028,5029706028,50297,Zaragoza,50,Zaragoza,5029706,1425
2,5029706033,5029706033,50297,Zaragoza,50,Zaragoza,5029706,973
2,5029706034,5029706034,50297,Zaragoza,50,Zaragoza,5029706,1082
2,5029706035,5029706035,50297,Zaragoza,50,Zaragoza,5029706,877
2,5029706036,5029706036,50297,Zaragoza,50,Zaragoza,5029706,1423
2,5029709029,5029709029,50297,Zaragoza,50,Zaragoza,5029709,2241
3,5029701024,5029701024,50297,Zaragoza,50,Zaragoza,5029701,1243
3,5029701025,5029701025,50297,Zaragoza,50,Zaragoza,5029701,1094
3,5029703001,5029703001,50297,Zaragoza,50,Zaragoza,5029703,969
3,5029703037,5029703037,50297,Zaragoza,50,Zaragoza,5029703,1066
3,5029703087,5029703087,50297,Zaragoza,50,Zaragoza,5029703,949
3,5029703088,5029703088,50297,Zaragoza,50,Zaragoza,5029703,1349
3,5029703091,5029703091,50297,Zaragoza,50,Zaragoza,5029703,1297
3,5029707001,5029707001,50297,Zaragoza,50,Zaragoza,5029707,2208
3,5029707004,5029707004,50297,Zaragoza,50,Zaragoza,5029707,1220
3,5029707005,5029707005,50297,Zaragoza,50,Zaragoza,5029707,1209
3,5029707008,5029707008,50297,Zaragoza,50,Zaragoza,5029707,1229
3,5029707009,5029707009,50297,Zaragoza,50,Zaragoza,5029707,1906
3,5029707016,5029707016,50297,Zaragoza,50,Zaragoza,5029707,1331
3,5029707018,5029707018,50297,Zaragoza,50,Zaragoza,5029707,1146
3,5029707020,5029707020,50297,Zaragoza,50,Zaragoza,5029707,1221
4,5029702037,5029702037,50297,Zaragoza,50,Zaragoza,5029702,1274
4,5029702046,5029702046,50297,Zaragoza,50,Zaragoza,5029702,1634
4,5029705022,5029705022,50297,Zaragoza,50,Zaragoza,5029705,1502
4,5029705024,5029705024,50297,Zaragoza,50,Zaragoza,5029705,831
4,5029705028,5029705028,50297,Zaragoza,50,Zaragoza,5029705,1499
4,5029705030,5029705030,50297,Zaragoza,50,Zaragoza,5029705,1237
4,5029705043,5029705043,50297,Zaragoza,50,Zaragoza,5029705,1477
4,5029705044,5029705044,50297,Zaragoza,50,Zaragoza,5029705,1665
4,5029705045,5029705045,50297,Zaragoza,50,Zaragoza,5029705,1487
4,5029705046,5029705046,50297,Zaragoza,50,Zaragoza,5029705,1055
4,5029705047,5029705047,50297,Zaragoza,50,Zaragoza,5029705,1875
4,5029709024,5029709024,50297,Zaragoza,50,Zaragoza,5029709,1146
4,5029709027,5029709027,50297,Zaragoza,50,Zaragoza,5029709,1684
4,5029709030,5029709030,50297,Zaragoza,50,Zaragoza,5029709,2202
5,5029703003,5029703003,50297,Zaragoza,50,Zaragoza,5029703,1322
5,5029703005,5029703005,50297,Zaragoza,50,Zaragoza,5029703,1418
5,5029703007,5029703007,50297,Zaragoza,50,Zaragoza,5029703,1202
5,5029703009,5029703009,50297,Zaragoza,50,Zaragoza,5029703,1322
5,5029703012,5029703012,50297,Zaragoza,50,Zaragoza,5029703,752
5,5029703014,5029703014,50297,Zaragoza,50,Zaragoza,5029703,1406
5,5029703015,5029703015,50297,Zaragoza,50,Zaragoza,5029703,1170
5,5029703017,5029703017,50297,Zaragoza,50,Zaragoza,5029703,1441
5,5029703018,5029703018,50297,Zaragoza,50,Zaragoza,5029703,1519
5,5029703019,5029703019,50297,Zaragoza,50,Zaragoza,5029703,1209
5,5029703021,5029703021,50297,Zaragoza,50,Zaragoza,5029703,1327
5,5029703022,5029703022,50297,Zaragoza,50,Zaragoza,5029703,1384
5,5029703023,5029703023,50297,Zaragoza,50,Zaragoza,5029703,1452
5,5029703070,5029703070,50297,Zaragoza,50,Zaragoza,5029703,1146
5,5029703076,5029703076,50297,Zaragoza,50,Zaragoza,5029703,1347
5,5029703083,5029703083,50297,Zaragoza,50,Zaragoza,5029703,1129
6,5029707006,5029707006,50297,Zaragoza,50,Zaragoza,5029707,1917
6,5029707007,5029707007,50297,Zaragoza,50,Zaragoza,5029707,1664
6,5029707015,5029707015,50297,Zaragoza,50,Zaragoza,5029707,1731
6,5029707017,5029707017,50297,Zaragoza,50,Zaragoza,5029707,1164
6,5029707019,5029707019,50297,Zaragoza,50,Zaragoza,5029707,1147
6,5029710047,5029710047,50297,Zaragoza,50,Zaragoza,5029710,1269
6,5029710048,5029710048,50297,Zaragoza,50,Zaragoza,5029710,1315
6,5029710055,5029710055,50297,Zaragoza,50,Zaragoza,5029710,1722
6,5029710056,5029710056,50297,Zaragoza,50,Zaragoza,5029710,895
6,5029710057,5029710057,50297,Zaragoza,50,Zaragoza,5029710,1774
6,5029710062,5029710062,50297,Zaragoza,50,Zaragoza,5029710,1208
6,5029710065,5029710065,50297,Zaragoza,50,Zaragoza,5029710,1697
6,5029710078,5029710078,50297,Zaragoza,50,Zaragoza,5029710,988
6,5029710092,5029710092,50297,Zaragoza,50,Zaragoza,5029710,1197
7,5002401001,5002401001,50024,Almonacid de la Sierra,50,Zaragoza,5002401,764
7,5002501001,5002501001,50025,"Almunia de Doña Godina, La",50,Zaragoza,5002501,2605
7,5002501002,5002501002,50025,"Almunia de Doña Godina, La",50,Zaragoza,5002501,3207
7,5002502001,5002502001,50025,"Almunia de Doña Godina, La",50,Zaragoza,5002502,2232
7,5003201001,5003201001,50032,Arándiga,50,Zaragoza,5003201,278
7,5005701001,5005701001,50057,Brea de Aragón,50,Zaragoza,5005701,1519
7,5007301001,5007301001,50073,Cariñena,50,Zaragoza,5007301,2498
7,5008801001,5008801001,50088,Cosuenda,50,Zaragoza,5008801,343
7,5009901002,5009901002,50099,Épila,50,Zaragoza,5009901,995
7,5009903001,5009903001,50099,Épila,50,Zaragoza,5009903,1060
7,5012601001,5012601001,50126,Illueca,50,Zaragoza,5012601,1317
7,5012601002,5012601002,50126,Illueca,50,Zaragoza,5012601,1459
7,5015001001,5015001001,50150,Lumpiaque,50,Zaragoza,5015001,889
7,5016601001,5016601001,50166,Mesones de Isuela,50,Zaragoza,5016601,271
7,5017701001,5017701001,50177,Morés,50,Zaragoza,5017701,305
7,5018701001,5018701001,50187,Nigüella,50,Zaragoza,5018701,58
7,5022501002,5022501002,50225,Ricla,50,Zaragoza,5022501,2030
7,5024101001,5024101001,50241,Sabiñán,50,Zaragoza,5024101,693
8,2201101001,2201101001,22011,Albero Alto,22,Huesca,2201101,123
8,2201501001,2201501001,22015,Alcalá del Obispo,22,Huesca,2201501,394
8,2202701001,2202701001,22027,Angüés,22,Huesca,2202701,349
8,2203601001,2203601001,22036,Argavieso,22,Huesca,2203601,109
8,2204201001,2204201001,22042,Azlor,22,Huesca,2204201,155
8,2204801002,2204801002,22048,Barbastro,22,Huesca,2204801,1815
8,2204801003,2204801003,22048,Barbastro,22,Huesca,2204801,1058
8,2204801004,2204801004,22048,Barbastro,22,Huesca,2204801,1226
8,2204801005,2204801005,22048,Barbastro,22,Huesca,2204801,2405
8,2204801008,2204801008,22048,Barbastro,22,Huesca,2204801,1275
8,2204801011,2204801011,22048,Barbastro,22,Huesca,2204801,2041
8,2205001001,2205001001,22050,Barbuñales,22,Huesca,2205001,93
8,2205801001,2205801001,22058,Bierge,22,Huesca,2205801,241
8,2206401001,2206401001,22064,Blecua y Torres,22,Huesca,2206401,175
8,2206601001,2206601001,22066,Boltaña,22,Huesca,2206601,1091
8,2206901001,2206901001,22069,Broto,22,Huesca,2206901,617
8,2208101001,2208101001,22081,Casbas de Huesca,22,Huesca,2208101,287
8,2210901001,2210901001,22109,Fiscal,22,Huesca,2210901,365
8,2211301001,2211301001,22113,"Fueva, La",22,Huesca,2211301,614
8,2212601001,2212601001,22126,Ibieca,22,Huesca,2212601,111
8,2214101001,2214101001,22141,Lascellas-Ponzano,22,Huesca,2214101,138
8,2216201001,2216201001,22162,Novales,22,Huesca,2216201,155
8,2218101001,2218101001,22181,Piracés,22,Huesca,2218101,91
8,2220101001,2220101001,22201,Salas Altas,22,Huesca,2220101,297
8,2220201001,2220201001,22202,Salas Bajas,22,Huesca,2220201,184
8,2222201001,2222201001,22222,Siétamo,22,Huesca,2222201,703
8,2223001001,2223001001,22230,Torla-Ordesa,22,Huesca,2223001,344
8,2223901001,2223901001,22239,Tramaced,22,Huesca,2223901,108
8,2225201001,2225201001,22252,Yebra de Basa,22,Huesca,2225201,157
8,2225301001,2225301001,22253,Yésero,22,Huesca,2225301,60
8,2290601001,2290601001,22906,Santa María de Dulcis,22,Huesca,2290601,205
8,2290701001,2290701001,22907,Aínsa-Sobrarbe,22,Huesca,2290701,2315
9,2212502001,2212502001,22125,Huesca,22,Huesca,2212502,1543
9,2212502003,2212502003,22125,Huesca,22,Huesca,2212502,956
9,2212502004,2212502004,22125,Huesca,22,Huesca,2212502,2059
9,2212502005,2212502005,22125,Huesca,22,Huesca,2212502,1458
9,2212503005,2212503005,22125,Huesca,22,Huesca,2212503,1544
9,2212503006,2212503006,22125,Huesca,22,Huesca,2212503,2305
9,2212503007,2212503007,22125,Huesca,22,Huesca,2212503,1211
9,2212503008,2212503008,22125,Huesca,22,Huesca,2212503,1767
9,2212503009,2212503009,22125,Huesca,22,Huesca,2212503,1481
9,2212504003,2212504003,22125,Huesca,22,Huesca,2212504,1750
9,2215001001,2215001001,22150,Loporzano,22,Huesca,2215001,576
9,2215601001,2215601001,22156,Monflorite-Lascasas,22,Huesca,2215601,474
9,2219501001,2219501001,22195,Quicena,22,Huesca,2219501,391
9,2219701001,2219701001,22197,Robres,22,Huesca,2219701,524
9,2220601001,2220601001,22206,Sangarrén,22,Huesca,2220601,231
9,2222601001,2222601001,22226,Tardienta,22,Huesca,2222601,951
9,2223201001,2223201001,22232,Torralba de Aragón,22,Huesca,2223201,102
9,2224801001,2224801001,22248,Vicién,22,Huesca,2224801,150
10,2203701001,2203701001,22037,Arguis,22,Huesca,2203701,168
10,2204701001,2204701001,22047,Banastás,22,Huesca,2204701,337
10,2206801001,2206801001,22068,Borau,22,Huesca,2206801,77
10,2212507004,2212507004,22125,Huesca,22,Huesca,2212507,987
10,2212701001,2212701001,22127,Igriés,22,Huesca,2212701,729
10,2213001001,2213001001,22130,Jaca,22,Huesca,2213001,1461
10,2213001002,2213001002,22130,Jaca,22,Huesca,2213001,1426
10,2213001003,2213001003,22130,Jaca,22,Huesca,2213001,1208
10,2213001004,2213001004,22130,Jaca,22,Huesca,2213001,1641
10,2213001005,2213001005,22130,Jaca,22,Huesca,2213001,1562
10,2213001006,2213001006,22130,Jaca,22,Huesca,2213001,1955
10,2213001007,2213001007,22130,Jaca,22,Huesca,2213001,1954
10,2213001008,2213001008,22130,Jaca,22,Huesca,2213001,2805
10,2214901001,2214901001,22149,Loarre,22,Huesca,2214901,357
10,2216301001,2216301001,22163,Nueno,22,Huesca,2216301,573
10,2217301001,2217301001,22173,"Peñas de Riglos, Las",22,Huesca,2217301,263
10,5007801001,5007801001,50078,Castiliscar,50,Zaragoza,5007801,220
10,5014201001,5014201001,50142,Lobera de Onsella,50,Zaragoza,5014201,28
10,5014401001,5014401001,50144,Longás,50,Zaragoza,5014401,45
10,5018601001,5018601001,50186,Navardún,50,Zaragoza,5018601,35
10,5023002001,5023002001,50230,Sádaba,50,Zaragoza,5023002,633
10,5024801001,5024801001,50248,Sos del Rey Católico,50,Zaragoza,5024801,582
10,5026701001,5026701001,50267,Uncastillo,50,Zaragoza,5026701,594
10,5026801001,5026801001,50268,Undués de Lerda,50,Zaragoza,5026801,60
10,5027001001,5027001001,50270,Urriés,50,Zaragoza,5027001,50
10,5090101001,5090101001,50901,Biel,50,Zaragoza,5090101,165
11,5029705001,5029705001,50297,Zaragoza,50,Zaragoza,5029705,2100
11,5029705005,5029705005,50297,Zaragoza,50,Zaragoza,5029705,1001
11,5029705007,5029705007,50297,Zaragoza,50,Zaragoza,5029705,1545
11,5029705008,5029705008,50297,Zaragoza,50,Zaragoza,5029705,1652
11,5029705009,5029705009,50297,Zaragoza,50,Zaragoza,5029705,1181
11,5029705010,5029705010,50297,Zaragoza,50,Zaragoza,5029705,1324
11,5029705011,5029705011,50297,Zaragoza,50,Zaragoza,5029705,819
11,5029705012,5029705012,50297,Zaragoza,50,Zaragoza,5029705,1509
11,5029705013,5029705013,50297,Zaragoza,50,Zaragoza,5029705,1364
11,5029705015,5029705015,50297,Zaragoza,50,Zaragoza,5029705,1315
11,5029705016,5029705016,50297,Zaragoza,50,Zaragoza,5029705,843
11,5029705017,5029705017,50297,Zaragoza,50,Zaragoza,5029705,838
11,5029705049,5029705049,50297,Zaragoza,50,Zaragoza,5029705,1017
11,5029705050,5029705050,50297,Zaragoza,50,Zaragoza,5029705,700
11,5029706001,5029706001,50297,Zaragoza,50,Zaragoza,5029706,973
11,5029706038,5029706038,50297,Zaragoza,50,Zaragoza,5029706,955
12,5029702025,5029702025,50297,Zaragoza,50,Zaragoza,5029702,1456
12,5029702031,5029702031,50297,Zaragoza,50,Zaragoza,5029702,876
12,5029702035,5029702035,50297,Zaragoza,50,Zaragoza,5029702,1366
12,5029702040,5029702040,50297,Zaragoza,50,Zaragoza,5029702,2139
12,5029702050,5029702050,50297,Zaragoza,50,Zaragoza,5029702,1344
12,5029702051,5029702051,50297,Zaragoza,50,Zaragoza,5029702,1152
12,5029702052,5029702052,50297,Zaragoza,50,Zaragoza,5029702,907
12,5029702053,5029702053,50297,Zaragoza,50,Zaragoza,5029702,1364
12,5029705002,5029705002,50297,Zaragoza,50,Zaragoza,5029705,2325
12,5029705014,5029705014,50297,Zaragoza,50,Zaragoza,5029705,1329
12,5029705018,5029705018,50297,Zaragoza,50,Zaragoza,5029705,918
12,5029705019,5029705019,50297,Zaragoza,50,Zaragoza,5029705,1463
12,5029705020,5029705020,50297,Zaragoza,50,Zaragoza,5029705,1664
12,5029705021,5029705021,50297,Zaragoza,50,Zaragoza,5029705,998
13,4400401001,4400401001,44004,Aguaviva,44,Teruel,4400401,563
13,4401701001,4401701001,44017,Aliaga,44,Teruel,4401701,343
13,4402301001,4402301001,44023,Allueva,44,Teruel,4402301,31
13,4402401001,4402401001,44024,Anadón,44,Teruel,4402401,35
13,4402701001,4402701001,44027,Arens de Lledó,44,Teruel,4402701,188
13,4403201001,4403201001,44032,Bádenas,44,Teruel,4403201,28
13,4403701001,4403701001,44037,Beceite,44,Teruel,4403701,574
13,4404301001,4404301001,44043,Blesa,44,Teruel,4404301,74
13,4404401001,4404401001,44044,Bordón,44,Teruel,4404401,116
13,4404901001,4404901001,44049,Calaceite,44,Teruel,4404901,961
13,4405101002,4405101002,44051,Calanda,44,Teruel,4405101,1546
13,4405101003,4405101003,44051,Calanda,44,Teruel,4405101,1315
13,4406601001,4406601001,44066,Castel de Cabra,44,Teruel,4406601,79
13,4406801001,4406801001,44068,Castelserás,44,Teruel,4406801,804
13,4407101001,4407101001,44071,Castellote,44,Teruel,4407101,666
13,4408001001,4408001001,44080,"Codoñera, La",44,Teruel,4408001,313
13,4408401001,4408401001,44084,Cortes de Aragón,44,Teruel,4408401,62
13,4408601001,4408601001,44086,Cretas,44,Teruel,4408601,558
13,4409001001,4409001001,44090,Cucalón,44,Teruel,4409001,78
13,4409301001,4409301001,44093,Cuevas de Almudén,44,Teruel,4409301,119
13,4410701001,4410701001,44107,Foz-Calanda,44,Teruel,4410701,280
13,4410801001,4410801001,44108,"Fresneda, La",44,Teruel,4410801,460
13,4411401001,4411401001,44114,Fuentespalda,44,Teruel,4411401,306
13,4412301001,4412301001,44123,Hinojosa de Jarque,44,Teruel,4412301,104
13,4412401001,4412401001,44124,"Hoz de la Vieja, La",44,Teruel,4412401,85
13,4412501001,4412501001,44125,Huesa del Común,44,Teruel,4412501,55
13,4412801001,4412801001,44128,Jarque de la Val,44,Teruel,4412801,66
13,4413101001,4413101001,44131,Josa,44,Teruel,4413101,34
13,4413301001,4413301001,44133,Lanzuela,44,Teruel,4413301,24
13,4413801001,4413801001,44138,Loscos,44,Teruel,4413801,121
13,4414101001,4414101001,44141,Lledó,44,Teruel,4414101,164
13,4414201001,4414201001,44142,Maicas,44,Teruel,4414201,35
13,4414501001,4414501001,44145,Mas de las Matas,44,Teruel,4414501,1226
13,4414601001,4414601001,44146,"Mata de los Olmos, La",44,Teruel,4414601,261
13,4414701001,4414701001,44147,Mazaleón,44,Teruel,4414701,472
13,4414801001,4414801001,44148,Mezquita de Jarque,44,Teruel,4414801,83
13,4415101001,4415101001,44151,Molinos,44,Teruel,4415101,233
13,4415201001,4415201001,44152,Monforte de Moyuela,44,Teruel,4415201,83
13,4415401001,4415401001,44154,Monroyo,44,Teruel,4415401,327
13,4416101001,4416101001,44161,Muniesa,44,Teruel,4416101,580
13,4416701001,4416701001,44167,Obón,44,Teruel,4416701,34
13,4417601001,4417601001,44176,Palomar de Arroyos,44,Teruel,4417601,166
13,4417801001,4417801001,44178,"Parras de Castellote, Las",44,Teruel,4417801,57
13,4417901001,4417901001,44179,Peñarroya de Tastavins,44,Teruel,4417901,470
13,4418401001,4418401001,44184,Plou,44,Teruel,4418401,43
13,4420301001,4420301001,44203,Salcedillo,44,Teruel,4420301,14
13,4420801001,4420801001,44208,Santa Cruz de Nogueras,44,Teruel,4420801,25
13,4421101001,4421101001,44211,Segura de los Baños,44,Teruel,4421101,55
13,4421201001,4421201001,44212,Seno,44,Teruel,4421201,39
13,4422101001,4422101001,44221,Torrecilla de Alcañiz,44,Teruel,4422101,440
13,4422301001,4422301001,44223,Torre de Arcas,44,Teruel,4422301,76
13,4422401001,4422401001,44224,Torre de las Arcas,44,Teruel,4422401,19
13,4422501001,4422501001,44225,Torre del Compte,44,Teruel,4422501,118
13,4423601001,4423601001,44236,Tronchón,44,Teruel,4423601,56
13,4424101001,4424101001,44241,Valdealgorfa,44,Teruel,4424101,582
13,4424501001,4424501001,44245,Valdeltormo,44,Teruel,4424501,304
13,4424601001,4424601001,44246,Valderrobres,44,Teruel,4424601,2537
13,4425201001,4425201001,44252,Villahermosa del Campo,44,Teruel,4425201,93
13,4425601001,4425601001,44256,Villanueva del Rebollar de la Sierra,44,Teruel,4425601,49
13,4426001001,4426001001,44260,Villarluengo,44,Teruel,4426001,157
13,5010801001,5010801001,50108,Fombuena,50,Zaragoza,5010801,59
13,5013301001,5013301001,50133,Lagata,50,Zaragoza,5013301,113
13,5013801001,5013801001,50138,Lechón,50,Zaragoza,5013801,39
13,5014901001,5014901001,50149,Luesma,50,Zaragoza,5014901,43
13,5017101001,5017101001,50171,Moneva,50,Zaragoza,5017101,107
13,5017901001,5017901001,50179,Moyuela,50,Zaragoza,5017901,223
13,5021301001,5021301001,50213,Plenas,50,Zaragoza,5021301,112
13,5023301001,5023301001,50233,Samper del Salz,50,Zaragoza,5023301,80
13,5029101001,5029101001,50291,Villar de los Navarros,50,Zaragoza,5029101,147
13,5029501001,5029501001,50295,Vistabella,50,Zaragoza,5029501,50
14,5027201002,5027201002,50272,Utebo,50,Zaragoza,5027201,1663
14,5027201007,5027201007,50272,Utebo,50,Zaragoza,5027201,1594
14,5027201008,5027201008,50272,Utebo,50,Zaragoza,5027201,1743
14,5027201010,5027201010,50272,Utebo,50,Zaragoza,5027201,1575
14,5027201011,5027201011,50272,Utebo,50,Zaragoza,5027201,1850
14,5029707014,5029707014,50297,Zaragoza,50,Zaragoza,5029707,1269
14,5029708006,5029708006,50297,Zaragoza,50,Zaragoza,5029708,1585
14,5029708025,5029708025,50297,Zaragoza,50,Zaragoza,5029708,2832
14,5029710037,5029710037,50297,Zaragoza,50,Zaragoza,5029710,1577
14,5029710085,5029710085,50297,Zaragoza,50,Zaragoza,5029710,2426
14,5029712002,5029712002,50297,Zaragoza,50,Zaragoza,5029712,1038
14,5029712003,5029712003,50297,Zaragoza,50,Zaragoza,5029712,2091
15,5029701008,5029701008,50297,Zaragoza,50,Zaragoza,5029701,1871
15,5029701038,5029701038,50297,Zaragoza,50,Zaragoza,5029701,1282
15,5029701039,5029701039,50297,Zaragoza,50,Zaragoza,5029701,1085
15,5029701040,5029701040,50297,Zaragoza,50,Zaragoza,5029701,822
15,5029701041,5029701041,50297,Zaragoza,50,Zaragoza,5029701,1648
15,5029702002,5029702002,50297,Zaragoza,50,Zaragoza,5029702,881
15,5029702003,5029702003,50297,Zaragoza,50,Zaragoza,5029702,1118
15,5029702004,5029702004,50297,Zaragoza,50,Zaragoza,5029702,1092
15,5029702005,5029702005,50297,Zaragoza,50,Zaragoza,5029702,940
15,5029702006,5029702006,50297,Zaragoza,50,Zaragoza,5029702,1758
15,5029702024,5029702024,50297,Zaragoza,50,Zaragoza,5029702,896
15,5029702026,5029702026,50297,Zaragoza,50,Zaragoza,5029702,1082
15,5029702027,5029702027,50297,Zaragoza,50,Zaragoza,5029702,938
15,5029702028,5029702028,50297,Zaragoza,50,Zaragoza,5029702,857
15,5029702029,5029702029,50297,Zaragoza,50,Zaragoza,5029702,782
15,5029702032,5029702032,50297,Zaragoza,50,Zaragoza,5029702,1051
15,5029702033,5029702033,50297,Zaragoza,50,Zaragoza,5029702,1376
16,4400101001,4400101001,44001,Ababuj,44,Teruel,4400101,74
16,4400501001,4400501001,44005,Aguilar del Alfambra,44,Teruel,4400501,84
16,4400701001,4400701001,44007,Alba,44,Teruel,4400701,183
16,4401601001,4401601001,44016,Alfambra,44,Teruel,4401601,485
16,4401901001,4401901001,44019,Alobras,44,Teruel,4401901,63
16,4404501001,4404501001,44045,Bronchales,44,Teruel,4404501,475
16,4405301001,4405301001,44053,Camañas,44,Teruel,4405301,136
16,4405901001,4405901001,44059,Cantavieja,44,Teruel,4405901,727
16,4406001001,4406001001,44060,Cañada de Benatanduz,44,Teruel,4406001,40
16,4407501001,4407501001,44075,Celadas,44,Teruel,4407501,335
16,4408201001,4408201001,44082,Corbalán,44,Teruel,4408201,118
16,4408801001,4408801001,44088,"Cuba, La",44,Teruel,4408801,53
16,4408901001,4408901001,44089,Cubla,44,Teruel,4408901,57
16,4409201001,4409201001,44092,"Cuervo, El",44,Teruel,4409201,87
16,4409401001,4409401001,44094,Cuevas Labradas,44,Teruel,4409401,126
16,4412701001,4412701001,44127,Jabaloyas,44,Teruel,4412701,66
16,4414901001,4414901001,44149,Mirambel,44,Teruel,4414901,110
16,4415001001,4415001001,44150,Miravete de la Sierra,44,Teruel,4415001,31
16,4418101001,4418101001,44181,Peralejos,44,Teruel,4418101,91
16,4418301001,4418301001,44183,Pitarque,44,Teruel,4418301,61
16,4418501001,4418501001,44185,"Pobo, El",44,Teruel,4418501,97
16,4418901001,4418901001,44189,Pozondón,44,Teruel,4418901,53
16,4419201001,4419201001,44192,"Puebla de Valverde, La",44,Teruel,4419201,483
16,4419901001,4419901001,44199,Rubiales,44,Teruel,4419901,43
16,4421601002,4421601002,44216,Teruel,44,Teruel,4421601,1915
16,4421602003,4421602003,44216,Teruel,44,Teruel,4421602,1534
16,4421602004,4421602004,44216,Teruel,44,Teruel,4421602,1499
16,4421602006,4421602006,44216,Teruel,44,Teruel,4421602,2120
16,4421603002,4421603002,44216,Teruel,44,Teruel,4421603,1861
16,4421603003,4421603003,44216,Teruel,44,Teruel,4421603,1478
16,4421603005,4421603005,44216,Teruel,44,Teruel,4421603,1715
16,4421603006,4421603006,44216,Teruel,44,Teruel,4421603,1919
16,4421603007,4421603007,44216,Teruel,44,Teruel,4421603,1508
16,4421603008,4421603008,44216,Teruel,44,Teruel,4421603,2333
16,4421603010,4421603010,44216,Teruel,44,Teruel,4421603,1914
16,4421603011,4421603011,44216,Teruel,44,Teruel,4421603,1414
16,4421603012,4421603012,44216,Teruel,44,Teruel,4421603,1069
16,4421801001,4421801001,44218,Tormón,44,Teruel,4421801,28
16,4422801001,4422801001,44228,Torremocha de Jiloca,44,Teruel,4422801,117
16,4425001001,4425001001,44250,Veguillas de la Sierra,44,Teruel,4425001,27
16,4426201001,4426201001,44262,Villarroya de los Pinares,44,Teruel,4426201,160
16,4426301001,4426301001,44263,Villastar,44,Teruel,4426301,566
17,5004401001,5004401001,50044,Bardallur,50,Zaragoza,5004401,240
17,5005601001,5005601001,50056,Botorrita,50,Zaragoza,5005601,589
17,5016301003,5016301003,50163,María de Huerva,50,Zaragoza,5016301,1721
17,5018001001,5018001001,50180,Mozota,50,Zaragoza,5018001,131
17,5018201001,5018201001,50182,"Muela, La",50,Zaragoza,5018201,2635
17,5018201002,5018201002,50182,"Muela, La",50,Zaragoza,5018201,2533
17,5018201003,5018201003,50182,"Muela, La",50,Zaragoza,5018201,1557
17,5021101001,5021101001,50211,Plasencia de Jalón,50,Zaragoza,5021101,380
17,5021201001,5021201001,50212,Pleitas,50,Zaragoza,5021201,29
17,5026901001,5026901001,50269,Urrea de Jalón,50,Zaragoza,5026901,430
17,5029704065,5029704065,50297,Zaragoza,50,Zaragoza,5029704,2417
17,5029704067,5029704067,50297,Zaragoza,50,Zaragoza,5029704,2429
17,5029704068,5029704068,50297,Zaragoza,50,Zaragoza,5029704,1664
17,5029704070,5029704070,50297,Zaragoza,50,Zaragoza,5029704,2136
17,5029704073,5029704073,50297,Zaragoza,50,Zaragoza,5029704,2212
18,5029704058,5029704058,50297,Zaragoza,50,Zaragoza,5029704,1574
18,5029704059,5029704059,50297,Zaragoza,50,Zaragoza,5029704,1897
18,5029704062,5029704062,50297,Zaragoza,50,Zaragoza,5029704,2436
18,5029704063,5029704063,50297,Zaragoza,50,Zaragoza,5029704,2492
18,5029704071,5029704071,50297,Zaragoza,50,Zaragoza,5029704,1961
18,5029704072,5029704072,50297,Zaragoza,50,Zaragoza,5029704,2257
18,5029704077,5029704077,50297,Zaragoza,50,Zaragoza,5029704,1507
18,5029704079,5029704079,50297,Zaragoza,50,Zaragoza,5029704,1303
18,5029708005,5029708005,50297,Zaragoza,50,Zaragoza,5029708,1355
18,5029708014,5029708014,50297,Zaragoza,50,Zaragoza,5029708,2463
18,5029708021,5029708021,50297,Zaragoza,50,Zaragoza,5029708,2546
19,5029704010,5029704010,50297,Zaragoza,50,Zaragoza,5029704,1056
19,5029704012,5029704012,50297,Zaragoza,50,Zaragoza,5029704,932
19,5029704013,5029704013,50297,Zaragoza,50,Zaragoza,5029704,979
19,5029704014,5029704014,50297,Zaragoza,50,Zaragoza,5029704,764
19,5029704016,5029704016,50297,Zaragoza,50,Zaragoza,5029704,1387
19,5029704033,5029704033,50297,Zaragoza,50,Zaragoza,5029704,1310
19,5029704034,5029704034,50297,Zaragoza,50,Zaragoza,5029704,1076
19,5029704035,5029704035,50297,Zaragoza,50,Zaragoza,5029704,861
19,5029704036,5029704036,50297,Zaragoza,50,Zaragoza,5029704,1048
19,5029704038,5029704038,50297,Zaragoza,50,Zaragoza,5029704,1635
19,5029704052,5029704052,50297,Zaragoza,50,Zaragoza,5029704,846
19,5029709005,5029709005,50297,Zaragoza,50,Zaragoza,5029709,1272
19,5029709006,5029709006,50297,Zaragoza,50,Zaragoza,5029709,1541
19,5029709007,5029709007,50297,Zaragoza,50,Zaragoza,5029709,1416
19,5029709008,5029709008,50297,Zaragoza,50,Zaragoza,5029709,1257
19,5029709009,5029709009,50297,Zaragoza,50,Zaragoza,5029709,1172
19,5029709010,5029709010,50297,Zaragoza,50,Zaragoza,5029709,1625
20,5029703026,5029703026,50297,Zaragoza,50,Zaragoza,5029703,836
20,5029703029,5029703029,50297,Zaragoza,50,Zaragoza,5029703,1584
20,5029703030,5029703030,50297,Zaragoza,50,Zaragoza,5029703,1307
20,5029703043,5029703043,50297,Zaragoza,50,Zaragoza,5029703,1232
20,5029703045,5029703045,50297,Zaragoza,50,Zaragoza,5029703,1278
20,5029704015,5029704015,50297,Zaragoza,50,Zaragoza,5029704,815
20,5029704028,5029704028,50297,Zaragoza,50,Zaragoza,5029704,1368
20,5029704031,5029704031,50297,Zaragoza,50,Zaragoza,5029704,740
20,5029704037,5029704037,50297,Zaragoza,50,Zaragoza,5029704,1863
20,5029704039,5029704039,50297,Zaragoza,50,Zaragoza,5029704,1059
20,5029704040,5029704040,50297,Zaragoza,50,Zaragoza,5029704,1353
20,5029704041,5029704041,50297,Zaragoza,50,Zaragoza,5029704,1293
20,5029704048,5029704048,50297,Zaragoza,50,Zaragoza,5029704,1379
20,5029704049,5029704049,50297,Zaragoza,50,Zaragoza,5029704,726
20,5029704056,5029704056,50297,Zaragoza,50,Zaragoza,5029704,2135
20,5029704076,5029704076,50297,Zaragoza,50,Zaragoza,5029704,1303
21,5029710030,5029710030,50297,Zaragoza,50,Zaragoza,5029710,1667
21,5029710032,5029710032,50297,Zaragoza,50,Zaragoza,5029710,1265
21,5029710034,5029710034,50297,Zaragoza,50,Zaragoza,5029710,1047
21,5029710035,5029710035,50297,Zaragoza,50,Zaragoza,5029710,1238
21,5029710083,5029710083,50297,Zaragoza,50,Zaragoza,5029710,1171
21,5029710091,5029710091,50297,Zaragoza,50,Zaragoza,5029710,1345
21,5029711006,5029711006,50297,Zaragoza,50,Zaragoza,5029711,1403
21,5029711009,5029711009,50297,Zaragoza,50,Zaragoza,5029711,1638
21,5029711010,5029711010,50297,Zaragoza,50,Zaragoza,5029711,1542
21,5029711013,5029711013,50297,Zaragoza,50,Zaragoza,5029711,1186
21,5029711015,5029711015,50297,Zaragoza,50,Zaragoza,5029711,2520
21,5029711016,5029711016,50297,Zaragoza,50,Zaragoza,5029711,1952
21,5029711019,5029711019,50297,Zaragoza,50,Zaragoza,5029711,1638
22,5000801001,5000801001,50008,Alagón,50,Zaragoza,5000801,1175
22,5000801002,5000801002,50008,Alagón,50,Zaragoza,5000801,1998
22,5000801004,5000801004,50008,Alagón,50,Zaragoza,5000801,1894
22,5001001001,5001001001,50010,Alberite de San Juan,50,Zaragoza,5001001,78
22,5004301001,5004301001,50043,Bárboles,50,Zaragoza,5004301,277
22,5005301001,5005301001,50053,Boquiñeni,50,Zaragoza,5005301,748
22,5006401001,5006401001,50064,Cabañas de Ebro,50,Zaragoza,5006401,476
22,5010701001,5010701001,50107,Figueruelas,50,Zaragoza,5010701,1310
22,5011802001,5011802001,50118,Gallur,50,Zaragoza,5011802,1179
22,5013201001,5013201001,50132,"Joyosa, La",50,Zaragoza,5013201,1150
22,5014701001,5014701001,50147,Luceni,50,Zaragoza,5014701,1002
22,5015301001,5015301001,50153,Magallón,50,Zaragoza,5015301,1102
22,5020401001,5020401001,50204,Pedrola,50,Zaragoza,5020401,1375
22,5020901001,5020901001,50209,Pinseque,50,Zaragoza,5020901,1821
22,5020901002,5020901002,50209,Pinseque,50,Zaragoza,5020901,2776
22,5021601001,5021601001,50216,Pozuelo de Aragón,50,Zaragoza,5021601,246
22,5029712009,5029712009,50297,Zaragoza,50,Zaragoza,5029712,2145
22,5029712010,5029712010,50297,Zaragoza,50,Zaragoza,5029712,1173
23,2204601001,2204601001,22046,Ballobar,22,Huesca,2204601,870
23,2207701001,2207701001,22077,Candasnos,22,Huesca,2207701,475
23,2209401001,2209401001,22094,Chalamera,22,Huesca,2209401,119
23,2211201002,2211201002,22112,Fraga,22,Huesca,2211201,1355
23,2211201003,2211201003,22112,Fraga,22,Huesca,2211201,976
23,2211201004,2211201004,22112,Fraga,22,Huesca,2211201,988
23,2211201005,2211201005,22112,Fraga,22,Huesca,2211201,2342
23,2211201007,2211201007,22112,Fraga,22,Huesca,2211201,859
23,2211201008,2211201008,22112,Fraga,22,Huesca,2211201,2908
23,2211201009,2211201009,22112,Fraga,22,Huesca,2211201,1590
23,2211201010,2211201010,22112,Fraga,22,Huesca,2211201,1782
23,2223401001,2223401001,22234,Torrente de Cinca,22,Huesca,2223401,1077
23,2224501001,2224501001,22245,Velilla de Cinca,22,Huesca,2224501,512
23,5010501001,5010501001,50105,Fayón,50,Zaragoza,5010501,450
23,5016501001,5016501001,50165,Mequinenza,50,Zaragoza,5016501,1257
23,5016502001,5016502001,50165,Mequinenza,50,Zaragoza,5016502,982
24,2212501001,2212501001,22125,Huesca,22,Huesca,2212501,1783
24,2212501002,2212501002,22125,Huesca,22,Huesca,2212501,1418
24,2212501003,2212501003,22125,Huesca,22,Huesca,2212501,1249
24,2212502002,2212502002,22125,Huesca,22,Huesca,2212502,1923
24,2212504001,2212504001,22125,Huesca,22,Huesca,2212504,2305
24,2212504002,2212504002,22125,Huesca,22,Huesca,2212504,1309
24,2212504004,2212504004,22125,Huesca,22,Huesca,2212504,1568
24,2212506002,2212506002,22125,Huesca,22,Huesca,2212506,778
24,2212507003,2212507003,22125,Huesca,22,Huesca,2212507,1420
24,2212508002,2212508002,22125,Huesca,22,Huesca,2212508,1693
24,2212508003,2212508003,22125,Huesca,22,Huesca,2212508,1068
24,2212508004,2212508004,22125,Huesca,22,Huesca,2212508,2128
24,2222801001,2222801001,22228,Tierz,22,Huesca,2222801,823
25,5029710008,5029710008,50297,Zaragoza,50,Zaragoza,5029710,1635
25,5029710009,5029710009,50297,Zaragoza,50,Zaragoza,5029710,1104
25,5029710011,5029710011,50297,Zaragoza,50,Zaragoza,5029710,1003
25,5029710013,5029710013,50297,Zaragoza,50,Zaragoza,5029710,663
25,5029710014,5029710014,50297,Zaragoza,50,Zaragoza,5029710,1700
25,5029710015,5029710015,50297,Zaragoza,50,Zaragoza,5029710,1129
25,5029710039,5029710039,50297,Zaragoza,50,Zaragoza,5029710,1218
25,5029710042,5029710042,50297,Zaragoza,50,Zaragoza,5029710,1601
25,5029710043,5029710043,50297,Zaragoza,50,Zaragoza,5029710,1791
25,5029710045,5029710045,50297,Zaragoza,50,Zaragoza,5029710,970
25,5029710053,5029710053,50297,Zaragoza,50,Zaragoza,5029710,1985
25,5029710054,5029710054,50297,Zaragoza,50,Zaragoza,5029710,1907
25,5029710059,5029710059,50297,Zaragoza,50,Zaragoza,5029710,792
25,5029710074,5029710074,50297,Zaragoza,50,Zaragoza,5029710,1373
25,5029710094,5029710094,50297,Zaragoza,50,Zaragoza,5029710,1017
26,5003801001,5003801001,50038,Ateca,50,Zaragoza,5003801,1784
26,5004701001,5004701001,50047,Berdejo,50,Zaragoza,5004701,40
26,5005001001,5005001001,50050,Bijuesca,50,Zaragoza,5005001,95
26,5006701001,5006701001,50067,Calatayud,50,Zaragoza,5006701,1719
26,5006701002,5006701002,50067,Calatayud,50,Zaragoza,5006701,1331
26,5006701003,5006701003,50067,Calatayud,50,Zaragoza,5006701,1498
26,5006701004,5006701004,50067,Calatayud,50,Zaragoza,5006701,2209
26,5006701005,5006701005,50067,Calatayud,50,Zaragoza,5006701,1765
26,5006701006,5006701006,50067,Calatayud,50,Zaragoza,5006701,1641
26,5006702001,5006702001,50067,Calatayud,50,Zaragoza,5006702,1518
26,5006702002,5006702002,50067,Calatayud,50,Zaragoza,5006702,1391
26,5006702004,5006702004,50067,Calatayud,50,Zaragoza,5006702,1094
26,5006702005,5006702005,50067,Calatayud,50,Zaragoza,5006702,1589
26,5006703001,5006703001,50067,Calatayud,50,Zaragoza,5006703,915
26,5006704001,5006704001,50067,Calatayud,50,Zaragoza,5006704,1213
26,5009301001,5009301001,50093,Chodes,50,Zaragoza,5009301,98
26,5011001001,5011001001,50110,"Frasno, El",50,Zaragoza,5011001,370
26,5017801001,5017801001,50178,Moros,50,Zaragoza,5017801,275
26,5020201001,5020201001,50202,Paracuellos de la Ribera,50,Zaragoza,5020201,111
26,5022501001,5022501001,50225,Ricla,50,Zaragoza,5022501,1065
26,5024201001,5024201001,50242,Sediles,50,Zaragoza,5024201,109
26,5026301001,5026301001,50263,Torrijo de la Cañada,50,Zaragoza,5026301,187
26,5028601001,5028601001,50286,Villalba de Perejil,50,Zaragoza,5028601,87
26,5028701001,5028701001,50287,Villalengua,50,Zaragoza,5028701,293
26,5029301001,5029301001,50293,Villarroya de la Sierra,50,Zaragoza,5029301,397
27,5029703008,5029703008,50297,Zaragoza,50,Zaragoza,5029703,1348
27,5029703011,5029703011,50297,Zaragoza,50,Zaragoza,5029703,1633
27,5029703020,5029703020,50297,Zaragoza,50,Zaragoza,5029703,2053
27,5029703024,5029703024,50297,Zaragoza,50,Zaragoza,5029703,1634
27,5029703025,5029703025,50297,Zaragoza,50,Zaragoza,5029703,1138
27,5029703027,5029703027,50297,Zaragoza,50,Zaragoza,5029703,1238
27,5029703028,5029703028,50297,Zaragoza,50,Zaragoza,5029703,1023
27,5029703032,5029703032,50297,Zaragoza,50,Zaragoza,5029703,1506
27,5029703033,5029703033,50297,Zaragoza,50,Zaragoza,5029703,1097
27,5029703034,5029703034,50297,Zaragoza,50,Zaragoza,5029703,1489
27,5029703042,5029703042,50297,Zaragoza,50,Zaragoza,5029703,1191
27,5029703044,5029703044,50297,Zaragoza,50,Zaragoza,5029703,1075
27,5029703079,5029703079,50297,Zaragoza,50,Zaragoza,5029703,1084
27,5029704025,5029704025,50297,Zaragoza,50,Zaragoza,5029704,1323
27,5029704027,5029704027,50297,Zaragoza,50,Zaragoza,5029704,1458
28,2208301001,2208301001,22083,Castejón de Monegros,22,Huesca,2208301,458
28,2221301001,2221301001,22213,Sariñena,22,Huesca,2221301,1908
28,2221301002,2221301002,22213,Sariñena,22,Huesca,2221301,1601
28,2221301003,2221301003,22213,Sariñena,22,Huesca,2221301,610
28,4403101001,4403101001,44031,Azaila,44,Teruel,4403101,94
28,4419101001,4419101001,44191,"Puebla de Híjar, La",44,Teruel,4419101,934
28,4426501001,4426501001,44265,Vinaceite,44,Teruel,4426501,180
28,5001201001,5001201001,50012,Alborge,50,Zaragoza,5001201,104
28,5001901001,5001901001,50019,Alforque,50,Zaragoza,5001901,57
28,5002101001,5002101001,50021,Almochuel,50,Zaragoza,5002101,22
28,5002201001,5002201001,50022,"Almolda, La",50,Zaragoza,5002201,522
28,5005901001,5005901001,50059,Bujaraloz,50,Zaragoza,5005901,944
28,5007402001,5007402001,50074,Caspe,50,Zaragoza,5007402,1516
28,5007403001,5007403001,50074,Caspe,50,Zaragoza,5007403,1997
28,5007403002,5007403002,50074,Caspe,50,Zaragoza,5007403,1521
28,5008301001,5008301001,50083,Cinco Olivas,50,Zaragoza,5008301,97
28,5011901001,5011901001,50119,Gelsa,50,Zaragoza,5011901,998
28,5017001001,5017001001,50170,Monegrillo,50,Zaragoza,5017001,378
28,5019901001,5019901001,50199,Osera de Ebro,50,Zaragoza,5019901,444
28,5020801001,5020801001,50208,Pina de Ebro,50,Zaragoza,5020801,820
28,5020801002,5020801002,50208,Pina de Ebro,50,Zaragoza,5020801,1662
28,5022201002,5022201002,50222,Quinto,50,Zaragoza,5022201,756
28,5024001001,5024001001,50240,Sástago,50,Zaragoza,5024001,1068
28,5027801001,5027801001,50278,Velilla de Ebro,50,Zaragoza,5027801,207
28,5029601001,5029601001,50296,"Zaida, La",50,Zaragoza,5029601,433
29,2200801001,2200801001,22008,Albalatillo,22,Huesca,2200801,223
29,2201301001,2201301001,22013,Alberuela de Tubo,22,Huesca,2201301,270
29,2207901001,2207901001,22079,Capdesaso,22,Huesca,2207901,192
29,2208501001,2208501001,22085,Castelflorite,22,Huesca,2208501,102
29,2212401001,2212401001,22124,Huerto,22,Huesca,2212401,215
29,2213601001,2213601001,22136,Lalueza,22,Huesca,2213601,848
29,2215801002,2215801002,22158,Monzón,22,Huesca,2215801,1440
29,2215801007,2215801007,22158,Monzón,22,Huesca,2215801,1134
29,2215801008,2215801008,22158,Monzón,22,Huesca,2215801,1855
29,2217201001,2217201001,22172,Peñalba,22,Huesca,2217201,685
29,2217401001,2217401001,22174,Peralta de Alcofea,22,Huesca,2217401,573
29,2218401001,2218401001,22184,Poleñino,22,Huesca,2218401,183
29,2221701001,2221701001,22217,Sena,22,Huesca,2221701,488
29,2224201001,2224201001,22242,Valfarta,22,Huesca,2224201,54
29,2225101001,2225101001,22251,Villanueva de Sigena,22,Huesca,2225101,342
29,2290301001,2290301001,22903,San Miguel del Cinca,22,Huesca,2290301,777
29,4401305002,4401305002,44013,Alcañiz,44,Teruel,4401305,2364
29,4406701001,4406701001,44067,Castelnou,44,Teruel,4406701,92
29,5007401001,5007401001,50074,Caspe,50,Zaragoza,5007401,1767
29,5007404001,5007404001,50074,Caspe,50,Zaragoza,5007404,1384
29,5007404002,5007404002,50074,Caspe,50,Zaragoza,5007404,2220
29,5009201001,5009201001,50092,Chiprana,50,Zaragoza,5009201,505
29,5010101001,5010101001,50101,Escatrón,50,Zaragoza,5010101,1191
30,4402001001,4402001001,44020,Alpeñés,44,Teruel,4402001,27
30,4403401001,4403401001,44034,Bañón,44,Teruel,4403401,152
30,4403501001,4403501001,44035,Barrachina,44,Teruel,4403501,113
30,4403901001,4403901001,44039,Bello,44,Teruel,4403901,203
30,4405001001,4405001001,44050,Calamocha,44,Teruel,4405001,2069
30,4405001002,4405001002,44050,Calamocha,44,Teruel,4405001,1993
30,4405001003,4405001003,44050,Calamocha,44,Teruel,4405001,566
30,4411201001,4411201001,44112,Fuentes Claras,44,Teruel,4411201,427
30,4416801001,4416801001,44168,Odón,44,Teruel,4416801,194
30,4420701001,4420701001,44207,San Martín del Río,44,Teruel,4420701,137
30,4422001001,4422001001,44220,Torralba de los Sisones,44,Teruel,4422001,145
30,4422701001,4422701001,44227,Torre los Negros,44,Teruel,4422701,77
30,4423201001,4423201001,44232,Torrijo del Campo,44,Teruel,4423201,509
30,5000201001,5000201001,50002,Acered,50,Zaragoza,5000201,134
30,5000401001,5000401001,50004,Aguarón,50,Zaragoza,5000401,604
30,5001501001,5001501001,50015,Alconchel de Ariza,50,Zaragoza,5001501,79
30,5002001001,5002001001,50020,Alhama de Aragón,50,Zaragoza,5002001,918
30,5002601001,5002601001,50026,Alpartir,50,Zaragoza,5002601,605
30,5003401001,5003401001,50034,Ariza,50,Zaragoza,5003401,1089
30,5003701001,5003701001,50037,Atea,50,Zaragoza,5003701,143
30,5004601001,5004601001,50046,Belmonte de Gracián,50,Zaragoza,5004601,184
30,5004801001,5004801001,50048,Berrueco,50,Zaragoza,5004801,32
30,5005401001,5005401001,50054,Bordalba,50,Zaragoza,5005401,47
30,5005801001,5005801001,50058,Bubierca,50,Zaragoza,5005801,66
30,5006501001,5006501001,50065,Cabolafuente,50,Zaragoza,5006501,50
30,5007001001,5007001001,50070,Calmarza,50,Zaragoza,5007001,57
30,5007101001,5007101001,50071,Campillo de Aragón,50,Zaragoza,5007101,114
30,5007201001,5007201001,50072,Carenas,50,Zaragoza,5007201,170
30,5007302001,5007302001,50073,Cariñena,50,Zaragoza,5007302,1103
30,5007501001,5007501001,50075,Castejón de Alarba,50,Zaragoza,5007501,74
30,5007601001,5007601001,50076,Castejón de las Armas,50,Zaragoza,5007601,88
30,5008101001,5008101001,50081,Cetina,50,Zaragoza,5008101,536
30,5008701001,5008701001,50087,Contamina,50,Zaragoza,5008701,34
30,5009101001,5009101001,50091,"Cuerlas, Las",50,Zaragoza,5009101,44
30,5009601001,5009601001,50096,Embid de Ariza,50,Zaragoza,5009601,28
30,5009801001,5009801001,50098,Encinacorba,50,Zaragoza,5009801,175
30,5012001001,5012001001,50120,Godojos,50,Zaragoza,5012001,55
30,5012501001,5012501001,50125,Ibdes,50,Zaragoza,5012501,355
30,5012901001,5012901001,50129,Jaraba,50,Zaragoza,5012901,292
30,5013101001,5013101001,50131,Jaulín,50,Zaragoza,5013101,305
30,5013401001,5013401001,50134,Langa del Castillo,50,Zaragoza,5013401,110
30,5014301001,5014301001,50143,Longares,50,Zaragoza,5014301,805
30,5015401001,5015401001,50154,Mainar,50,Zaragoza,5015401,162
30,5015901001,5015901001,50159,Maluenda,50,Zaragoza,5015901,896
30,5016201001,5016201001,50162,Mara,50,Zaragoza,5016201,161
30,5016701001,5016701001,50167,Mezalocha,50,Zaragoza,5016701,197
30,5017201001,5017201001,50172,Monreal de Ariza,50,Zaragoza,5017201,175
30,5017401001,5017401001,50174,Montón,50,Zaragoza,5017401,88
30,5017501001,5017501001,50175,Morata de Jalón,50,Zaragoza,5017501,1102
30,5018301001,5018301001,50183,Munébrega,50,Zaragoza,5018301,357
30,5018801001,5018801001,50188,Nombrevilla,50,Zaragoza,5018801,40
30,5019201001,5019201001,50192,Nuévalos,50,Zaragoza,5019201,325
30,5019401001,5019401001,50194,Olvés,50,Zaragoza,5019401,108
30,5019601001,5019601001,50196,Orera,50,Zaragoza,5019601,103
30,5020101001,5020101001,50201,Paracuellos de Jiloca,50,Zaragoza,5020101,612
30,5021501001,5021501001,50215,Pozuel de Ariza,50,Zaragoza,5021501,15
30,5022401001,5022401001,50224,Retascón,50,Zaragoza,5022401,78
30,5023601001,5023601001,50236,Santa Cruz de Grío,50,Zaragoza,5023601,96
30,5024601001,5024601001,50246,Sisamón,50,Zaragoza,5024601,50
30,5025301001,5025301001,50253,Terrer,50,Zaragoza,5025301,583
30,5025501001,5025501001,50255,Tobed,50,Zaragoza,5025501,197
30,5025901001,5025901001,50259,Torrehermosa,50,Zaragoza,5025901,69
30,5027101001,5027101001,50271,Used,50,Zaragoza,5027101,250
30,5027301001,5027301001,50273,Valdehorna,50,Zaragoza,5027301,29
30,5027401001,5027401001,50274,Val de San Martín,50,Zaragoza,5027401,56
30,5027701001,5027701001,50277,Valtorres,50,Zaragoza,5027701,68
30,5027901001,5027901001,50279,Velilla de Jiloca,50,Zaragoza,5027901,92
30,5028201001,5028201001,50282,"Vilueña, La",50,Zaragoza,5028201,60
30,5028401001,5028401001,50284,Villafeliche,50,Zaragoza,5028401,162
31,5029708003,5029708003,50297,Zaragoza,50,Zaragoza,5029708,1183
31,5029708004,5029708004,50297,Zaragoza,50,Zaragoza,5029708,2116
31,5029708007,5029708007,50297,Zaragoza,50,Zaragoza,5029708,1373
31,5029708008,5029708008,50297,Zaragoza,50,Zaragoza,5029708,1244
31,5029708009,5029708009,50297,Zaragoza,50,Zaragoza,5029708,1554
31,5029708012,5029708012,50297,Zaragoza,50,Zaragoza,5029708,1612
31,5029708017,5029708017,50297,Zaragoza,50,Zaragoza,5029708,1973
31,5029708018,5029708018,50297,Zaragoza,50,Zaragoza,5029708,1983
31,5029708020,5029708020,50297,Zaragoza,50,Zaragoza,5029708,1615
31,5029708024,5029708024,50297,Zaragoza,50,Zaragoza,5029708,1642
31,5029708026,5029708026,50297,Zaragoza,50,Zaragoza,5029708,1873
31,5029708028,5029708028,50297,Zaragoza,50,Zaragoza,5029708,1946
31,5029708029,5029708029,50297,Zaragoza,50,Zaragoza,5029708,1186
32,2200101001,2200101001,22001,Abiego,22,Huesca,2200101,259
32,2200201001,2200201001,22002,Abizanda,22,Huesca,2200201,161
32,2200301001,2200301001,22003,Adahuesca,22,Huesca,2200301,196
32,2202401001,2202401001,22024,Alquézar,22,Huesca,2202401,325
32,2204801006,2204801006,22048,Barbastro,22,Huesca,2204801,1346
32,2204801012,2204801012,22048,Barbastro,22,Huesca,2204801,1312
32,2205101001,2205101001,22051,Bárcabo,22,Huesca,2205101,116
32,2205301001,2205301001,22053,Benabarre,22,Huesca,2205301,1146
32,2205401001,2205401001,22054,Benasque,22,Huesca,2205401,2366
32,2205701001,2205701001,22057,Bielsa,22,Huesca,2205701,478
32,2207401001,2207401001,22074,Campo,22,Huesca,2207401,496
32,2208401001,2208401001,22084,Castejón de Sos,22,Huesca,2208401,834
32,2209001001,2209001001,22090,Colungo,22,Huesca,2209001,127
32,2210201001,2210201001,22102,Estada,22,Huesca,2210201,215
32,2210301001,2210301001,22103,Estadilla,22,Huesca,2210301,810
32,2210701001,2210701001,22107,Fanlo,22,Huesca,2210701,113
32,2211001001,2211001001,22110,Fonz,22,Huesca,2211001,886
32,2211101001,2211101001,22111,Foradada del Toscar,22,Huesca,2211101,163
32,2211401001,2211401001,22114,Gistaín,22,Huesca,2211401,114
32,2211501001,2211501001,22115,"Grado, El",22,Huesca,2211501,382
32,2211701001,2211701001,22117,Graus,22,Huesca,2211701,1681
32,2211701002,2211701002,22117,Graus,22,Huesca,2211701,1720
32,2213301001,2213301001,22133,Labuerda,22,Huesca,2213301,176
32,2214401001,2214401001,22144,Laspuña,22,Huesca,2214401,279
32,2216001001,2216001001,22160,Naval,22,Huesca,2216001,279
32,2216401001,2216401001,22164,Olvena,22,Huesca,2216401,63
32,2216801001,2216801001,22168,Palo,22,Huesca,2216801,31
32,2217701001,2217701001,22177,Perarrúa,22,Huesca,2217701,116
32,2218201001,2218201001,22182,Plan,22,Huesca,2218201,274
32,2218701001,2218701001,22187,"Puebla de Castro, La",22,Huesca,2218701,427
32,2218901001,2218901001,22189,Puértolas,22,Huesca,2218901,219
32,2219001001,2219001001,22190,"Pueyo de Araguás, El",22,Huesca,2219001,178
32,2220001001,2220001001,22200,Sahún,22,Huesca,2220001,322
32,2220701001,2220701001,22207,San Juan de Plan,22,Huesca,2220701,145
32,2221201001,2221201001,22212,Santaliestra y San Quílez,22,Huesca,2221201,78
32,2221401001,2221401001,22214,Secastilla,22,Huesca,2221401,142
32,2222101001,2222101001,22221,Sesué,22,Huesca,2222101,120
32,2222701001,2222701001,22227,Tella-Sin,22,Huesca,2222701,207
32,2224901001,2224901001,22249,Villanova,22,Huesca,2224901,171
32,2290801001,2290801001,22908,Hoz y Costean,22,Huesca,2290801,225
33,5008901002,5008901002,50089,Cuarte de Huerva,50,Zaragoza,5008901,1621
33,5008901003,5008901003,50089,Cuarte de Huerva,50,Zaragoza,5008901,2498
33,5008901007,5008901007,50089,Cuarte de Huerva,50,Zaragoza,5008901,1998
33,5029704042,5029704042,50297,Zaragoza,50,Zaragoza,5029704,2162
33,5029704053,5029704053,50297,Zaragoza,50,Zaragoza,5029704,1554
33,5029704057,5029704057,50297,Zaragoza,50,Zaragoza,5029704,962
33,5029704061,5029704061,50297,Zaragoza,50,Zaragoza,5029704,1749
33,5029708011,5029708011,50297,Zaragoza,50,Zaragoza,5029708,1664
33,5029708013,5029708013,50297,Zaragoza,50,Zaragoza,5029708,1661
33,5029708019,5029708019,50297,Zaragoza,50,Zaragoza,5029708,1506
33,5029708022,5029708022,50297,Zaragoza,50,Zaragoza,5029708,1411
33,5029708023,5029708023,50297,Zaragoza,50,Zaragoza,5029708,1513
33,5029708027,5029708027,50297,Zaragoza,50,Zaragoza,5029708,1941
34,5029701004,5029701004,50297,Zaragoza,50,Zaragoza,5029701,1659
34,5029701005,5029701005,50297,Zaragoza,50,Zaragoza,5029701,1638
34,5029701033,5029701033,50297,Zaragoza,50,Zaragoza,5029701,1160
34,5029706008,5029706008,50297,Zaragoza,50,Zaragoza,5029706,1195
34,5029706009,5029706009,50297,Zaragoza,50,Zaragoza,5029706,1126
34,5029706018,5029706018,50297,Zaragoza,50,Zaragoza,5029706,834
34,5029706020,5029706020,50297,Zaragoza,50,Zaragoza,5029706,1259
34,5029706022,5029706022,50297,Zaragoza,50,Zaragoza,5029706,1574
34,5029706024,5029706024,50297,Zaragoza,50,Zaragoza,5029706,1581
34,5029706025,5029706025,50297,Zaragoza,50,Zaragoza,5029706,1145
34,5029706039,5029706039,50297,Zaragoza,50,Zaragoza,5029706,1154
34,5029710024,5029710024,50297,Zaragoza,50,Zaragoza,5029710,730
34,5029710026,5029710026,50297,Zaragoza,50,Zaragoza,5029710,1085
34,5029710038,5029710038,50297,Zaragoza,50,Zaragoza,5029710,1094
34,5029710084,5029710084,50297,Zaragoza,50,Zaragoza,5029710,1368
34,5029710090,5029710090,50297,Zaragoza,50,Zaragoza,5029710,1444
35,5029707002,5029707002,50297,Zaragoza,50,Zaragoza,5029707,1031
35,5029707003,5029707003,50297,Zaragoza,50,Zaragoza,5029707,1957
35,5029710001,5029710001,50297,Zaragoza,50,Zaragoza,5029710,1585
35,5029710002,5029710002,50297,Zaragoza,50,Zaragoza,5029710,2432
35,5029710004,5029710004,50297,Zaragoza,50,Zaragoza,5029710,1546
35,5029710006,5029710006,50297,Zaragoza,50,Zaragoza,5029710,1160
35,5029710012,5029710012,50297,Zaragoza,50,Zaragoza,5029710,1341
35,5029710031,5029710031,50297,Zaragoza,50,Zaragoza,5029710,1202
35,5029710036,5029710036,50297,Zaragoza,50,Zaragoza,5029710,1043
35,5029710049,5029710049,50297,Zaragoza,50,Zaragoza,5029710,1737
35,5029710058,5029710058,50297,Zaragoza,50,Zaragoza,5029710,1222
35,5029710073,5029710073,50297,Zaragoza,50,Zaragoza,5029710,1409
35,5029710082,5029710082,50297,Zaragoza,50,Zaragoza,5029710,1918
36,2200701001,2200701001,22007,Albalate de Cinca,22,Huesca,2200701,1111
36,2202001001,2202001001,22020,Alfántega,22,Huesca,2202001,128
36,2202201001,2202201001,22022,Almunia de San Juan,22,Huesca,2202201,737
36,2204001001,2204001001,22040,Azanuy-Alins,22,Huesca,2204001,184
36,2206001001,2206001001,22060,Binaced,22,Huesca,2206001,1680
36,2206101001,2206101001,22061,Binéfar,22,Huesca,2206101,2361
36,2206101002,2206101002,22061,Binéfar,22,Huesca,2206101,2507
36,2206101003,2206101003,22061,Binéfar,22,Huesca,2206101,2331
36,2206101004,2206101004,22061,Binéfar,22,Huesca,2206101,2970
36,2208201001,2208201001,22082,Castejón del Puente,22,Huesca,2208201,359
36,2215801003,2215801003,22158,Monzón,22,Huesca,2215801,1062
36,2215801006,2215801006,22158,Monzón,22,Huesca,2215801,1547
36,2219301001,2219301001,22193,Pueyo de Santa Cruz,22,Huesca,2219301,333
36,2220501001,2220501001,22205,San Esteban de Litera,22,Huesca,2220501,669
36,2222501002,2222501002,22225,Tamarite de Litera,22,Huesca,2222501,590
37,4400901001,4400901001,44009,Albarracín,44,Teruel,4400901,1001
37,4404101001,4404101001,44041,Bezas,44,Teruel,4404101,73
37,4404201001,4404201001,44042,Blancas,44,Teruel,4404201,132
37,4405201001,4405201001,44052,Calomarde,44,Teruel,4405201,76
37,4405601001,4405601001,44056,Caminreal,44,Teruel,4405601,608
37,4407601001,4407601001,44076,Cella,44,Teruel,4407601,1173
37,4407601002,4407601002,44076,Cella,44,Teruel,4407601,1521
37,4408501001,4408501001,44085,Cosa,44,Teruel,4408501,63
37,4410901001,4410901001,44109,Frías de Albarracín,44,Teruel,4410901,109
37,4411701001,4411701001,44117,Gea de Albarracín,44,Teruel,4411701,458
37,4411901001,4411901001,44119,Griegos,44,Teruel,4411901,152
37,4412001001,4412001001,44120,Guadalaviar,44,Teruel,4412001,240
37,4415701001,4415701001,44157,Monterde de Albarracín,44,Teruel,4415701,62
37,4415901001,4415901001,44159,Moscardón,44,Teruel,4415901,63
37,4416301001,4416301001,44163,Noguera de Albarracín,44,Teruel,4416301,131
37,4416901001,4416901001,44169,Ojos Negros,44,Teruel,4416901,321
37,4417401001,4417401001,44174,Orihuela del Tremedal,44,Teruel,4417401,450
37,4417701001,4417701001,44177,Pancrudo,44,Teruel,4417701,118
37,4419001001,4419001001,44190,Pozuel del Campo,44,Teruel,4419001,76
37,4419701001,4419701001,44197,Ródenas,44,Teruel,4419701,57
37,4419801001,4419801001,44198,Royuela,44,Teruel,4419801,228
37,4420001001,4420001001,44200,Rubielos de la Cérida,44,Teruel,4420001,20
37,4420401001,4420401001,44204,Saldón,44,Teruel,4420401,32
37,4420901001,4420901001,44209,Santa Eulalia,44,Teruel,4420901,1004
37,4421501001,4421501001,44215,Terriente,44,Teruel,4421501,194
37,4421601001,4421601001,44216,Teruel,44,Teruel,4421601,1703
37,4421602001,4421602001,44216,Teruel,44,Teruel,4421602,2005
37,4421602002,4421602002,44216,Teruel,44,Teruel,4421602,1030
37,4421602005,4421602005,44216,Teruel,44,Teruel,4421602,1503
37,4421602007,4421602007,44216,Teruel,44,Teruel,4421602,1054
37,4421603001,4421603001,44216,Teruel,44,Teruel,4421603,1460
37,4421603004,4421603004,44216,Teruel,44,Teruel,4421603,1606
37,4421603009,4421603009,44216,Teruel,44,Teruel,4421603,1696
37,4421604001,4421604001,44216,Teruel,44,Teruel,4421604,2185
37,4421701001,4421701001,44217,Toril y Masegoso,44,Teruel,4421701,30
37,4422901001,4422901001,44229,Torres de Albarracín,44,Teruel,4422901,184
37,4423501001,4423501001,44235,Tramacastilla,44,Teruel,4423501,134
37,4423801001,4423801001,44238,Utrillas,44,Teruel,4423801,794
37,4423802001,4423802001,44238,Utrillas,44,Teruel,4423802,697
37,4423802002,4423802002,44238,Utrillas,44,Teruel,4423802,792
37,4423802003,4423802003,44238,Utrillas,44,Teruel,4423802,790
37,4424301001,4424301001,44243,Valdecuenca,44,Teruel,4424301,33
37,4424901001,4424901001,44249,"Vallecillo, El",44,Teruel,4424901,40
37,4425701001,4425701001,44257,Villar del Cobo,44,Teruel,4425701,163
37,4425801001,4425801001,44258,Villar del Salz,44,Teruel,4425801,59
37,4426101001,4426101001,44261,Villarquemado,44,Teruel,4426101,900
38,5029701003,5029701003,50297,Zaragoza,50,Zaragoza,5029701,1035
38,5029701006,5029701006,50297,Zaragoza,50,Zaragoza,5029701,1028
38,5029701019,5029701019,50297,Zaragoza,50,Zaragoza,5029701,1506
38,5029701043,5029701043,50297,Zaragoza,50,Zaragoza,5029701,1574
38,5029702012,5029702012,50297,Zaragoza,50,Zaragoza,5029702,1449
38,5029702030,5029702030,50297,Zaragoza,50,Zaragoza,5029702,944
38,5029702036,5029702036,50297,Zaragoza,50,Zaragoza,5029702,691
38,5029702042,5029702042,50297,Zaragoza,50,Zaragoza,5029702,789
38,5029702045,5029702045,50297,Zaragoza,50,Zaragoza,5029702,1160
38,5029710003,5029710003,50297,Zaragoza,50,Zaragoza,5029710,1923
38,5029710005,5029710005,50297,Zaragoza,50,Zaragoza,5029710,849
38,5029710019,5029710019,50297,Zaragoza,50,Zaragoza,5029710,2369
38,5029710020,5029710020,50297,Zaragoza,50,Zaragoza,5029710,1163
38,5029710021,5029710021,50297,Zaragoza,50,Zaragoza,5029710,1354
38,5029710060,5029710060,50297,Zaragoza,50,Zaragoza,5029710,2107
39,5000801003,5000801003,50008,Alagón,50,Zaragoza,5000801,1578
39,5000801005,5000801005,50008,Alagón,50,Zaragoza,5000801,875
39,5001101001,5001101001,50011,Albeta,50,Zaragoza,5001101,139
39,5001401001,5001401001,50014,Alcalá de Moncayo,50,Zaragoza,5001401,147
39,5001801001,5001801001,50018,Alfamén,50,Zaragoza,5001801,1463
39,5002701001,5002701001,50027,Ambel,50,Zaragoza,5002701,253
39,5005501001,5005501001,50055,Borja,50,Zaragoza,5005501,2733
39,5006001001,5006001001,50060,Bulbuente,50,Zaragoza,5006001,249
39,5006101001,5006101001,50061,Bureta,50,Zaragoza,5006101,208
39,5006801001,5006801001,50068,Calatorao,50,Zaragoza,5006801,1150
39,5006801002,5006801002,50068,Calatorao,50,Zaragoza,5006801,1810
39,5009901001,5009901001,50099,Épila,50,Zaragoza,5009901,1280
39,5009902001,5009902001,50099,Épila,50,Zaragoza,5009902,1361
39,5010601001,5010601001,50106,"Fayos, Los",50,Zaragoza,5010601,134
39,5011301001,5011301001,50113,Fuendejalón,50,Zaragoza,5011301,795
39,5012101001,5012101001,50121,Gotor,50,Zaragoza,5012101,316
39,5012201001,5012201001,50122,Grisel,50,Zaragoza,5012201,101
39,5012301001,5012301001,50123,Grisén,50,Zaragoza,5012301,626
39,5014001001,5014001001,50140,Litago,50,Zaragoza,5014001,172
39,5014101001,5014101001,50141,Lituénigo,50,Zaragoza,5014101,121
39,5014601001,5014601001,50146,Lucena de Jalón,50,Zaragoza,5014601,226
39,5018101001,5018101001,50181,Muel,50,Zaragoza,5018101,1554
39,5019801001,5019801001,50198,Oseja,50,Zaragoza,5019801,42
39,5020401002,5020401002,50204,Pedrola,50,Zaragoza,5020401,2468
39,5022801001,5022801001,50228,Rueda de Jalón,50,Zaragoza,5022801,323
39,5023101001,5023101001,50231,Salillas de Jalón,50,Zaragoza,5023101,373
39,5023401001,5023401001,50234,San Martín de la Virgen de Moncayo,50,Zaragoza,5023401,264
39,5023701001,5023701001,50237,Santa Cruz de Moncayo,50,Zaragoza,5023701,123
39,5024301001,5024301001,50243,Sestrica,50,Zaragoza,5024301,325
39,5024901001,5024901001,50249,Tabuenca,50,Zaragoza,5024901,309
39,5025001001,5025001001,50250,Talamantes,50,Zaragoza,5025001,68
39,5025401001,5025401001,50254,Tierga,50,Zaragoza,5025401,170
39,5025701001,5025701001,50257,Torralba de Ribota,50,Zaragoza,5025701,158
39,5026101001,5026101001,50261,Torrellas,50,Zaragoza,5026101,248
39,5026501001,5026501001,50265,Trasmoz,50,Zaragoza,5026501,88
39,5026601001,5026601001,50266,Trasobares,50,Zaragoza,5026601,124
39,5028001001,5028001001,50280,Vera de Moncayo,50,Zaragoza,5028001,318
40,4401301001,4401301001,44013,Alcañiz,44,Teruel,4401301,1002
40,4401302001,4401302001,44013,Alcañiz,44,Teruel,4401302,929
40,4401303001,4401303001,44013,Alcañiz,44,Teruel,4401303,867
40,4401303002,4401303002,44013,Alcañiz,44,Teruel,4401303,1596
40,4401303003,4401303003,44013,Alcañiz,44,Teruel,4401303,886
40,4401303004,4401303004,44013,Alcañiz,44,Teruel,4401303,2719
40,4401303005,4401303005,44013,Alcañiz,44,Teruel,4401303,1897
40,4401304001,4401304001,44013,Alcañiz,44,Teruel,4401304,841
40,4401304002,4401304002,44013,Alcañiz,44,Teruel,4401304,1999
40,4401305001,4401305001,44013,Alcañiz,44,Teruel,4401305,1347
40,4412901001,4412901001,44129,Jatiel,44,Teruel,4412901,48
40,4420501001,4420501001,44205,Samper de Calanda,44,Teruel,4420501,733
40,5010201001,5010201001,50102,Fabara,50,Zaragoza,5010201,1062
40,5015201001,5015201001,50152,Maella,50,Zaragoza,5015201,1068
40,5015202001,5015202001,50152,Maella,50,Zaragoza,5015202,1075
40,5018901001,5018901001,50189,Nonaspe,50,Zaragoza,5018901,1005
41,5001701001,5001701001,50017,Alfajarín,50,Zaragoza,5001701,2420
41,5020301001,5020301001,50203,Pastriz,50,Zaragoza,5020301,1321
41,5021901001,5021901001,50219,"Puebla de Alfindén, La",50,Zaragoza,5021901,2187
41,5021901002,5021901002,50219,"Puebla de Alfindén, La",50,Zaragoza,5021901,2131
41,5021901003,5021901003,50219,"Puebla de Alfindén, La",50,Zaragoza,5021901,2346
41,5023501001,5023501001,50235,San Mateo de Gállego,50,Zaragoza,5023501,1392
41,5029711004,5029711004,50297,Zaragoza,50,Zaragoza,5029711,1249
41,5029711007,5029711007,50297,Zaragoza,50,Zaragoza,5029711,1054
41,5029711008,5029711008,50297,Zaragoza,50,Zaragoza,5029711,2292
41,5029711011,5029711011,50297,Zaragoza,50,Zaragoza,5029711,1415
41,5029711018,5029711018,50297,Zaragoza,50,Zaragoza,5029711,2428
42,5007701001,5007701001,50077,Castejón de Valdejasa,50,Zaragoza,5007701,188
42,5009501002,5009501002,50095,Ejea de los Caballeros,50,Zaragoza,5009501,1541
42,5009501005,5009501005,50095,Ejea de los Caballeros,50,Zaragoza,5009501,1295
42,5009502001,5009502001,50095,Ejea de los Caballeros,50,Zaragoza,5009502,1635
42,5009502003,5009502003,50095,Ejea de los Caballeros,50,Zaragoza,5009502,1561
42,5009502004,5009502004,50095,Ejea de los Caballeros,50,Zaragoza,5009502,1386
42,5009502006,5009502006,50095,Ejea de los Caballeros,50,Zaragoza,5009502,1289
42,5009502007,5009502007,50095,Ejea de los Caballeros,50,Zaragoza,5009502,1261
42,5009502008,5009502008,50095,Ejea de los Caballeros,50,Zaragoza,5009502,1763
42,5010001001,5010001001,50100,Erla,50,Zaragoza,5010001,372
42,5013501001,5013501001,50135,Layana,50,Zaragoza,5013501,94
42,5015101001,5015101001,50151,Luna,50,Zaragoza,5015101,675
42,5023001001,5023001001,50230,Sádaba,50,Zaragoza,5023001,651
42,5028801001,5028801001,50288,Villanueva de Gállego,50,Zaragoza,5028801,2120
42,5028801003,5028801003,50288,Villanueva de Gállego,50,Zaragoza,5028801,1657
42,5029801001,5029801001,50298,Zuera,50,Zaragoza,5029801,2696
43,4400601001,4400601001,44006,Alacón,44,Teruel,4400601,204
43,4400801001,4400801001,44008,Albalate del Arzobispo,44,Teruel,4400801,948
43,4400801002,4400801002,44008,Albalate del Arzobispo,44,Teruel,4400801,1000
43,4401101001,4401101001,44011,Alcaine,44,Teruel,4401101,38
43,4401401001,4401401001,44014,Alcorisa,44,Teruel,4401401,1677
43,4401401002,4401401002,44014,Alcorisa,44,Teruel,4401401,1565
43,4402201001,4402201001,44022,Alloza,44,Teruel,4402201,556
43,4402501001,4402501001,44025,Andorra,44,Teruel,4402501,1607
43,4402501002,4402501002,44025,Andorra,44,Teruel,4402501,1701
43,4402501003,4402501003,44025,Andorra,44,Teruel,4402501,830
43,4402502001,4402502001,44025,Andorra,44,Teruel,4402502,831
43,4402502002,4402502002,44025,Andorra,44,Teruel,4402502,1501
43,4402502003,4402502003,44025,Andorra,44,Teruel,4402502,722
43,4402901001,4402901001,44029,Ariño,44,Teruel,4402901,608
43,4403801001,4403801001,44038,Belmonte de San José,44,Teruel,4403801,114
43,4404001001,4404001001,44040,Berge,44,Teruel,4404001,220
43,4405101001,4405101001,44051,Calanda,44,Teruel,4405101,942
43,4406101001,4406101001,44061,"Cañada de Verich, La",44,Teruel,4406101,72
43,4406301001,4406301001,44063,Cañizar del Olivar,44,Teruel,4406301,112
43,4407701001,4407701001,44077,"Cerollera, La",44,Teruel,4407701,78
43,4408701001,4408701001,44087,Crivillén,44,Teruel,4408701,91
43,4409601001,4409601001,44096,Ejulve,44,Teruel,4409601,177
43,4410001001,4410001001,44100,Estercuel,44,Teruel,4410001,201
43,4410501001,4410501001,44105,Fórnoles,44,Teruel,4410501,75
43,4411601001,4411601001,44116,Gargallo,44,Teruel,4411601,87
43,4411801001,4411801001,44118,"Ginebrosa, La",44,Teruel,4411801,188
43,4412201001,4412201001,44122,Híjar,44,Teruel,4412201,765
43,4412201002,4412201002,44122,Híjar,44,Teruel,4412201,991
43,4417201001,4417201001,44172,Oliete,44,Teruel,4417201,354
43,4417301001,4417301001,44173,"Olmos, Los",44,Teruel,4417301,113
43,4418701001,4418701001,44187,"Portellada, La",44,Teruel,4418701,250
43,4419401001,4419401001,44194,Ráfales,44,Teruel,4419401,147
43,4423001001,4423001001,44230,Torrevelilla,44,Teruel,4423001,161
43,4423701001,4423701001,44237,Urrea de Gaén,44,Teruel,4423701,452
43,4424701001,4424701001,44247,Valjunquera,44,Teruel,4424701,336
43,4426801001,4426801001,44268,"Zoma, La",44,Teruel,4426801,28
44,5029703035,5029703035,50297,Zaragoza,50,Zaragoza,5029703,1410
44,5029703041,5029703041,50297,Zaragoza,50,Zaragoza,5029703,1029
44,5029703048,5029703048,50297,Zaragoza,50,Zaragoza,5029703,1389
44,5029703051,5029703051,50297,Zaragoza,50,Zaragoza,5029703,1172
44,5029703052,5029703052,50297,Zaragoza,50,Zaragoza,5029703,1290
44,5029703060,5029703060,50297,Zaragoza,50,Zaragoza,5029703,1170
44,5029703061,5029703061,50297,Zaragoza,50,Zaragoza,5029703,1421
44,5029703063,5029703063,50297,Zaragoza,50,Zaragoza,5029703,926
44,5029703065,5029703065,50297,Zaragoza,50,Zaragoza,5029703,1560
44,5029703067,5029703067,50297,Zaragoza,50,Zaragoza,5029703,1533
44,5029703068,5029703068,50297,Zaragoza,50,Zaragoza,5029703,1348
44,5029703071,5029703071,50297,Zaragoza,50,Zaragoza,5029703,1550
44,5029703073,5029703073,50297,Zaragoza,50,Zaragoza,5029703,1132
44,5029708001,5029708001,50297,Zaragoza,50,Zaragoza,5029708,1524
44,5029708002,5029708002,50297,Zaragoza,50,Zaragoza,5029708,1372
45,2200401001,2200401001,22004,Agüero,22,Huesca,2200401,144
45,2201401001,2201401001,22014,Alcalá de Gurrea,22,Huesca,2201401,264
45,2201901001,2201901001,22019,Alerre,22,Huesca,2201901,224
45,2206301001,2206301001,22063,Biscarrués,22,Huesca,2206301,190
45,2209601001,2209601001,22096,Chimillas,22,Huesca,2209601,407
45,2211901001,2211901001,22119,Gurrea de Gállego,22,Huesca,2211901,1429
45,2212502006,2212502006,22125,Huesca,22,Huesca,2212502,1176
45,2212503001,2212503001,22125,Huesca,22,Huesca,2212503,1453
45,2212503002,2212503002,22125,Huesca,22,Huesca,2212503,1141
45,2212503003,2212503003,22125,Huesca,22,Huesca,2212503,1807
45,2212503004,2212503004,22125,Huesca,22,Huesca,2212503,1726
45,2212505002,2212505002,22125,Huesca,22,Huesca,2212505,1656
45,2212507001,2212507001,22125,Huesca,22,Huesca,2212507,2034
45,2212507002,2212507002,22125,Huesca,22,Huesca,2212507,2583
45,2215101001,2215101001,22151,Loscorrales,22,Huesca,2215101,98
45,2290401001,2290401001,22904,"Sotonera, La",22,Huesca,2290401,880
45,5003301001,5003301001,50033,Ardisa,50,Zaragoza,5003301,74
45,5003601001,5003601001,50036,Asín,50,Zaragoza,5003601,86
45,5005101001,5005101001,50051,Biota,50,Zaragoza,5005101,830
45,5010901001,5010901001,50109,"Frago, El",50,Zaragoza,5010901,129
45,5014801001,5014801001,50148,Luesia,50,Zaragoza,5014801,332
45,5018501001,5018501001,50185,Murillo de Gállego,50,Zaragoza,5018501,197
45,5019701001,5019701001,50197,Orés,50,Zaragoza,5019701,71
45,5020501001,5020501001,50205,"Pedrosas, Las",50,Zaragoza,5020501,118
45,5020701001,5020701001,50207,Piedratajada,50,Zaragoza,5020701,97
45,5022001001,5022001001,50220,Puendeluna,50,Zaragoza,5022001,42
45,5023801001,5023801001,50238,Santa Eulalia de Gállego,50,Zaragoza,5023801,101
45,5024401001,5024401001,50244,Sierra de Luna,50,Zaragoza,5024401,267
45,5027601001,5027601001,50276,Valpalmas,50,Zaragoza,5027601,123
45,5090201001,5090201001,50902,Marracos,50,Zaragoza,5090201,82
46,5029706003,5029706003,50297,Zaragoza,50,Zaragoza,5029706,1812
46,5029706004,5029706004,50297,Zaragoza,50,Zaragoza,5029706,2666
46,5029706005,5029706005,50297,Zaragoza,50,Zaragoza,5029706,1404
46,5029706007,5029706007,50297,Zaragoza,50,Zaragoza,5029706,1559
46,5029706011,5029706011,50297,Zaragoza,50,Zaragoza,5029706,945
46,5029706015,5029706015,50297,Zaragoza,50,Zaragoza,5029706,1722
46,5029706017,5029706017,50297,Zaragoza,50,Zaragoza,5029706,1165
46,5029706019,5029706019,50297,Zaragoza,50,Zaragoza,5029706,1204
46,5029706021,5029706021,50297,Zaragoza,50,Zaragoza,5029706,1316
46,5029706026,5029706026,50297,Zaragoza,50,Zaragoza,5029706,991
46,5029706029,5029706029,50297,Zaragoza,50,Zaragoza,5029706,1107
46,5029706030,5029706030,50297,Zaragoza,50,Zaragoza,5029706,736
46,5029706031,5029706031,50297,Zaragoza,50,Zaragoza,5029706,822
46,5029706032,5029706032,50297,Zaragoza,50,Zaragoza,5029706,1164
46,5029706037,5029706037,50297,Zaragoza,50,Zaragoza,5029706,965
47,5029705039,5029705039,50297,Zaragoza,50,Zaragoza,5029705,1408
47,5029705040,5029705040,50297,Zaragoza,50,Zaragoza,5029705,1116
47,5029705042,5029705042,50297,Zaragoza,50,Zaragoza,5029705,1668
47,5029709013,5029709013,50297,Zaragoza,50,Zaragoza,5029709,1468
47,5029709014,5029709014,50297,Zaragoza,50,Zaragoza,5029709,1145
47,5029709015,5029709015,50297,Zaragoza,50,Zaragoza,5029709,1133
47,5029709016,5029709016,50297,Zaragoza,50,Zaragoza,5029709,1405
47,5029709018,5029709018,50297,Zaragoza,50,Zaragoza,5029709,1833
47,5029709019,5029709019,50297,Zaragoza,50,Zaragoza,5029709,1369
47,5029709020,5029709020,50297,Zaragoza,50,Zaragoza,5029709,1492
47,5029709021,5029709021,50297,Zaragoza,50,Zaragoza,5029709,1327
47,5029709022,5029709022,50297,Zaragoza,50,Zaragoza,5029709,1290
47,5029709023,5029709023,50297,Zaragoza,50,Zaragoza,5029709,2032
47,5029709026,5029709026,50297,Zaragoza,50,Zaragoza,5029709,2042
48,5029710016,5029710016,50297,Zaragoza,50,Zaragoza,5029710,2128
48,5029710018,5029710018,50297,Zaragoza,50,Zaragoza,5029710,1260
48,5029710028,5029710028,50297,Zaragoza,50,Zaragoza,5029710,2052
48,5029710068,5029710068,50297,Zaragoza,50,Zaragoza,5029710,628
48,5029710069,5029710069,50297,Zaragoza,50,Zaragoza,5029710,2099
48,5029710079,5029710079,50297,Zaragoza,50,Zaragoza,5029710,1752
48,5029710081,5029710081,50297,Zaragoza,50,Zaragoza,5029710,2181
48,5029710086,5029710086,50297,Zaragoza,50,Zaragoza,5029710,2223
48,5029710087,5029710087,50297,Zaragoza,50,Zaragoza,5029710,1492
48,5029711003,5029711003,50297,Zaragoza,50,Zaragoza,5029711,2217
48,5029711012,5029711012,50297,Zaragoza,50,Zaragoza,5029711,1034
48,5029711017,5029711017,50297,Zaragoza,50,Zaragoza,5029711,1079
49,5006601002,5006601002,50066,Cadrete,50,Zaragoza,5006601,2124
49,5008901001,5008901001,50089,Cuarte de Huerva,50,Zaragoza,5008901,2211
49,5008901004,5008901004,50089,Cuarte de Huerva,50,Zaragoza,5008901,2327
49,5008901005,5008901005,50089,Cuarte de Huerva,50,Zaragoza,5008901,2170
49,5008901006,5008901006,50089,Cuarte de Huerva,50,Zaragoza,5008901,2555
49,5029704060,5029704060,50297,Zaragoza,50,Zaragoza,5029704,1675
49,5029704064,5029704064,50297,Zaragoza,50,Zaragoza,5029704,1453
49,5029704066,5029704066,50297,Zaragoza,50,Zaragoza,5029704,1595
49,5029704069,5029704069,50297,Zaragoza,50,Zaragoza,5029704,2127
49,5029704074,5029704074,50297,Zaragoza,50,Zaragoza,5029704,1683
49,5029704075,5029704075,50297,Zaragoza,50,Zaragoza,5029704,1414
49,5029704078,5029704078,50297,Zaragoza,50,Zaragoza,5029704,1261
50,5009501001,5009501001,50095,Ejea de los Caballeros,50,Zaragoza,5009501,1553
50,5009501004,5009501004,50095,Ejea de los Caballeros,50,Zaragoza,5009501,1217
50,5009501007,5009501007,50095,Ejea de los Caballeros,50,Zaragoza,5009501,1388
50,5009502002,5009502002,50095,Ejea de los Caballeros,50,Zaragoza,5009502,1330
50,5011801001,5011801001,50118,Gallur,50,Zaragoza,5011801,1469
50,5021701001,5021701001,50217,Pradilla de Ebro,50,Zaragoza,5021701,572
50,5025202001,5025202001,50252,Tauste,50,Zaragoza,5025202,1967
50,5025204001,5025204001,50252,Tauste,50,Zaragoza,5025204,1978
50,5027201001,5027201001,50272,Utebo,50,Zaragoza,5027201,2358
50,5027201005,5027201005,50272,Utebo,50,Zaragoza,5027201,912
50,5027201009,5027201009,50272,Utebo,50,Zaragoza,5027201,1232
50,5029710080,5029710080,50297,Zaragoza,50,Zaragoza,5029710,1603
50,5029711001,5029711001,50297,Zaragoza,50,Zaragoza,5029711,1215
50,5029712006,5029712006,50297,Zaragoza,50,Zaragoza,5029712,1455
50,5029712007,5029712007,50297,Zaragoza,50,Zaragoza,5029712,1260
51,5029705023,5029705023,50297,Zaragoza,50,Zaragoza,5029705,1642
51,5029705025,5029705025,50297,Zaragoza,50,Zaragoza,5029705,1315
51,5029705026,5029705026,50297,Zaragoza,50,Zaragoza,5029705,1275
51,5029705027,5029705027,50297,Zaragoza,50,Zaragoza,5029705,1129
51,5029705031,5029705031,50297,Zaragoza,50,Zaragoza,5029705,1393
51,5029705032,5029705032,50297,Zaragoza,50,Zaragoza,5029705,1047
51,5029705033,5029705033,50297,Zaragoza,50,Zaragoza,5029705,1955
51,5029705034,5029705034,50297,Zaragoza,50,Zaragoza,5029705,1718
51,5029705036,5029705036,50297,Zaragoza,50,Zaragoza,5029705,1714
51,5029705037,5029705037,50297,Zaragoza,50,Zaragoza,5029705,1258
51,5029705038,5029705038,50297,Zaragoza,50,Zaragoza,5029705,1070
51,5029705041,5029705041,50297,Zaragoza,50,Zaragoza,5029705,1190
51,5029709003,5029709003,50297,Zaragoza,50,Zaragoza,5029709,2042
51,5029709004,5029709004,50297,Zaragoza,50,Zaragoza,5029709,1229
52,2202901001,2202901001,22029,Antillón,22,Huesca,2202901,127
52,2204101001,2204101001,22041,Azara,22,Huesca,2204101,167
52,2204801007,2204801007,22048,Barbastro,22,Huesca,2204801,1725
52,2204801009,2204801009,22048,Barbastro,22,Huesca,2204801,970
52,2204801010,2204801010,22048,Barbastro,22,Huesca,2204801,2626
52,2205501001,2205501001,22055,Berbegal,22,Huesca,2205501,321
52,2208801001,2208801001,22088,Castillazuelo,22,Huesca,2208801,168
52,2212801001,2212801001,22128,Ilche,22,Huesca,2212801,187
52,2213501001,2213501001,22135,Laluenga,22,Huesca,2213501,201
52,2213901001,2213901001,22139,Laperdiguera,22,Huesca,2213901,87
52,2215801001,2215801001,22158,Monzón,22,Huesca,2215801,1741
52,2215801004,2215801004,22158,Monzón,22,Huesca,2215801,1912
52,2215801005,2215801005,22158,Monzón,22,Huesca,2215801,1115
52,2215801009,2215801009,22158,Monzón,22,Huesca,2215801,1763
52,2215801010,2215801010,22158,Monzón,22,Huesca,2215801,2213
52,2215801011,2215801011,22158,Monzón,22,Huesca,2215801,2683
52,2217601001,2217601001,22176,Peraltilla,22,Huesca,2217601,212
52,2217801001,2217801001,22178,Pertusa,22,Huesca,2217801,129
52,2218601001,2218601001,22186,Pozán de Vero,22,Huesca,2218601,227
52,2220301001,2220301001,22203,Salillas,22,Huesca,2220301,93
52,2222001001,2222001001,22220,Sesa,22,Huesca,2222001,168
52,2223501001,2223501001,22235,Torres de Alcanadre,22,Huesca,2223501,91
53,5029701020,5029701020,50297,Zaragoza,50,Zaragoza,5029701,1525
53,5029701021,5029701021,50297,Zaragoza,50,Zaragoza,5029701,2875
53,5029701030,5029701030,50297,Zaragoza,50,Zaragoza,5029701,1516
53,5029701031,5029701031,50297,Zaragoza,50,Zaragoza,5029701,1228
53,5029701032,5029701032,50297,Zaragoza,50,Zaragoza,5029701,1503
53,5029702008,5029702008,50297,Zaragoza,50,Zaragoza,5029702,1205
53,5029702009,5029702009,50297,Zaragoza,50,Zaragoza,5029702,1174
53,5029702010,5029702010,50297,Zaragoza,50,Zaragoza,5029702,1397
53,5029702013,5029702013,50297,Zaragoza,50,Zaragoza,5029702,1158
53,5029702015,5029702015,50297,Zaragoza,50,Zaragoza,5029702,832
53,5029702018,5029702018,50297,Zaragoza,50,Zaragoza,5029702,1410
53,5029702047,5029702047,50297,Zaragoza,50,Zaragoza,5029702,785
53,5029702048,5029702048,50297,Zaragoza,50,Zaragoza,5029702,860
53,5029702049,5029702049,50297,Zaragoza,50,Zaragoza,5029702,966
54,2202101001,2202101001,22021,Almudévar,22,Huesca,2202101,978
54,2202101002,2202101002,22021,Almudévar,22,Huesca,2202101,1473
54,2203901001,2203901001,22039,Ayerbe,22,Huesca,2203901,1051
54,2212505001,2212505001,22125,Huesca,22,Huesca,2212505,2139
54,2212506001,2212506001,22125,Huesca,22,Huesca,2212506,1788
54,2212506003,2212506003,22125,Huesca,22,Huesca,2212506,1019
54,2212506004,2212506004,22125,Huesca,22,Huesca,2212506,808
54,2290501001,2290501001,22905,Lupiñén-Ortilla,22,Huesca,2290501,356
54,5013701001,5013701001,50137,Leciñena,50,Zaragoza,5013701,1087
54,5023501002,5023501002,50235,San Mateo de Gállego,50,Zaragoza,5023501,2103
54,5028801002,5028801002,50288,Villanueva de Gállego,50,Zaragoza,5028801,1066
54,5029801002,5029801002,50298,Zuera,50,Zaragoza,5029801,2591
54,5029801003,5029801003,50298,Zuera,50,Zaragoza,5029801,2699
54,5029802001,5029802001,50298,Zuera,50,Zaragoza,5029802,728
55,2201201001,2201201001,22012,Albero Bajo,22,Huesca,2201201,109
55,2201801001,2201801001,22018,Alcubierre,22,Huesca,2201801,399
55,2202301001,2202301001,22023,Almuniente,22,Huesca,2202301,450
55,2204901001,2204901001,22049,Barbués,22,Huesca,2204901,97
55,2211601001,2211601001,22116,Grañén,22,Huesca,2211601,1733
55,2213701001,2213701001,22137,Lanaja,22,Huesca,2213701,1141
55,2221801001,2221801001,22218,Senés de Alcubierre,22,Huesca,2221801,49
55,2223601001,2223601001,22236,Torres de Barbués,22,Huesca,2223601,275
55,5006201001,5006201001,50062,"Burgo de Ebro, El",50,Zaragoza,5006201,1386
55,5006201002,5006201002,50062,"Burgo de Ebro, El",50,Zaragoza,5006201,1404
55,5010401001,5010401001,50104,Farlete,50,Zaragoza,5010401,374
55,5011501001,5011501001,50115,Fuentes de Ebro,50,Zaragoza,5011501,2651
55,5011501002,5011501002,50115,Fuentes de Ebro,50,Zaragoza,5011501,2023
55,5016401001,5016401001,50164,Mediana de Aragón,50,Zaragoza,5016401,469
55,5019301001,5019301001,50193,Nuez de Ebro,50,Zaragoza,5019301,888
55,5020601001,5020601001,50206,Perdiguera,50,Zaragoza,5020601,557
55,5021801001,5021801001,50218,Puebla de Albortón,50,Zaragoza,5021801,134
55,5022201001,5022201001,50222,Quinto,50,Zaragoza,5022201,1133
55,5028501001,5028501001,50285,Villafranca de Ebro,50,Zaragoza,5028501,836
55,5090301001,5090301001,50903,Villamayor de Gállego,50,Zaragoza,5090301,1380
55,5090301002,5090301002,50903,Villamayor de Gállego,50,Zaragoza,5090301,1465
56,5029702014,5029702014,50297,Zaragoza,50,Zaragoza,5029702,1464
56,5029702019,5029702019,50297,Zaragoza,50,Zaragoza,5029702,1018
56,5029702021,5029702021,50297,Zaragoza,50,Zaragoza,5029702,760
56,5029702023,5029702023,50297,Zaragoza,50,Zaragoza,5029702,1042
56,5029703002,5029703002,50297,Zaragoza,50,Zaragoza,5029703,865
56,5029703004,5029703004,50297,Zaragoza,50,Zaragoza,5029703,1212
56,5029703016,5029703016,50297,Zaragoza,50,Zaragoza,5029703,1783
56,5029703084,5029703084,50297,Zaragoza,50,Zaragoza,5029703,633
56,5029703085,5029703085,50297,Zaragoza,50,Zaragoza,5029703,1178
56,5029703086,5029703086,50297,Zaragoza,50,Zaragoza,5029703,1166
56,5029704001,5029704001,50297,Zaragoza,50,Zaragoza,5029704,1107
56,5029704003,5029704003,50297,Zaragoza,50,Zaragoza,5029704,904
56,5029704004,5029704004,50297,Zaragoza,50,Zaragoza,5029704,1389
56,5029704005,5029704005,50297,Zaragoza,50,Zaragoza,5029704,1035
56,5029704006,5029704006,50297,Zaragoza,50,Zaragoza,5029704,1154
56,5029704007,5029704007,50297,Zaragoza,50,Zaragoza,5029704,1068
56,5029704017,5029704017,50297,Zaragoza,50,Zaragoza,5029704,1108
56,5029704018,5029704018,50297,Zaragoza,50,Zaragoza,5029704,971
57,5029701001,5029701001,50297,Zaragoza,50,Zaragoza,5029701,1474
57,5029701002,5029701002,50297,Zaragoza,50,Zaragoza,5029701,1606
57,5029701009,5029701009,50297,Zaragoza,50,Zaragoza,5029701,1633
57,5029701012,5029701012,50297,Zaragoza,50,Zaragoza,5029701,887
57,5029701015,5029701015,50297,Zaragoza,50,Zaragoza,5029701,2441
57,5029701017,5029701017,50297,Zaragoza,50,Zaragoza,5029701,1279
57,5029701023,5029701023,50297,Zaragoza,50,Zaragoza,5029701,2453
57,5029701026,5029701026,50297,Zaragoza,50,Zaragoza,5029701,771
57,5029701027,5029701027,50297,Zaragoza,50,Zaragoza,5029701,1376
57,5029701034,5029701034,50297,Zaragoza,50,Zaragoza,5029701,1987
57,5029701036,5029701036,50297,Zaragoza,50,Zaragoza,5029701,1798
57,5029702001,5029702001,50297,Zaragoza,50,Zaragoza,5029702,1135
58,5029703046,5029703046,50297,Zaragoza,50,Zaragoza,5029703,910
58,5029703047,5029703047,50297,Zaragoza,50,Zaragoza,5029703,1593
58,5029703049,5029703049,50297,Zaragoza,50,Zaragoza,5029703,965
58,5029703064,5029703064,50297,Zaragoza,50,Zaragoza,5029703,949
58,5029703077,5029703077,50297,Zaragoza,50,Zaragoza,5029703,1263
58,5029703078,5029703078,50297,Zaragoza,50,Zaragoza,5029703,753
58,5029703081,5029703081,50297,Zaragoza,50,Zaragoza,5029703,1200
58,5029703082,5029703082,50297,Zaragoza,50,Zaragoza,5029703,1658
58,5029703090,5029703090,50297,Zaragoza,50,Zaragoza,5029703,1220
58,5029704044,5029704044,50297,Zaragoza,50,Zaragoza,5029704,1688
58,5029704045,5029704045,50297,Zaragoza,50,Zaragoza,5029704,1490
58,5029704051,5029704051,50297,Zaragoza,50,Zaragoza,5029704,1496
58,5029704054,5029704054,50297,Zaragoza,50,Zaragoza,5029704,976
58,5029704055,5029704055,50297,Zaragoza,50,Zaragoza,5029704,1248
58,5029708010,5029708010,50297,Zaragoza,50,Zaragoza,5029708,1470
58,5029708015,5029708015,50297,Zaragoza,50,Zaragoza,5029708,630
58,5029708016,5029708016,50297,Zaragoza,50,Zaragoza,5029708,678
59,5000601001,5000601001,50006,Ainzón,50,Zaragoza,5000601,1037
59,5002901001,5002901001,50029,Aniñón,50,Zaragoza,5002901,676
59,5003001001,5003001001,50030,Añón de Moncayo,50,Zaragoza,5003001,208
59,5003101001,5003101001,50031,Aranda de Moncayo,50,Zaragoza,5003101,110
59,5005502001,5005502001,50055,Borja,50,Zaragoza,5005502,2459
59,5006301001,5006301001,50063,"Buste, El",50,Zaragoza,5006301,60
59,5006702003,5006702003,50067,Calatayud,50,Zaragoza,5006702,1207
59,5006703002,5006703002,50067,Calatayud,50,Zaragoza,5006703,1062
59,5006901001,5006901001,50069,Calcena,50,Zaragoza,5006901,65
59,5007901001,5007901001,50079,Cervera de la Cañada,50,Zaragoza,5007901,263
59,5008401001,5008401001,50084,Clarés de Ribota,50,Zaragoza,5008401,73
59,5011101001,5011101001,50111,Fréscano,50,Zaragoza,5011101,197
59,5013001001,5013001001,50130,Jarque de Moncayo,50,Zaragoza,5013001,375
59,5015501001,5015501001,50155,Malanquilla,50,Zaragoza,5015501,71
59,5015601001,5015601001,50156,Maleján,50,Zaragoza,5015601,282
59,5015701001,5015701001,50157,Malón,50,Zaragoza,5015701,472
59,5016002001,5016002001,50160,Mallén,50,Zaragoza,5016002,2200
59,5019001001,5019001001,50190,Novallas,50,Zaragoza,5019001,859
59,5021401001,5021401001,50214,Pomer,50,Zaragoza,5021401,23
59,5022101001,5022101001,50221,Purujosa,50,Zaragoza,5022101,29
59,5025101001,5025101001,50251,Tarazona,50,Zaragoza,5025101,1186
59,5025101003,5025101003,50251,Tarazona,50,Zaragoza,5025101,726
59,5025101004,5025101004,50251,Tarazona,50,Zaragoza,5025101,1994
59,5025101005,5025101005,50251,Tarazona,50,Zaragoza,5025101,1149
59,5025101006,5025101006,50251,Tarazona,50,Zaragoza,5025101,2392
59,5025101007,5025101007,50251,Tarazona,50,Zaragoza,5025101,749
59,5025101008,5025101008,50251,Tarazona,50,Zaragoza,5025101,878
59,5025101009,5025101009,50251,Tarazona,50,Zaragoza,5025101,875
59,5025101010,5025101010,50251,Tarazona,50,Zaragoza,5025101,923
59,5026001001,5026001001,50260,Torrelapaja,50,Zaragoza,5026001,30
59,5028101001,5028101001,50281,Vierlas,50,Zaragoza,5028101,88
60,5029710010,5029710010,50297,Zaragoza,50,Zaragoza,5029710,1604
60,5029710017,5029710017,50297,Zaragoza,50,Zaragoza,5029710,1276
60,5029710023,5029710023,50297,Zaragoza,50,Zaragoza,5029710,1652
60,5029710025,5029710025,50297,Zaragoza,50,Zaragoza,5029710,1018
60,5029710027,5029710027,50297,Zaragoza,50,Zaragoza,5029710,894
60,5029710029,5029710029,50297,Zaragoza,50,Zaragoza,5029710,867
60,5029710033,5029710033,50297,Zaragoza,50,Zaragoza,5029710,977
60,5029710052,5029710052,50297,Zaragoza,50,Zaragoza,5029710,1175
60,5029710066,5029710066,50297,Zaragoza,50,Zaragoza,5029710,1552
60,5029710067,5029710067,50297,Zaragoza,50,Zaragoza,5029710,1699
60,5029710072,5029710072,50297,Zaragoza,50,Zaragoza,5029710,817
60,5029710075,5029710075,50297,Zaragoza,50,Zaragoza,5029710,942
60,5029710088,5029710088,50297,Zaragoza,50,Zaragoza,5029710,1934
60,5029710089,5029710089,50297,Zaragoza,50,Zaragoza,5029710,1601
60,5029710093,5029710093,50297,Zaragoza,50,Zaragoza,5029710,1647
61,5029702017,5029702017,50297,Zaragoza,50,Zaragoza,5029702,969
61,5029702020,5029702020,50297,Zaragoza,50,Zaragoza,5029702,1045
61,5029702022,5029702022,50297,Zaragoza,50,Zaragoza,5029702,1504
61,5029702038,5029702038,50297,Zaragoza,50,Zaragoza,5029702,1075
61,5029704002,5029704002,50297,Zaragoza,50,Zaragoza,5029704,935
61,5029704008,5029704008,50297,Zaragoza,50,Zaragoza,5029704,1006
61,5029704009,5029704009,50297,Zaragoza,50,Zaragoza,5029704,1375
61,5029704011,5029704011,50297,Zaragoza,50,Zaragoza,5029704,1826
61,5029704021,5029704021,50297,Zaragoza,50,Zaragoza,5029704,1554
61,5029704023,5029704023,50297,Zaragoza,50,Zaragoza,5029704,1271
61,5029704024,5029704024,50297,Zaragoza,50,Zaragoza,5029704,1141
61,5029704029,5029704029,50297,Zaragoza,50,Zaragoza,5029704,1484
61,5029704043,5029704043,50297,Zaragoza,50,Zaragoza,5029704,1047
61,5029709001,5029709001,50297,Zaragoza,50,Zaragoza,5029709,1188
61,5029709002,5029709002,50297,Zaragoza,50,Zaragoza,5029709,1108
61,5029709025,5029709025,50297,Zaragoza,50,Zaragoza,5029709,1044
62,5029710040,5029710040,50297,Zaragoza,50,Zaragoza,5029710,1106
62,5029710041,5029710041,50297,Zaragoza,50,Zaragoza,5029710,1708
62,5029710044,5029710044,50297,Zaragoza,50,Zaragoza,5029710,1211
62,5029710046,5029710046,50297,Zaragoza,50,Zaragoza,5029710,2216
62,5029710050,5029710050,50297,Zaragoza,50,Zaragoza,5029710,1517
62,5029710051,5029710051,50297,Zaragoza,50,Zaragoza,5029710,2267
62,5029710061,5029710061,50297,Zaragoza,50,Zaragoza,5029710,1577
62,5029710063,5029710063,50297,Zaragoza,50,Zaragoza,5029710,1173
62,5029710064,5029710064,50297,Zaragoza,50,Zaragoza,5029710,2108
62,5029710070,5029710070,50297,Zaragoza,50,Zaragoza,5029710,863
62,5029710071,5029710071,50297,Zaragoza,50,Zaragoza,5029710,1459
62,5029710076,5029710076,50297,Zaragoza,50,Zaragoza,5029710,1141
62,5029710077,5029710077,50297,Zaragoza,50,Zaragoza,5029710,1612
63,2200901001,2200901001,22009,Albelda,22,Huesca,2200901,727
63,2201601001,2201601001,22016,Alcampell,22,Huesca,2201601,648
63,2201701001,2201701001,22017,Alcolea de Cinca,22,Huesca,2201701,1138
63,2202501001,2202501001,22025,Altorricón,22,Huesca,2202501,1496
63,2203501001,2203501001,22035,Arén,22,Huesca,2203501,307
63,2204301001,2204301001,22043,Baélls,22,Huesca,2204301,91
63,2204501001,2204501001,22045,Baldellou,22,Huesca,2204501,81
63,2205201001,2205201001,22052,Belver de Cinca,22,Huesca,2205201,1284
63,2206201001,2206201001,22062,Bisaurri,22,Huesca,2206201,176
63,2206701001,2206701001,22067,Bonansa,22,Huesca,2206701,85
63,2207501001,2207501001,22075,Camporrélls,22,Huesca,2207501,152
63,2208001001,2208001001,22080,Capella,22,Huesca,2208001,358
63,2208701001,2208701001,22087,Castigaleu,22,Huesca,2208701,80
63,2208901001,2208901001,22089,Castillonroy,22,Huesca,2208901,339
63,2209501001,2209501001,22095,Chía,22,Huesca,2209501,90
63,2209901001,2209901001,22099,Esplús,22,Huesca,2209901,675
63,2210501001,2210501001,22105,Estopiñán del Castillo,22,Huesca,2210501,146
63,2211201001,2211201001,22112,Fraga,22,Huesca,2211201,1099
63,2211201006,2211201006,22112,Fraga,22,Huesca,2211201,1501
63,2212901001,2212901001,22129,Isábena,22,Huesca,2212901,235
63,2214201001,2214201001,22142,Lascuarre,22,Huesca,2214201,139
63,2214301001,2214301001,22143,Laspaúles,22,Huesca,2214301,255
63,2215501001,2215501001,22155,Monesma y Cajigar,22,Huesca,2215501,68
63,2215701001,2215701001,22157,Montanuy,22,Huesca,2215701,230
63,2216501001,2216501001,22165,Ontiñena,22,Huesca,2216501,498
63,2216701001,2216701001,22167,Osso de Cinca,22,Huesca,2216701,664
63,2217501001,2217501001,22175,Peralta de Calasanz,22,Huesca,2217501,205
63,2218801001,2218801001,22188,Puente de Montañana,22,Huesca,2218801,87
63,2221501001,2221501001,22215,Seira,22,Huesca,2221501,149
63,2222301001,2222301001,22223,Sopeira,22,Huesca,2222301,86
63,2222501001,2222501001,22225,Tamarite de Litera,22,Huesca,2222501,2004
63,2222501003,2222501003,22225,Tamarite de Litera,22,Huesca,2222501,863
63,2222901001,2222901001,22229,Tolva,22,Huesca,2222901,130
63,2223301001,2223301001,22233,Torre la Ribera,22,Huesca,2223301,102
63,2224301001,2224301001,22243,Valle de Bardají,22,Huesca,2224301,52
63,2224401001,2224401001,22244,Valle de Lierp,22,Huesca,2224401,52
63,2224601001,2224601001,22246,Beranuy,22,Huesca,2224601,67
63,2224701001,2224701001,22247,Viacamp y Litera,22,Huesca,2224701,41
63,2225401001,2225401001,22254,Zaidín,22,Huesca,2225401,1833
63,2290901001,2290901001,22909,Vencillón,22,Huesca,2290901,402
64,4400201001,4400201001,44002,Abejuela,44,Teruel,4400201,63
64,4400301001,4400301001,44003,Aguatón,44,Teruel,4400301,18
64,4401001001,4401001001,44010,Albentosa,44,Teruel,4401001,287
64,4401201001,4401201001,44012,Alcalá de la Selva,44,Teruel,4401201,381
64,4401801001,4401801001,44018,Almohaja,44,Teruel,4401801,10
64,4402101001,4402101001,44021,Allepuz,44,Teruel,4402101,123
64,4402601001,4402601001,44026,Arcos de las Salinas,44,Teruel,4402601,105
64,4402801001,4402801001,44028,Argente,44,Teruel,4402801,204
64,4403601001,4403601001,44036,Bea,44,Teruel,4403601,30
64,4404601001,4404601001,44046,Bueña,44,Teruel,4404601,65
64,4404701001,4404701001,44047,Burbáguena,44,Teruel,4404701,397
64,4404801001,4404801001,44048,Cabra de Mora,44,Teruel,4404801,66
64,4405401001,4405401001,44054,Camarena de la Sierra,44,Teruel,4405401,139
64,4405501001,4405501001,44055,Camarillas,44,Teruel,4405501,100
64,4406201001,4406201001,44062,Cañada Vellida,44,Teruel,4406201,36
64,4406401001,4406401001,44064,Cascante del Río,44,Teruel,4406401,73
64,4407001001,4407001001,44070,"Castellar, El",44,Teruel,4407001,54
64,4407401001,4407401001,44074,Cedrillas,44,Teruel,4407401,656
64,4409701001,4409701001,44097,Escorihuela,44,Teruel,4409701,130
64,4409901001,4409901001,44099,Escucha,44,Teruel,4409901,797
64,4410101001,4410101001,44101,Ferreruela de Huerva,44,Teruel,4410101,79
64,4410201001,4410201001,44102,Fonfría,44,Teruel,4410201,35
64,4410301001,4410301001,44103,Formiche Alto,44,Teruel,4410301,158
64,4410601001,4410601001,44106,Fortanete,44,Teruel,4410601,194
64,4411001001,4411001001,44110,Fuenferrada,44,Teruel,4411001,38
64,4411101001,4411101001,44111,Fuentes Calientes,44,Teruel,4411101,89
64,4411301001,4411301001,44113,Fuentes de Rubielos,44,Teruel,4411301,146
64,4411501001,4411501001,44115,Galve,44,Teruel,4411501,148
64,4412101001,4412101001,44121,Gúdar,44,Teruel,4412101,73
64,4412601001,4412601001,44126,"Iglesuela del Cid, La",44,Teruel,4412601,356
64,4413001001,4413001001,44130,Jorcas,44,Teruel,4413001,42
64,4413201001,4413201001,44132,Lagueruela,44,Teruel,4413201,71
64,4413501001,4413501001,44135,Libros,44,Teruel,4413501,102
64,4413601001,4413601001,44136,Lidón,44,Teruel,4413601,56
64,4413701001,4413701001,44137,Linares de Mora,44,Teruel,4413701,243
64,4414301001,4414301001,44143,Manzanera,44,Teruel,4414301,530
64,4414401001,4414401001,44144,Martín del Río,44,Teruel,4414401,367
64,4415301001,4415301001,44153,Monreal del Campo,44,Teruel,4415301,1363
64,4415301002,4415301002,44153,Monreal del Campo,44,Teruel,4415301,1217
64,4415501001,4415501001,44155,Montalbán,44,Teruel,4415501,1161
64,4415601001,4415601001,44156,Monteagudo del Castillo,44,Teruel,4415601,42
64,4415801001,4415801001,44158,Mora de Rubielos,44,Teruel,4415801,1755
64,4416001001,4416001001,44160,Mosqueruela,44,Teruel,4416001,562
64,4416401001,4416401001,44164,Nogueras,44,Teruel,4416401,36
64,4416501001,4416501001,44165,Nogueruelas,44,Teruel,4416501,188
64,4417101001,4417101001,44171,Olba,44,Teruel,4417101,286
64,4417501001,4417501001,44175,Orrios,44,Teruel,4417501,114
64,4418001001,4418001001,44180,Peracense,44,Teruel,4418001,67
64,4418201001,4418201001,44182,Perales del Alfambra,44,Teruel,4418201,291
64,4419301001,4419301001,44193,Puertomingalvo,44,Teruel,4419301,135
64,4419501001,4419501001,44195,Rillo,44,Teruel,4419501,94
64,4419601001,4419601001,44196,Riodeva,44,Teruel,4419601,113
64,4420101001,4420101001,44201,Rubielos de Mora,44,Teruel,4420101,610
64,4420601001,4420601001,44206,San Agustín,44,Teruel,4420601,131
64,4421001001,4421001001,44210,Sarrión,44,Teruel,4421001,1260
64,4421301001,4421301001,44213,Singra,44,Teruel,4421301,76
64,4421901001,4421901001,44219,Tornos,44,Teruel,4421901,174
64,4422201001,4422201001,44222,Torrecilla del Rebollar,44,Teruel,4422201,115
64,4422601001,4422601001,44226,Torrelacárcel,44,Teruel,4422601,130
64,4423101001,4423101001,44231,Torrijas,44,Teruel,4423101,36
64,4423401001,4423401001,44234,Tramacastiel,44,Teruel,4423401,62
64,4423901001,4423901001,44239,Valacloche,44,Teruel,4423901,33
64,4424001001,4424001001,44240,Valbona,44,Teruel,4424001,187
64,4424401001,4424401001,44244,Valdelinares,44,Teruel,4424401,82
64,4425101001,4425101001,44251,Villafranca del Campo,44,Teruel,4425101,290
64,4426401001,4426401001,44264,Villel,44,Teruel,4426401,338
64,4426601001,4426601001,44266,Visiedo,44,Teruel,4426601,133
64,4426701001,4426701001,44267,Vivel del Río Martín,44,Teruel,4426701,63
64,5000501001,5000501001,50005,Aguilón,50,Zaragoza,5000501,267
64,5000701001,5000701001,50007,Aladrén,50,Zaragoza,5000701,62
64,5002801001,5002801001,50028,Anento,50,Zaragoza,5002801,121
64,5003901001,5003901001,50039,Azuara,50,Zaragoza,5003901,550
64,5004001001,5004001001,50040,Badules,50,Zaragoza,5004001,82
64,5008001001,5008001001,50080,Cerveruela,50,Zaragoza,5008001,38
64,5012401001,5012401001,50124,Herrera de los Navarros,50,Zaragoza,5012401,495
64,5013601001,5013601001,50136,Lécera,50,Zaragoza,5013601,581
64,5013901001,5013901001,50139,Letux,50,Zaragoza,5013901,353
64,5022701001,5022701001,50227,Romanos,50,Zaragoza,5022701,141
64,5028301001,5028301001,50283,Villadoz,50,Zaragoza,5028301,79
65,5000301001,5000301001,50003,Agón,50,Zaragoza,5000301,135
65,5001301001,5001301001,50013,Alcalá de Ebro,50,Zaragoza,5001301,245
65,5005201001,5005201001,50052,Bisimbre,50,Zaragoza,5005201,98
65,5016001001,5016001001,50160,Mallén,50,Zaragoza,5016001,859
65,5019101001,5019101001,50191,Novillas,50,Zaragoza,5019101,508
65,5022301001,5022301001,50223,Remolinos,50,Zaragoza,5022301,1021
65,5024701001,5024701001,50247,Sobradiel,50,Zaragoza,5024701,1118
65,5025201001,5025201001,50252,Tauste,50,Zaragoza,5025201,1430
65,5025203001,5025203001,50252,Tauste,50,Zaragoza,5025203,1437
65,5026201001,5026201001,50262,Torres de Berrellén,50,Zaragoza,5026201,1511
65,5027201003,5027201003,50272,Utebo,50,Zaragoza,5027201,2517
65,5027201004,5027201004,50272,Utebo,50,Zaragoza,5027201,1930
65,5027201006,5027201006,50272,Utebo,50,Zaragoza,5027201,1761
65,5029712001,5029712001,50297,Zaragoza,50,Zaragoza,5029712,2587
65,5029712004,5029712004,50297,Zaragoza,50,Zaragoza,5029712,1708
65,5029712005,5029712005,50297,Zaragoza,50,Zaragoza,5029712,1789
65,5029712008,5029712008,50297,Zaragoza,50,Zaragoza,5029712,1094
66,4403301001,4403301001,44033,Báguena,44,Teruel,4403301,277
66,4406501001,4406501001,44065,Castejón de Tornos,44,Teruel,4406501,66
66,5000101001,5000101001,50001,Abanto,50,Zaragoza,5000101,78
66,5000901001,5000901001,50009,Alarba,50,Zaragoza,5000901,91
66,5001601001,5001601001,50016,Aldehuela de Liestos,50,Zaragoza,5001601,48
66,5002301001,5002301001,50023,Almonacid de la Cuba,50,Zaragoza,5002301,220
66,5004201001,5004201001,50042,Balconchán,50,Zaragoza,5004201,19
66,5004501001,5004501001,50045,Belchite,50,Zaragoza,5004501,824
66,5004501002,5004501002,50045,Belchite,50,Zaragoza,5004501,673
66,5006601001,5006601001,50066,Cadrete,50,Zaragoza,5006601,2540
66,5008201001,5008201001,50082,Cimballa,50,Zaragoza,5008201,71
66,5008501001,5008501001,50085,Codo,50,Zaragoza,5008501,204
66,5008601001,5008601001,50086,Codos,50,Zaragoza,5008601,241
66,5009001001,5009001001,50090,Cubel,50,Zaragoza,5009001,145
66,5009401001,5009401001,50094,Daroca,50,Zaragoza,5009401,943
66,5009402001,5009402001,50094,Daroca,50,Zaragoza,5009402,957
66,5011401001,5011401001,50114,Fuendetodos,50,Zaragoza,5011401,130
66,5011601001,5011601001,50116,Fuentes de Jiloca,50,Zaragoza,5011601,203
66,5011701001,5011701001,50117,Gallocanta,50,Zaragoza,5011701,128
66,5016101001,5016101001,50161,Manchones,50,Zaragoza,5016101,92
66,5016301001,5016301001,50163,María de Huerva,50,Zaragoza,5016301,1753
66,5016301002,5016301002,50163,María de Huerva,50,Zaragoza,5016301,1955
66,5016301004,5016301004,50163,María de Huerva,50,Zaragoza,5016301,1163
66,5016901001,5016901001,50169,Miedes de Aragón,50,Zaragoza,5016901,412
66,5017301001,5017301001,50173,Monterde,50,Zaragoza,5017301,144
66,5017601001,5017601001,50176,Morata de Jiloca,50,Zaragoza,5017601,266
66,5018401001,5018401001,50184,Murero,50,Zaragoza,5018401,85
66,5019501001,5019501001,50195,Orcajo,50,Zaragoza,5019501,65
66,5020001001,5020001001,50200,Paniza,50,Zaragoza,5020001,570
66,5022901001,5022901001,50229,Ruesca,50,Zaragoza,5022901,70
66,5023901001,5023901001,50239,Santed,50,Zaragoza,5023901,72
66,5025601001,5025601001,50256,Torralba de los Frailes,50,Zaragoza,5025601,65
66,5025801001,5025801001,50258,Torralbilla,50,Zaragoza,5025801,39
66,5026401001,5026401001,50264,Tosos,50,Zaragoza,5026401,172
66,5027501001,5027501001,50275,Valmadrid,50,Zaragoza,5027501,113
66,5028901001,5028901001,50289,Villanueva de Jiloca,50,Zaragoza,5028901,73
66,5029001001,5029001001,50290,Villanueva de Huerva,50,Zaragoza,5029001,371
66,5029201001,5029201001,50292,Villarreal de Huerva,50,Zaragoza,5029201,263
66,5029401001,5029401001,50294,Villarroya del Campo,50,Zaragoza,5029401,70
66,5029709012,5029709012,50297,Zaragoza,50,Zaragoza,5029709,1199
66,5029709017,5029709017,50297,Zaragoza,50,Zaragoza,5029709,1201
66,5029709028,5029709028,50297,Zaragoza,50,Zaragoza,5029709,3010
