district_id,population,target_population,population_difference,relative_deviation,population_ratio,floor_population,cap_population,within_hard_limits,section_count,municipality_count,municipalities,province_count,provinces,area_km2,perimeter_km,compactness_polsby_popper,centroid_x_etrs89_utm30,centroid_y_etrs89_utm30,bbox_minx,bbox_miny,bbox_maxx,bbox_maxy
0,18345,20367.4776119403,-2022.4776119402995,-0.09929936590452591,0.9007006340954741,16293.98208955224,35643.085820895525,True,12,1,Huesca,1,Huesca,32.75577471666215,44.48508759752357,0.20800263627722743,715361.7901315653,4663760.143079663,712137.3766999999,4656139.0612,720192.4479,4669497.214299999
1,18549,20367.4776119403,-1818.4776119402995,-0.08928339810101124,0.9107166018989887,16293.98208955224,35643.085820895525,True,11,1,Huesca,1,Huesca,39.893392854565086,34.80551425860133,0.4138230982726007,710222.7070743206,4662132.604380996,705642.3046000004,4657018.142000001,714862.2225000001,4669102.5393
2,21469,20367.4776119403,1101.5223880597005,0.05408241555713999,1.05408241555714,16293.98208955224,35643.085820895525,True,44,38,"Abizanda | Adahuesca | Aisa | Alcalá del Obispo | Ansó | Antillón | Aragüés del Puerto | Arguis | Azara | Azlor | Barbuñales | Biescas | Blecua y Torres | Borau | Broto | Bárcabo | Caldearenas | Castiello de Jaca | Chimillas | Colungo | Fago | Fiscal | Hoz de Jaca | Igriés | Jasa | Laluenga | Lascellas-Ponzano | Loporzano | Nueno | Palo | Pertusa | Quicena | Sabiñánigo | Sotonera, La | Tierz | Villanúa | Yebra de Basa | Yésero",1,Huesca,3003.6978420503183,846.0754410800465,0.052728804944153794,719192.912052753,4701225.545961429,670155.0662000002,4651057.809,769481.8795999996,4754878.790899999
3,21230,20367.4776119403,862.5223880597005,0.04234802190498309,1.042348021904983,16293.98208955224,35643.085820895525,True,19,9,Almunia de San Juan | Azanuy-Alins | Baélls | Castejón del Puente | Ilche | Monzón | Peralta de Calasanz | Pueyo de Santa Cruz | San Esteban de Litera,1,Huesca,567.4688095372949,181.57334136238947,0.21629560184764177,769950.7023888514,4648397.984968146,749262.2220000001,4636173.6042,790329.2677999996,4662882.5133
4,21542,20367.4776119403,1174.5223880597005,0.05766656089859377,1.0576665608985938,16293.98208955224,35643.085820895525,True,42,39,Albalatillo | Albero Alto | Albero Bajo | Alcalá de Gurrea | Alcolea de Cinca | Alcubierre | Almudévar | Almuniente | Argavieso | Barbués | Capdesaso | Castejón de Monegros | Grañén | Gurrea de Gállego | Lalueza | Lanaja | Loarre | Loscorrales | Monflorite-Lascasas | Novales | Ontiñena | Piracés | Poleñino | Robres | Salillas | San Miguel del Cinca | Sangarrén | Sariñena | Sena | Senés de Alcubierre | Sesa | Tardienta | Torralba de Aragón | Torres de Alcanadre | Torres de Barbués | Tramaced | Valfarta | Vicién | Villanueva de Sigena,1,Huesca,2754.3905427383424,487.33904979264423,0.14573805131038953,722119.295941573,4637994.367206884,675159.1931999996,4600713.8718,762082.9155000001,4692611.1788
5,21516,20367.4776119403,1148.5223880597005,0.056390015982459546,1.0563900159824595,16293.98208955224,35643.085820895525,True,17,8,Ballobar | Candasnos | Fraga | Osso de Cinca | Peñalba | Torrente de Cinca | Velilla de Cinca | Zaidín,1,Huesca,1039.5911263965502,172.03191944859367,0.4414223900067629,763851.1471371996,4600539.6976743145,739067.9009999996,4581688.01,787553.5064000003,4620997.634199999
6,21169,20367.4776119403,801.5223880597005,0.039353051140206645,1.0393530511402067,16293.98208955224,35643.085820895525,True,16,11,Albalate de Cinca | Alcampell | Alfántega | Altorricón | Belver de Cinca | Binaced | Binéfar | Chalamera | Esplús | Tamarite de Litera | Vencillón,1,Huesca,535.8328017571914,157.4810802796676,0.2715078492551243,774148.026608595,4631395.964165701,759678.0679000001,4614917.737600001,789855.1686000004,4648850.439099999
7,21752,20367.4776119403,1384.5223880597005,0.0679771159904471,1.0679771159904472,16293.98208955224,35643.085820895525,True,23,12,"Agüero | Alerre | Ayerbe | Bailo | Banastás | Biscarrués | Canal de Berdún | Huesca | Lupiñén-Ortilla | Peñas de Riglos, Las | Puente la Reina de Jaca | Santa Cruz de la Serós",1,Huesca,991.0346838715496,419.14476665002735,0.07088765697554468,687333.0664797939,4694983.336349735,669547.9261999996,4661016.813200001,718946.5289000003,4729057.0086
8,21474,20367.4776119403,1106.5223880597005,0.054327904964088874,1.0543279049640888,16293.98208955224,35643.085820895525,True,59,58,"Albelda | Angüés | Arén | Aínsa-Sobrarbe | Baldellou | Benabarre | Beranuy | Bierge | Bisaurri | Boltaña | Bonansa | Campo | Camporrélls | Capella | Casbas de Huesca | Castejón de Sos | Castigaleu | Castillonroy | Chía | Estada | Estadilla | Estopiñán del Castillo | Fonz | Foradada del Toscar | Fueva, La | Grado, El | Graus | Ibieca | Isábena | Labuerda | Lascuarre | Laspaúles | Laspuña | Monesma y Cajigar | Montanuy | Naval | Olvena | Perarrúa | Plan | Puebla de Castro, La | Puente de Montañana | Pueyo de Araguás, El | Puértolas | Sahún | San Juan de Plan | Santaliestra y San Quílez | Secastilla | Seira | Sesué | Siétamo | Sopeira | Tella-Sin | Tolva | Torre la Ribera | Valle de Bardají | Valle de Lierp | Viacamp y Litera | Villanova",1,Huesca,4129.0982844077425,658.4743664926548,0.11967056410116289,775451.3633308316,4688753.997686715,720377.4637000002,4633975.4505,810661.0453000003,4730958.2337
9,21572,20367.4776119403,1204.5223880597005,0.0591394973402871,1.059139497340287,16293.98208955224,35643.085820895525,True,18,11,Benasque | Bielsa | Canfranc | Fanlo | Gistaín | Jaca | Panticosa | Sallent de Gállego | Santa Cilia | Torla-Ordesa | Valle de Hecho,1,Huesca,1885.0797847347826,611.9436796033665,0.06325818004914603,730492.4778950722,4726478.423620477,678249.9572000001,4698593.1215,803652.0425000004,4747403.959799999
10,21469,20367.4776119403,1101.5223880597005,0.05408241555713999,1.05408241555714,16293.98208955224,35643.085820895525,True,26,16,Abiego | Alberuela de Tubo | Alquézar | Barbastro | Berbegal | Castelflorite | Castillazuelo | Hoz y Costean | Huerto | Laperdiguera | Peralta de Alcofea | Peraltilla | Pozán de Vero | Salas Altas | Salas Bajas | Santa María de Dulcis,1,Huesca,661.9441984449867,294.88780333232774,0.09565719099343178,748034.4727249057,4654453.695913713,724743.1725000003,4628830.825200001,765577.4719000002,4679021.6118
11,18367,20367.4776119403,-2000.4776119402995,-0.0982192125139508,0.9017807874860492,16293.98208955224,35643.085820895525,True,11,1,Teruel,1,Teruel,85.35656167599386,44.374048657029626,0.5447392469237199,665346.4200832269,4461918.293769368,660221.4265999999,4454827.9848,669833.6174999997,4467840.146299999
12,19552,20367.4776119403,-815.4776119402995,-0.04003822306706409,0.9599617769329359,16293.98208955224,35643.085820895525,True,47,38,"Ababuj | Aguilar del Alfambra | Alfambra | Alloza | Anadón | Andorra | Camarillas | Castel de Cabra | Cañizar del Olivar | Celadas | Crivillén | Cuevas de Almudén | Escorihuela | Escucha | Estercuel | Fuentes Calientes | Galve | Gargallo | Hinojosa de Jarque | Hoz de la Vieja, La | Híjar | Jarque de la Val | Maicas | Martín del Río | Mata de los Olmos, La | Mezquita de Jarque | Miravete de la Sierra | Montalbán | Oliete | Olmos, Los | Orrios | Palomar de Arroyos | Pancrudo | Perales del Alfambra | Urrea de Gaén | Utrillas | Vinaceite | Zoma, La",1,Teruel,2096.5261610017124,565.8875647322685,0.08227158211230187,688522.9494082958,4520162.941068718,651465.7877000002,4476812.977499999,727374.3683000002,4577415.464299999
13,19569,20367.4776119403,-798.4776119402995,-0.03920355908343787,0.9607964409165621,16293.98208955224,35643.085820895525,True,23,13,"Allepuz | Corbalán | Cubla | Cuevas Labradas | Formiche Alto | Fortanete | Jorcas | Peralejos | Pobo, El | Rubiales | Teruel | Tormón | Villel",1,Teruel,1108.5409497529745,412.9812748241774,0.08167720798115208,672605.2540028386,4473090.321495312,637890.8469000002,4444885.0756,716126.8305000002,4496088.6296999995
14,19785,20367.4776119403,-582.4776119402995,-0.02859841670324586,0.9714015832967542,16293.98208955224,35643.085820895525,True,19,9,"Alcañiz | Azaila | Castelnou | Castelserás | Jatiel | Mazaleón | Puebla de Híjar, La | Samper de Calanda | Torrevelilla",1,Teruel,956.7753128485988,246.56358729659067,0.1977706973359876,733240.6288884528,4555149.469953652,702309.3487,4529363.2831,764734.4091999996,4581080.2819
15,19556,20367.4776119403,-811.4776119402995,-0.03984183154150498,0.960158168458495,16293.98208955224,35643.085820895525,True,72,71,"Abejuela | Albarracín | Albentosa | Alcalá de la Selva | Alobras | Arcos de las Salinas | Bezas | Bordón | Cabra de Mora | Calomarde | Camarena de la Sierra | Camañas | Cantavieja | Cascante del Río | Castellar, El | Castellote | Cañada de Benatanduz | Cedrillas | Cella | Cuba, La | Cuervo, El | Frías de Albarracín | Fuentes de Rubielos | Gea de Albarracín | Griegos | Guadalaviar | Gúdar | Iglesuela del Cid, La | Jabaloyas | Libros | Linares de Mora | Manzanera | Mirambel | Monteagudo del Castillo | Monterde de Albarracín | Mora de Rubielos | Moscardón | Mosqueruela | Noguera de Albarracín | Nogueruelas | Olba | Parras de Castellote, Las | Pitarque | Puebla de Valverde, La | Puertomingalvo | Riodeva | Royuela | Rubielos de Mora | Saldón | San Agustín | Sarrión | Seno | Terriente | Toril y Masegoso | Torres de Albarracín | Torrijas | Tramacastiel | Tramacastilla | Tronchón | Valacloche | Valbona | Valdecuenca | Valdelinares | Vallecillo, El | Veguillas de la Sierra | Villar del Cobo | Villarluengo | Villarquemado | Villarroya de los Pinares | Villastar | Visiedo",1,Teruel,5034.064295201656,943.0833028444481,0.07112602048108718,676645.4247035371,4468773.5917223245,601295.6628999999,4412927.4376,736770.0691999998,4526964.482999999
16,19537,20367.4776119403,-830.4776119402995,-0.04077469128791076,0.9592253087120892,16293.98208955224,35643.085820895525,True,76,72,Aguatón | Alacón | Alba | Albalate del Arzobispo | Alcaine | Allueva | Almohaja | Alpeñés | Argente | Ariño | Barrachina | Bañón | Bea | Bello | Blancas | Blesa | Bronchales | Bueña | Burbáguena | Bádenas | Báguena | Calamocha | Caminreal | Castejón de Tornos | Cañada Vellida | Cortes de Aragón | Cosa | Cucalón | Ferreruela de Huerva | Fonfría | Fuenferrada | Fuentes Claras | Huesa del Común | Josa | Lagueruela | Lanzuela | Lidón | Loscos | Monforte de Moyuela | Monreal del Campo | Muniesa | Nogueras | Obón | Odón | Ojos Negros | Orihuela del Tremedal | Peracense | Plou | Pozondón | Pozuel del Campo | Rillo | Rubielos de la Cérida | Ródenas | Salcedillo | San Martín del Río | Santa Cruz de Nogueras | Santa Eulalia | Segura de los Baños | Singra | Tornos | Torralba de los Sisones | Torre de las Arcas | Torre los Negros | Torrecilla del Rebollar | Torrelacárcel | Torremocha de Jiloca | Torrijo del Campo | Villafranca del Campo | Villahermosa del Campo | Villanueva del Rebollar de la Sierra | Villar del Salz | Vivel del Río Martín,1,Teruel,3643.3474901549953,599.2252987096629,0.12750586963352958,655933.9158056682,4526228.772686317,609932.7468999997,4481860.0879,714237.3195000002,4564547.514699999
17,19725,20367.4776119403,-642.4776119402995,-0.03154428958663253,0.9684557104133674,16293.98208955224,35643.085820895525,True,36,33,"Aguaviva | Alcorisa | Aliaga | Arens de Lledó | Beceite | Belmonte de San José | Berge | Calaceite | Calanda | Cañada de Verich, La | Cerollera, La | Codoñera, La | Cretas | Ejulve | Foz-Calanda | Fresneda, La | Fuentespalda | Fórnoles | Ginebrosa, La | Lledó | Mas de las Matas | Molinos | Monroyo | Peñarroya de Tastavins | Portellada, La | Ráfales | Torre de Arcas | Torre del Compte | Torrecilla de Alcañiz | Valdealgorfa | Valdeltormo | Valderrobres | Valjunquera",1,Teruel,1873.525478569908,400.0742928714082,0.14709170259584187,740119.3944739095,4526291.58565725,687638.0535000004,4491679.670499999,777133.4205,4551750.893200001
18,19337,20367.4776119403,-1030.4776119402995,-0.050594267565866324,0.9494057324341337,16293.98208955224,35643.085820895525,True,14,1,Zaragoza,1,Zaragoza,5.134459005290312,14.248371844770517,0.3178147678564211,677858.0042386673,4616175.225003889,676712.3404999999,4614340.9626,679241.318,4617992.3936
19,19343,20367.4776119403,-1024.4776119402995,-0.05029968027752765,0.9497003197224724,16293.98208955224,35643.085820895525,True,13,1,Zaragoza,1,Zaragoza,3.636668819659773,15.993214831434345,0.17866606603128293,676074.1106380188,4615944.540724506,674617.5702,4613842.6997,677046.6190999998,4617609.701300001
20,19985,20367.4776119403,-382.47761194029954,-0.018778840425290294,0.9812211595747097,16293.98208955224,35643.085820895525,True,14,1,Zaragoza,1,Zaragoza,1.3370875634734194,6.730586058946631,0.3709060780129907,675537.8134077409,4615958.305051608,674395.2468999997,4615141.564300001,676397.4429000001,4616439.499500001
21,19989,20367.4776119403,-378.47761194029954,-0.018582448899731183,0.9814175511002688,16293.98208955224,35643.085820895525,True,16,1,Zaragoza,1,Zaragoza,0.5262205157313274,4.502737345139867,0.3261552782995295,676885.5107584853,4612330.813416571,676412.7061999999,4611709.8094999995,677403.9844000004,4612939.7806
22,20434,20367.4776119403,66.52238805970046,0.0032661083187199456,1.00326610831872,16293.98208955224,35643.085820895525,True,15,1,Zaragoza,1,Zaragoza,0.6280509046954519,6.705953710264342,0.17550262113081114,676689.0095914681,4611764.517284646,675863.5149999997,4610826.9154,677596.8664999995,4612442.333699999
23,19951,20367.4776119403,-416.47761194029954,-0.02044816839254274,0.9795518316074573,16293.98208955224,35643.085820895525,True,18,1,Zaragoza,1,Zaragoza,0.8939746038187728,5.562118619559983,0.36312366444301303,676229.0299304527,4612887.267461879,675664.6687000003,4612306.1569,676905.8737000003,4613531.7654
24,20168,20367.4776119403,-199.47761194029954,-0.009793928130960954,0.9902060718690391,16293.98208955224,35643.085820895525,True,15,1,Zaragoza,1,Zaragoza,1.800496426029183,12.21427855288896,0.15165840615996196,675047.4851986145,4611129.118103611,673841.2413999997,4609899.8825,676205.8087999998,4612010.2106
25,20391,20367.4776119403,23.52238805970046,0.0011548994189594993,1.0011548994189594,16293.98208955224,35643.085820895525,True,14,1,Zaragoza,1,Zaragoza,127.26224278246504,101.72485626472897,0.15454510962566403,676606.2726887648,4601735.695454066,670123.0681999996,4591180.7027,682430.2757000001,4611942.838199999
26,19873,20367.4776119403,-494.47761194029954,-0.024277803140945412,0.9757221968590546,16293.98208955224,35643.085820895525,True,14,1,Zaragoza,1,Zaragoza,1.625706798719868,8.910525038669554,0.2573033829120885,673191.7414006594,4612294.060119716,672033.8151000002,4611501.5364,674245.7989999996,4613191.7786
27,21099,20367.4776119403,731.5223880597005,0.035916199442922195,1.0359161994429222,16293.98208955224,35643.085820895525,True,16,1,Zaragoza,1,Zaragoza,0.5992404928941999,6.887521690544003,0.1587395180684551,676281.217604457,4611466.179753338,675595.2363999998,4610708.240700001,676839.3672000002,4612268.4350000005
28,19891,20367.4776119403,-476.47761194029954,-0.02339404127592941,0.9766059587240706,16293.98208955224,35643.085820895525,True,14,1,Zaragoza,1,Zaragoza,0.33848849718366375,3.5775897085974906,0.33233242270576696,673876.992440993,4613113.333851408,673433.7429,4612679.412699999,674396.3995000003,4613661.5057
29,20178,20367.4776119403,-189.47761194029954,-0.009302949317063176,0.9906970506829368,16293.98208955224,35643.085820895525,True,15,1,Zaragoza,1,Zaragoza,0.4031080338722704,4.289801163460943,0.2752688017222211,674661.1672626878,4613367.909953445,674264.7668000003,4612740.9605,675087.1646999996,4613817.119100001
30,20060,20367.4776119403,-307.47761194029954,-0.015096499321056958,0.9849035006789431,16293.98208955224,35643.085820895525,True,14,1,Zaragoza,1,Zaragoza,0.8618220335392137,7.718689850086049,0.18177756267791817,676264.3025779341,4610568.830784141,675342.9079,4609960.542300001,677030.9771999996,4611203.474199999
31,20082,20367.4776119403,-285.47761194029954,-0.014016345930481847,0.9859836540695182,16293.98208955224,35643.085820895525,True,16,1,Zaragoza,1,Zaragoza,0.6185841479924533,5.416991788967669,0.26490630554947714,674579.4473026764,4612701.711036612,673999.1944000004,4612266.2848000005,675288.5587999998,4613274.855
32,19776,20367.4776119403,-591.4776119402995,-0.02904029763575386,0.9709597023642461,16293.98208955224,35643.085820895525,True,11,1,Zaragoza,1,Zaragoza,2.174671293439626,9.815682844507714,0.28363671759997744,672258.6031779875,4612770.3227744745,670992.8606000002,4611387.9077,673159.7939999998,4614050.713099999
33,20003,20367.4776119403,-364.47761194029954,-0.017895078560274294,0.9821049214397257,16293.98208955224,35643.085820895525,True,13,1,Zaragoza,1,Zaragoza,0.942711555152837,5.921194350958474,0.33788589467371194,676724.1513073513,4613643.348499219,675807.1639,4613052.817,677639.909,4614035.411800001
34,20257,20367.4776119403,-110.47761194029954,-0.005424216687270728,0.9945757833127292,16293.98208955224,35643.085820895525,True,18,1,Zaragoza,1,Zaragoza,0.5673819078562967,4.929737309555152,0.2933849231307459,675541.2256231557,4612374.135098669,675050.0422,4611778.0951000005,676014.2193,4613008.5485
35,20263,20367.4776119403,-104.47761194029954,-0.005129629398932061,0.994870370601068,16293.98208955224,35643.085820895525,True,16,1,Zaragoza,1,Zaragoza,1.5725796132269942,7.301890546587259,0.37063964210199407,678218.9394919821,4613339.622244793,677229.9808,4612633.1117,679211.8978000004,4614085.0030000005
36,19471,20367.4776119403,-896.4776119402995,-0.044015151459636095,0.9559848485403639,16293.98208955224,35643.085820895525,True,16,1,Zaragoza,1,Zaragoza,0.49609667815502423,5.445938985843944,0.21019899744860493,677209.4612514271,4612912.195202528,676568.4020999996,4612139.759,677691.7253999999,4613619.003900001
37,19100,20367.4776119403,-1267.4776119402995,-0.06223046545524367,0.9377695345447563,16293.98208955224,35643.085820895525,True,13,1,Zaragoza,1,Zaragoza,0.6535440247256816,6.0249046643841995,0.22624779428986794,677342.8711277702,4614216.175663797,676613.2297,4613553.7302,677946.4709999999,4614869.356899999
38,19710,20367.4776119403,-657.4776119402995,-0.032280757807479195,0.9677192421925208,16293.98208955224,35643.085820895525,True,16,1,Zaragoza,1,Zaragoza,2.830760131057539,9.626418348956305,0.38386938004623405,678824.405027788,4614944.215067285,677672.1001000004,4613464.5011,679663.807,4616371.6839000005
39,19910,20367.4776119403,-457.47761194029954,-0.02246118152952363,0.9775388184704764,16293.98208955224,35643.085820895525,True,18,1,Zaragoza,1,Zaragoza,5.12980438614329,12.190947728004177,0.43374624727548844,679118.9860322033,4611830.074155937,677497.0438000001,4610174.2204,680357.4890000001,4613226.168500001
40,19861,20367.4776119403,-506.47761194029954,-0.024866977717622744,0.9751330222823773,16293.98208955224,35643.085820895525,True,14,1,Zaragoza,1,Zaragoza,2.292283523748432,9.89646167035055,0.29411576436313375,677897.0040693707,4611207.028332666,676826.7293999996,4609920.6361,678707.8735999996,4612496.9399999995
41,18955,20367.4776119403,-1412.4776119402995,-0.06934965825676145,0.9306503417432386,16293.98208955224,35643.085820895525,True,13,1,Zaragoza,1,Zaragoza,0.9625652712210544,6.772211254911746,0.26374185606067446,675626.2132148925,4614901.657417756,675007.6726000002,4613919.1248,676281.1073000003,4615535.053099999
42,20821,20367.4776119403,453.52238805970046,0.022266988416563962,1.022266988416564,16293.98208955224,35643.085820895525,True,16,1,Zaragoza,1,Zaragoza,1.1008145712335673,7.500436844551188,0.24589568995552136,673547.7023151272,4613592.626743919,672824.3651999999,4612750.213300001,674515.9665999999,4614198.3617
43,20187,20367.4776119403,-180.47761194029954,-0.008861068384555176,0.9911389316154449,16293.98208955224,35643.085820895525,True,17,1,Zaragoza,1,Zaragoza,1.1883286765118786,8.747252368116584,0.19516553587822827,674428.4265857034,4611868.626863613,673622.2405000003,4610747.3025,675275.1937999995,4612671.0766
44,20387,20367.4776119403,19.52238805970046,0.000958507893400388,1.0009585078934005,16293.98208955224,35643.085820895525,True,11,1,Zaragoza,1,Zaragoza,54.6789617550157,37.03691926070049,0.5009108213525382,667784.4499191032,4606962.002908457,661590.7412,4601541.8429000005,673276.8420000002,4611160.694499999
45,19672,20367.4776119403,-695.4776119402995,-0.03414647730029075,0.9658535226997093,16293.98208955224,35643.085820895525,True,14,1,Zaragoza,1,Zaragoza,0.5578722276606004,4.166133402742411,0.4039040994677046,675582.0687242992,4613524.00518618,675208.2346000001,4612806.417099999,676021.2451999998,4614062.7696
46,19492,20367.4776119403,-875.4776119402995,-0.04298409595045076,0.9570159040495493,16293.98208955224,35643.085820895525,True,16,1,Zaragoza,1,Zaragoza,0.4851534977015228,4.893786226158949,0.25456520499586455,675119.4706879592,4613135.294231068,674659.1627000002,4612353.771600001,675438.3531999998,4613704.2831
47,19873,20367.4776119403,-494.47761194029954,-0.024277803140945412,0.9757221968590546,16293.98208955224,35643.085820895525,True,14,1,Zaragoza,1,Zaragoza,1.7646981139731868,7.157735218270388,0.4328416341841993,674581.5502334484,4614364.689663299,672863.6394999996,4613634.7456,675649.4499000004,4614971.5594999995
48,21132,20367.4776119403,764.5223880597005,0.037536429528784866,1.0375364295287848,16293.98208955224,35643.085820895525,True,12,1,Zaragoza,1,Zaragoza,1.8884976401526141,9.167048311038979,0.28240167626787777,677375.0293357484,4610040.942298227,676577.5592999998,4608985.461999999,678310.8053000001,4611531.2641
49,19220,20367.4776119403,-1147.4776119402995,-0.056338719688470325,0.9436612803115296,16293.98208955224,35643.085820895525,True,11,1,Zaragoza,1,Zaragoza,46.72174788025553,51.88513035470677,0.21809370038619197,670462.2711425584,4617461.540484733,667064.6574999997,4611442.418299999,675372.9945999999,4625467.786800001
50,20092,20367.4776119403,-275.47761194029954,-0.013525367116584069,0.986474632883416,16293.98208955224,35643.085820895525,True,11,1,Zaragoza,1,Zaragoza,170.46025883582703,112.6723469666657,0.16873233869386275,684455.7760235484,4603484.26880385,677249.0689000003,4591394.0699000005,693491.5866999999,4621821.6139
51,18965,20367.4776119403,-1402.4776119402995,-0.06885867944286367,0.9311413205571363,16293.98208955224,35643.085820895525,True,12,1,Zaragoza,1,Zaragoza,372.4009325730031,154.0450888074624,0.1972081731938294,670969.846478364,4629562.603820797,655931.9020999996,4615611.699999999,692027.5005000001,4644176.1731
52,19427,20367.4776119403,-940.4776119402995,-0.04617545824078632,0.9538245417592137,16293.98208955224,35643.085820895525,True,16,4,Biota | Ejea de los Caballeros | Layana | Sádaba,1,Zaragoza,871.6165559842663,149.9981666532533,0.48681441886056404,647523.4215632362,4669863.864297644,630615.9137000004,4650480.7281,664117.3507000003,4689109.704
53,21358,20367.4776119403,990.5223880597005,0.04863255072287465,1.0486325507228746,16293.98208955224,35643.085820895525,True,18,5,Aniñón | Calatayud | Cervera de la Cañada | Sediles | Torralba de Ribota,1,Zaragoza,280.0699033355942,96.52555714428838,0.3777388653296365,612496.1722937244,4584478.869423766,600133.4633,4573792.001,627216.4316999996,4598854.146400001
54,22150,20367.4776119403,1782.5223880597005,0.08751807278357868,1.0875180727835787,16293.98208955224,35643.085820895525,True,68,66,Abanto | Agón | Ainzón | Alarba | Alberite de San Juan | Albeta | Alcalá de Moncayo | Alconchel de Ariza | Aldehuela de Liestos | Ambel | Aranda de Moncayo | Ariza | Ateca | Añón de Moncayo | Berdejo | Bijuesca | Bisimbre | Bordalba | Bureta | Cabolafuente | Calcena | Calmarza | Campillo de Aragón | Castejón de las Armas | Cimballa | Clarés de Ribota | Cubel | Embid de Ariza | Fréscano | Fuendejalón | Gallur | Godojos | Grisel | Litago | Lituénigo | Lumpiaque | Magallón | Malanquilla | Monreal de Ariza | Monterde | Moros | Novillas | Olvés | Oseja | Pedrola | Plasencia de Jalón | Pomer | Pozuel de Ariza | Pozuelo de Aragón | Pradilla de Ebro | Purujosa | Remolinos | Rueda de Jalón | San Martín de la Virgen de Moncayo | Santa Cruz de Moncayo | Sisamón | Tabuenca | Talamantes | Tierga | Torralba de los Frailes | Torrehermosa | Torrelapaja | Torrijo de la Cañada | Trasmoz | Trasobares | Villalengua,1,Zaragoza,2664.3516631565712,712.1677999590531,0.06601410551389926,609014.1385290448,4597564.8515562825,569192.3797000004,4536188.1132,657591.1464999998,4645664.0439
55,21833,20367.4776119403,1465.5223880597005,0.07195404438301911,1.0719540443830191,16293.98208955224,35643.085820895525,True,22,12,"Borja | Bulbuente | Buste, El | Fayos, Los | Maleján | Mallén | Malón | Novallas | Tarazona | Torrellas | Vera de Moncayo | Vierlas",1,Zaragoza,474.95095538752935,207.11198169968225,0.13913877690520507,610876.522007421,4638154.179811504,594015.8274999997,4620620.118100001,636185.0179000003,4651289.6502
56,21400,20367.4776119403,1032.5223880597005,0.05069466174124532,1.0506946617412454,16293.98208955224,35643.085820895525,True,15,7,Alagón | Alcalá de Ebro | Boquiñeni | Cabañas de Ebro | Luceni | Pinseque | Tauste,1,Zaragoza,509.62834266030717,187.73005456169875,0.18171711127209086,649316.2131144551,4642134.266367507,633719.8300000001,4619371.4022,667557.9955000002,4655934.668099999
57,19834,20367.4776119403,-533.4776119402995,-0.026192620515146744,0.9738073794848533,16293.98208955224,35643.085820895525,True,40,35,"Ardisa | Artieda | Asín | Bagüés | Biel | Castejón de Valdejasa | Castiliscar | Erla | Frago, El | Isuerre | Leciñena | Lobera de Onsella | Longás | Luesia | Luna | Marracos | Mianos | Murillo de Gállego | Navardún | Orés | Pedrosas, Las | Piedratajada | Pintanos, Los | Puendeluna | Salvatierra de Esca | Santa Eulalia de Gállego | Sierra de Luna | Sigüés | Sos del Rey Católico | Uncastillo | Undués de Lerda | Urriés | Valpalmas | Villanueva de Gállego | Zuera",1,Zaragoza,2666.866359659347,578.0207935595439,0.10030537210778129,668440.0596377236,4678652.425065083,635047.2867999999,4621748.118799999,706991.9468999999,4734510.991
58,21905,20367.4776119403,1537.5223880597005,0.07548909184308311,1.075489091843083,16293.98208955224,35643.085820895525,True,17,12,"Alfajarín | Almolda, La | Farlete | Monegrillo | Nuez de Ebro | Osera de Ebro | Perdiguera | Pina de Ebro | Puebla de Alfindén, La | San Mateo de Gállego | Villafranca de Ebro | Villamayor de Gállego",1,Zaragoza,1251.7343828418843,272.63888919289525,0.21161499495180439,707864.1784456492,4610241.052763133,682247.0904000001,4589945.233999999,737256.8948999997,4642603.3674
59,21405,20367.4776119403,1037.5223880597005,0.05094015114819421,1.0509401511481942,16293.98208955224,35643.085820895525,True,18,13,"Almunia de Doña Godina, La | Alpartir | Arándiga | Brea de Aragón | Calatorao | Chodes | Illueca | Lucena de Jalón | Mesones de Isuela | Morata de Jalón | Nigüella | Ricla | Salillas de Jalón",1,Zaragoza,464.45444327760947,122.56096892291676,0.3885515221506429,629959.0464588034,4596754.243329339,610384.5603,4581434.9899,649266.7070000004,4609310.092499999
60,20044,20367.4776119403,-323.47761194029954,-0.015882065423293405,0.9841179345767066,16293.98208955224,35643.085820895525,True,9,2,Cadrete | Cuarte de Huerva,1,Zaragoza,20.712782390910032,36.28044745317401,0.197743873563337,671381.0583971407,4603535.391469055,668270.6710000001,4598213.819499999,674535.1622000001,4608484.779200001
61,21703,20367.4776119403,1335.5223880597005,0.065571319802348,1.065571319802348,16293.98208955224,35643.085820895525,True,21,14,"Alborge | Alforque | Bujaraloz | Caspe | Chiprana | Cinco Olivas | Escatrón | Fabara | Fayón | Maella | Mequinenza | Nonaspe | Sástago | Zaida, La",1,Zaragoza,1858.4435284404908,266.27200023876355,0.32938834758101454,751029.7756661493,4574231.524438088,710838.4419,4548370.9737,783587.2506999997,4602086.8759
62,21764,20367.4776119403,1396.5223880597005,0.06856629056712445,1.0685662905671245,16293.98208955224,35643.085820895525,True,13,3,Sobradiel | Torres de Berrellén | Utebo,1,Zaragoza,83.03850187781765,87.8519592328704,0.13520304308998915,660256.8784761376,4627657.722053208,651847.9226000002,4617399.307399999,669140.2856999999,4639046.8105
63,22229,20367.4776119403,1861.5223880597005,0.09139680541337113,1.0913968054133711,16293.98208955224,35643.085820895525,True,13,2,"Joyosa, La | Zaragoza",1,Zaragoza,164.0916219582027,106.57352923050324,0.181550552989279,660701.8908722603,4615177.475223208,652065.3162000002,4598508.902799999,672932.4506000001,4625128.9102
64,21897,20367.4776119403,1529.5223880597005,0.0750963087919649,1.075096308791965,16293.98208955224,35643.085820895525,True,77,75,"Acered | Aguarón | Aguilón | Alhama de Aragón | Almonacid de la Sierra | Anento | Atea | Azuara | Badules | Balconchán | Belmonte de Gracián | Berrueco | Bubierca | Carenas | Cariñena | Castejón de Alarba | Cetina | Codos | Contamina | Cosuenda | Cuerlas, Las | Daroca | Encinacorba | Fombuena | Frasno, El | Fuentes de Jiloca | Gallocanta | Gotor | Herrera de los Navarros | Ibdes | Jaraba | Jarque de Moncayo | Langa del Castillo | Lechón | Luesma | Mainar | Maluenda | Manchones | Mara | Miedes de Aragón | Montón | Morata de Jiloca | Morés | Munébrega | Murero | Nombrevilla | Nuévalos | Orcajo | Orera | Paracuellos de Jiloca | Paracuellos de la Ribera | Retascón | Romanos | Ruesca | Sabiñán | Santa Cruz de Grío | Santed | Sestrica | Terrer | Tobed | Torralbilla | Used | Val de San Martín | Valdehorna | Valtorres | Velilla de Jiloca | Villadoz | Villafeliche | Villalba de Perejil | Villanueva de Jiloca | Villarreal de Huerva | Villarroya de la Sierra | Villarroya del Campo | Vilueña, La | Vistabella",1,Zaragoza,2556.432775197687,608.8113481414246,0.08667198894617908,629371.0455817267,4567650.761398908,582343.3755999999,4532634.1251,681960.4038000004,4606678.1416
65,21921,20367.4776119403,1553.5223880597005,0.07627465794531957,1.0762746579453195,16293.98208955224,35643.085820895525,True,36,32,"Aladrén | Alfamén | Almochuel | Almonacid de la Cuba | Belchite | Burgo de Ebro, El | Cerveruela | Codo | Fuendetodos | Fuentes de Ebro | Gelsa | Jaulín | Lagata | Letux | Longares | Lécera | Mediana de Aragón | Mezalocha | Moneva | Moyuela | Muel | Paniza | Pastriz | Plenas | Puebla de Albortón | Quinto | Samper del Salz | Tosos | Valmadrid | Velilla de Ebro | Villanueva de Huerva | Villar de los Navarros",1,Zaragoza,2025.1154110009134,497.9574785527694,0.10263018795708884,681576.7396980309,4580027.715995986,641752.5515000001,4549150.820499999,727129.7636000002,4611652.137399999
66,21645,20367.4776119403,1277.5223880597005,0.06272364268174088,1.0627236426817408,16293.98208955224,35643.085820895525,True,19,11,"Bardallur | Botorrita | Bárboles | Figueruelas | Grisén | María de Huerva | Mozota | Muela, La | Pleitas | Urrea de Jalón | Épila",1,Zaragoza,566.3355745908932,203.84701949487092,0.17126750660352066,652666.2355787461,4605145.310249056,624601.7041999996,4588143.8214,674176.5883999998,4628675.956800001
